1,16x16,c,latency,0,4096,1270368,31754,2311070192
1,16x16,c,latency,1,4096,1291768,32290,2311070192
1,16x16,c,latency,2,4096,1262648,31563,2311070192
1,16x16,c,latency,3,4096,1264487,31608,2311070192
1,16x16,c,latency,4,4096,1271608,31787,2311070192
1,16x16,c,latency,5,4096,1265088,31624,2311070192
1,16x16,c,latency,6,4096,1268848,31717,2311070192
1,16x16,c,latency,7,4096,1276488,31909,2311070192
1,16x16,c,latency,8,4096,1262448,31558,2311070192
1,16x16,c,latency,9,4096,1262328,31555,2311070192
1,16x16,c,latency,10,4096,1284088,32098,2311070192
1,16x16,c,latency,11,4096,1264127,31600,2311070192
1,16x16,c,latency,12,4096,1270648,31763,2311070192
1,16x16,c,latency,13,4096,1283168,32076,2311070192
1,16x16,c,latency,14,4096,1265488,31634,2311070192
1,16x16,c,latency,15,4096,1262168,31551,2311070192
1,16x16,c,latency,16,4096,1261928,31545,2311070192
1,16x16,c,latency,17,4096,1281928,32045,2311070192
1,16x16,c,latency,18,4096,1262168,31551,2311070192
1,16x16,c,latency,19,4096,1262087,31549,2311070192
1,16x16,c,latency,20,4096,1288808,32217,2311070192
1,16x16,c,latency,21,4096,1264888,31619,2311070192
1,16x16,c,latency,22,4096,1289128,32223,2311070192
1,16x16,c,latency,23,4096,1283928,32094,2311070192
1,16x16,c,latency,24,4096,1263848,31593,2311070192
1,16x16,c,latency,25,4096,1264888,31619,2311070192
1,16x16,c,latency,26,4096,1268408,31707,2311070192
1,16x16,c,latency,27,4096,1264928,31620,2311070192
1,16x16,c,latency,28,4096,1287808,32191,2311070192
1,16x16,c,latency,29,4096,1279728,31990,2311070192
2,16x16,c,latency,0,4096,1293249,32327,2311070192
2,16x16,c,latency,1,4096,1263967,31597,2311070192
2,16x16,c,latency,2,4096,1259168,31476,2311070192
2,16x16,c,latency,3,4096,1258728,31466,2311070192
2,16x16,c,latency,4,4096,1304128,32600,2311070192
2,16x16,c,latency,5,4096,1259408,31483,2311070192
2,16x16,c,latency,6,4096,1258768,31467,2311070192
2,16x16,c,latency,7,4096,1289168,32226,2311070192
2,16x16,c,latency,8,4096,1261328,31531,2311070192
2,16x16,c,latency,9,4096,1259047,31474,2311070192
2,16x16,c,latency,10,4096,1264968,31621,2311070192
2,16x16,c,latency,11,4096,1261088,31525,2311070192
2,16x16,c,latency,12,4096,1263088,31575,2311070192
2,16x16,c,latency,13,4096,1277048,31924,2311070192
2,16x16,c,latency,14,4096,1263848,31594,2311070192
2,16x16,c,latency,15,4096,1263328,31580,2311070192
2,16x16,c,latency,16,4096,1278767,31966,2311070192
2,16x16,c,latency,17,4096,1260648,31513,2311070192
2,16x16,c,latency,18,4096,1260488,31510,2311070192
2,16x16,c,latency,19,4096,1277048,31923,2311070192
2,16x16,c,latency,20,4096,1259288,31480,2311070192
2,16x16,c,latency,21,4096,1258768,31467,2311070192
2,16x16,c,latency,22,4096,1284448,32109,2311070192
2,16x16,c,latency,23,4096,1261767,31542,2311070192
2,16x16,c,latency,24,4096,1258848,31469,2311070192
2,16x16,c,latency,25,4096,1259048,31473,2311070192
2,16x16,c,latency,26,4096,1290728,32263,2311070192
2,16x16,c,latency,27,4096,1261408,31532,2311070192
2,16x16,c,latency,28,4096,1261168,31526,2311070192
2,16x16,c,latency,29,4096,1285648,32138,2311070192
3,16x16,c,latency,0,4096,1273608,31836,2311070192
3,16x16,c,latency,1,4096,1263688,31588,2311070192
3,16x16,c,latency,2,4096,1263288,31578,2311070192
3,16x16,c,latency,3,4096,1279568,31986,2311070192
3,16x16,c,latency,4,4096,1265328,31631,2311070192
3,16x16,c,latency,5,4096,1262728,31566,2311070192
3,16x16,c,latency,6,4096,1272448,31807,2311070192
3,16x16,c,latency,7,4096,1287408,32182,2311070192
3,16x16,c,latency,8,4096,1264647,31612,2311070192
3,16x16,c,latency,9,4096,1274408,31856,2311070192
3,16x16,c,latency,10,4096,1264328,31605,2311070192
3,16x16,c,latency,11,4096,1264888,31618,2311070192
3,16x16,c,latency,12,4096,1282888,32068,2311070192
3,16x16,c,latency,13,4096,1263368,31580,2311070192
3,16x16,c,latency,14,4096,1263128,31575,2311070192
3,16x16,c,latency,15,4096,1291768,32291,2311070192
3,16x16,c,latency,16,4096,1262448,31558,2311070192
3,16x16,c,latency,17,4096,1262167,31551,2311070192
3,16x16,c,latency,18,4096,1277688,31939,2311070192
3,16x16,c,latency,19,4096,1262848,31568,2311070192
3,16x16,c,latency,20,4096,1274368,31854,2311070192
3,16x16,c,latency,21,4096,1282208,32052,2311070192
3,16x16,c,latency,22,4096,1265808,31642,2311070192
3,16x16,c,latency,23,4096,1262408,31557,2311070192
3,16x16,c,latency,24,4096,1261888,31545,2311070192
3,16x16,c,latency,25,4096,1279847,31993,2311070192
3,16x16,c,latency,26,4096,1265608,31637,2311070192
3,16x16,c,latency,27,4096,1262808,31567,2311070192
3,16x16,c,latency,28,4096,1279768,31988,2311070192
3,16x16,c,latency,29,4096,1266568,31661,2311070192
4,16x16,c,latency,0,4096,1268928,31718,2311070192
4,16x16,c,latency,1,4096,1262248,31553,2311070192
4,16x16,c,latency,2,4096,1287208,32178,2311070192
4,16x16,c,latency,3,4096,1269688,31739,2311070192
4,16x16,c,latency,4,4096,1260528,31510,2311070192
4,16x16,c,latency,5,4096,1269168,31727,2311070192
4,16x16,c,latency,6,4096,1260608,31512,2311070192
4,16x16,c,latency,7,4096,1262527,31560,2311070192
4,16x16,c,latency,8,4096,1289568,32237,2311070192
4,16x16,c,latency,9,4096,1260128,31500,2311070192
4,16x16,c,latency,10,4096,1262008,31547,2311070192
4,16x16,c,latency,11,4096,1279288,31981,2311070192
4,16x16,c,latency,12,4096,1260088,31500,2311070192
4,16x16,c,latency,13,4096,1259328,31481,2311070192
4,16x16,c,latency,14,4096,1272208,31802,2311070192
4,16x16,c,latency,15,4096,1259607,31488,2311070192
4,16x16,c,latency,16,4096,1260128,31499,2311070192
4,16x16,c,latency,17,4096,1273168,31826,2311070192
4,16x16,c,latency,18,4096,1263128,31576,2311070192
4,16x16,c,latency,19,4096,1260208,31501,2311070192
4,16x16,c,latency,20,4096,1259568,31487,2311070192
4,16x16,c,latency,21,4096,1293928,32345,2311070192
4,16x16,c,latency,22,4096,1262887,31569,2311070192
4,16x16,c,latency,23,4096,1261568,31536,2311070192
4,16x16,c,latency,24,4096,1277648,31938,2311070192
4,16x16,c,latency,25,4096,1262848,31569,2311070192
4,16x16,c,latency,26,4096,1259528,31484,2311070192
4,16x16,c,latency,27,4096,1274928,31870,2311070192
4,16x16,c,latency,28,4096,1260168,31502,2311070192
4,16x16,c,latency,29,4096,1261727,31540,2311070192
5,16x16,c,latency,0,4096,1272208,31799,2311070192
5,16x16,c,latency,1,4096,1286128,32150,2311070192
5,16x16,c,latency,2,4096,1262808,31567,2311070192
5,16x16,c,latency,3,4096,1262928,31570,2311070192
5,16x16,c,latency,4,4096,1273808,31842,2311070192
5,16x16,c,latency,5,4096,1262087,31548,2311070192
5,16x16,c,latency,6,4096,1261807,31543,2311070192
5,16x16,c,latency,7,4096,1279448,31983,2311070192
5,16x16,c,latency,8,4096,1262688,31563,2311070192
5,16x16,c,latency,9,4096,1261928,31545,2311070192
5,16x16,c,latency,10,4096,1281968,32045,2311070192
5,16x16,c,latency,11,4096,1265408,31632,2311070192
5,16x16,c,latency,12,4096,1262328,31554,2311070192
5,16x16,c,latency,13,4096,1261647,31538,2311070192
5,16x16,c,latency,14,4096,1277168,31926,2311070192
5,16x16,c,latency,15,4096,1264728,31615,2311070192
5,16x16,c,latency,16,4096,1268448,31708,2311070192
5,16x16,c,latency,17,4096,1280968,32021,2311070192
5,16x16,c,latency,18,4096,1283208,32077,2311070192
5,16x16,c,latency,19,4096,1263448,31583,2311070192
5,16x16,c,latency,20,4096,1280848,32018,2311070192
5,16x16,c,latency,21,4096,1262248,31553,2311070192
5,16x16,c,latency,22,4096,1264647,31613,2311070192
5,16x16,c,latency,23,4096,1279248,31978,2311070192
5,16x16,c,latency,24,4096,1262248,31552,2311070192
5,16x16,c,latency,25,4096,1262568,31561,2311070192
5,16x16,c,latency,26,4096,1281128,32025,2311070192
5,16x16,c,latency,27,4096,1262248,31553,2311070192
5,16x16,c,latency,28,4096,1262088,31549,2311070192
5,16x16,c,latency,29,4096,1284968,32120,2311070192
1,16x16,c,throughput,0,4096,1740411,43484,174720940
1,16x16,c,throughput,1,4096,1591290,39774,174720940
1,16x16,c,throughput,2,4096,1558209,38949,174720940
1,16x16,c,throughput,3,4096,1605010,40108,174720940
1,16x16,c,throughput,4,4096,1552130,38798,174720940
1,16x16,c,throughput,5,4096,1658970,41456,174720940
1,16x16,c,throughput,6,4096,1594650,39849,174720940
1,16x16,c,throughput,7,4096,1563770,39088,174720940
1,16x16,c,throughput,8,4096,1617170,40414,174720940
1,16x16,c,throughput,9,4096,1555009,38869,174720940
1,16x16,c,throughput,10,4096,1589450,39724,174720940
1,16x16,c,throughput,11,4096,1554090,38845,174720940
1,16x16,c,throughput,12,4096,1562170,39047,174720940
1,16x16,c,throughput,13,4096,1594850,39858,174720940
1,16x16,c,throughput,14,4096,1549929,38742,174720940
1,16x16,c,throughput,15,4096,1590570,39750,174720940
1,16x16,c,throughput,16,4096,1555330,38876,174720940
1,16x16,c,throughput,17,4096,1569050,39220,174720940
1,16x16,c,throughput,18,4096,1591649,39780,174720940
1,16x16,c,throughput,19,4096,1590290,39750,174720940
1,16x16,c,throughput,20,4096,1611410,40274,174720940
1,16x16,c,throughput,21,4096,1565090,39115,174720940
1,16x16,c,throughput,22,4096,1584650,39611,174720940
1,16x16,c,throughput,23,4096,1715371,42860,174720940
1,16x16,c,throughput,24,4096,1557689,38920,174720940
1,16x16,c,throughput,25,4096,1605930,40128,174720940
1,16x16,c,throughput,26,4096,1549530,38731,174720940
1,16x16,c,throughput,27,4096,1562610,39060,174720940
1,16x16,c,throughput,28,4096,1581009,39517,174720940
1,16x16,c,throughput,29,4096,1572010,39273,174720940
2,16x16,c,throughput,0,4096,1706370,42632,174720940
2,16x16,c,throughput,1,4096,1560330,38995,174720940
2,16x16,c,throughput,2,4096,1598250,39940,174720940
2,16x16,c,throughput,3,4096,1551130,38768,174720940
2,16x16,c,throughput,4,4096,1563769,39084,174720940
2,16x16,c,throughput,5,4096,1580090,39494,174720940
2,16x16,c,throughput,6,4096,1577610,39429,174720940
2,16x16,c,throughput,7,4096,1599010,39963,174720940
2,16x16,c,throughput,8,4096,1551010,38764,174720940
2,16x16,c,throughput,9,4096,1594369,39838,174720940
2,16x16,c,throughput,10,4096,1581489,39521,174720940
2,16x16,c,throughput,11,4096,1571210,39261,174720940
2,16x16,c,throughput,12,4096,1602810,40055,174720940
2,16x16,c,throughput,13,4096,1553050,38812,174720940
2,16x16,c,throughput,14,4096,1563609,39079,174720940
2,16x16,c,throughput,15,4096,1590290,39748,174720940
2,16x16,c,throughput,16,4096,1577530,39423,174720940
2,16x16,c,throughput,17,4096,1588530,39701,174720940
2,16x16,c,throughput,18,4096,1572330,39293,174720940
2,16x16,c,throughput,19,4096,1571489,39278,174720940
2,16x16,c,throughput,20,4096,1593170,39816,174720940
2,16x16,c,throughput,21,4096,1579650,39481,174720940
2,16x16,c,throughput,22,4096,1600610,40004,174720940
2,16x16,c,throughput,23,4096,1567770,39182,174720940
2,16x16,c,throughput,24,4096,1611690,40272,174720940
2,16x16,c,throughput,25,4096,1605170,40114,174720940
2,16x16,c,throughput,26,4096,1580970,39508,174720940
2,16x16,c,throughput,27,4096,1598050,39939,174720940
2,16x16,c,throughput,28,4096,1570889,39257,174720940
2,16x16,c,throughput,29,4096,1571890,38852,174720940
3,16x16,c,throughput,0,4096,1722091,43024,174720940
3,16x16,c,throughput,1,4096,1582850,39552,174720940
3,16x16,c,throughput,2,4096,1620570,40495,174720940
3,16x16,c,throughput,3,4096,1562690,39052,174720940
3,16x16,c,throughput,4,4096,1566369,39145,174720940
3,16x16,c,throughput,5,4096,1580529,39502,174720940
3,16x16,c,throughput,6,4096,1570730,39251,174720940
3,16x16,c,throughput,7,4096,1585210,39614,174720940
3,16x16,c,throughput,8,4096,1573250,39318,174720940
3,16x16,c,throughput,9,4096,1571009,39263,174720940
3,16x16,c,throughput,10,4096,1601890,40037,174720940
3,16x16,c,throughput,11,4096,1563530,39075,174720940
3,16x16,c,throughput,12,4096,1582370,39546,174720940
3,16x16,c,throughput,13,4096,1564570,39100,174720940
3,16x16,c,throughput,14,4096,2409775,60218,174720940
3,16x16,c,throughput,15,4096,1566489,39146,174720940
3,16x16,c,throughput,16,4096,1547250,38674,174720940
3,16x16,c,throughput,17,4096,1593850,39829,174720940
3,16x16,c,throughput,18,4096,1560810,39011,174720940
3,16x16,c,throughput,19,4096,1549809,38739,174720940
3,16x16,c,throughput,20,4096,1595170,39862,174720940
3,16x16,c,throughput,21,4096,1559730,38983,174720940
3,16x16,c,throughput,22,4096,1604810,40101,174720940
3,16x16,c,throughput,23,4096,1562889,39063,174720940
3,16x16,c,throughput,24,4096,1551490,38777,174720940
3,16x16,c,throughput,25,4096,1589050,39713,174720940
3,16x16,c,throughput,26,4096,1547210,38673,174720940
3,16x16,c,throughput,27,4096,1591529,39771,174720940
3,16x16,c,throughput,28,4096,1557930,38938,174720940
3,16x16,c,throughput,29,4096,1567010,39157,174720940
4,16x16,c,throughput,0,4096,1673410,41811,174720940
4,16x16,c,throughput,1,4096,1618130,40437,174720940
4,16x16,c,throughput,2,4096,1568050,39192,174720940
4,16x16,c,throughput,3,4096,1553889,38840,174720940
4,16x16,c,throughput,4,4096,1603529,40071,174720940
4,16x16,c,throughput,5,4096,1574250,39341,174720940
4,16x16,c,throughput,6,4096,1618290,40440,174720940
4,16x16,c,throughput,7,4096,1552250,38787,174720940
4,16x16,c,throughput,8,4096,1562330,39049,174720940
4,16x16,c,throughput,9,4096,1597650,39929,174720940
4,16x16,c,throughput,10,4096,1552609,38805,174720940
4,16x16,c,throughput,11,4096,1601050,40013,174720940
4,16x16,c,throughput,12,4096,1547490,38678,174720940
4,16x16,c,throughput,13,4096,1564889,39114,174720940
4,16x16,c,throughput,14,4096,1583409,39575,174720940
4,16x16,c,throughput,15,4096,1567090,39168,174720940
4,16x16,c,throughput,16,4096,1606610,40153,174720940
4,16x16,c,throughput,17,4096,1554450,38853,174720940
4,16x16,c,throughput,18,4096,1561089,39020,174720940
4,16x16,c,throughput,19,4096,1589570,39729,174720940
4,16x16,c,throughput,20,4096,1569170,39220,174720940
4,16x16,c,throughput,21,4096,1597330,39924,174720940
4,16x16,c,throughput,22,4096,1555770,38883,174720940
4,16x16,c,throughput,23,4096,1573089,39320,174720940
4,16x16,c,throughput,24,4096,1592930,39815,174720940
4,16x16,c,throughput,25,4096,1569290,39224,174720940
4,16x16,c,throughput,26,4096,1589330,39722,174720940
4,16x16,c,throughput,27,4096,1565730,39124,174720940
4,16x16,c,throughput,28,4096,1576289,39396,174720940
4,16x16,c,throughput,29,4096,1600690,40007,174720940
5,16x16,c,throughput,0,4096,1691530,42276,174720940
5,16x16,c,throughput,1,4096,1593570,39831,174720940
5,16x16,c,throughput,2,4096,1573090,39321,174720940
5,16x16,c,throughput,3,4096,1601610,40027,174720940
5,16x16,c,throughput,4,4096,1555450,38878,174720940
5,16x16,c,throughput,5,4096,1565609,39132,174720940
5,16x16,c,throughput,6,4096,1580730,39504,174720940
5,16x16,c,throughput,7,4096,1567490,39176,174720940
5,16x16,c,throughput,8,4096,1598770,39958,174720940
5,16x16,c,throughput,9,4096,1551610,38782,174720940
5,16x16,c,throughput,10,4096,1565049,39120,174720940
5,16x16,c,throughput,11,4096,1586770,39661,174720940
5,16x16,c,throughput,12,4096,1573930,39339,174720940
5,16x16,c,throughput,13,4096,1588570,39702,174720940
5,16x16,c,throughput,14,4096,1567970,39187,174720940
5,16x16,c,throughput,15,4096,1562769,39062,174720940
5,16x16,c,throughput,16,4096,1578530,39454,174720940
5,16x16,c,throughput,17,4096,1568210,39197,174720940
5,16x16,c,throughput,18,4096,1552009,38793,174720940
5,16x16,c,throughput,19,4096,1596530,39903,174720940
5,16x16,c,throughput,20,4096,1552330,38801,174720940
5,16x16,c,throughput,21,4096,1595730,39881,174720940
5,16x16,c,throughput,22,4096,1570010,39245,174720940
5,16x16,c,throughput,23,4096,1554089,38846,174720940
5,16x16,c,throughput,24,4096,1601610,40029,174720940
5,16x16,c,throughput,25,4096,1559730,38989,174720940
5,16x16,c,throughput,26,4096,1597770,39931,174720940
5,16x16,c,throughput,27,4096,1555969,38891,174720940
5,16x16,c,throughput,28,4096,1566489,39154,174720940
5,16x16,c,throughput,29,4096,1595010,39862,174720940
3,16x16,empty,latency,0,4096,6480,160,2135587861
3,16x16,empty,latency,1,4096,6200,154,2135587861
3,16x16,empty,latency,2,4096,6160,154,2135587861
3,16x16,empty,latency,3,4096,6160,154,2135587861
3,16x16,empty,latency,4,4096,6200,154,2135587861
3,16x16,empty,latency,5,4096,6160,154,2135587861
3,16x16,empty,latency,6,4096,6160,154,2135587861
3,16x16,empty,latency,7,4096,6200,153,2135587861
3,16x16,empty,latency,8,4096,6160,154,2135587861
3,16x16,empty,latency,9,4096,6200,153,2135587861
3,16x16,empty,latency,10,4096,6160,154,2135587861
3,16x16,empty,latency,11,4096,6200,153,2135587861
3,16x16,empty,latency,12,4096,6160,154,2135587861
3,16x16,empty,latency,13,4096,6160,154,2135587861
3,16x16,empty,latency,14,4096,6201,153,2135587861
3,16x16,empty,latency,15,4096,6200,153,2135587861
3,16x16,empty,latency,16,4096,6160,154,2135587861
3,16x16,empty,latency,17,4096,6160,154,2135587861
3,16x16,empty,latency,18,4096,6200,154,2135587861
3,16x16,empty,latency,19,4096,6160,154,2135587861
3,16x16,empty,latency,20,4096,6200,153,2135587861
3,16x16,empty,latency,21,4096,6200,154,2135587861
3,16x16,empty,latency,22,4096,6160,154,2135587861
3,16x16,empty,latency,23,4096,6200,154,2135587861
3,16x16,empty,latency,24,4096,6160,154,2135587861
3,16x16,empty,latency,25,4096,6200,154,2135587861
3,16x16,empty,latency,26,4096,6160,154,2135587861
3,16x16,empty,latency,27,4096,6200,153,2135587861
3,16x16,empty,latency,28,4096,6200,154,2135587861
3,16x16,empty,latency,29,4096,6160,154,2135587861
4,16x16,empty,latency,0,4096,6480,160,2135587861
4,16x16,empty,latency,1,4096,6200,154,2135587861
4,16x16,empty,latency,2,4096,6200,154,2135587861
4,16x16,empty,latency,3,4096,6160,154,2135587861
4,16x16,empty,latency,4,4096,6200,154,2135587861
4,16x16,empty,latency,5,4096,6200,153,2135587861
4,16x16,empty,latency,6,4096,6200,154,2135587861
4,16x16,empty,latency,7,4096,6200,154,2135587861
4,16x16,empty,latency,8,4096,6201,153,2135587861
4,16x16,empty,latency,9,4096,6200,154,2135587861
4,16x16,empty,latency,10,4096,6160,154,2135587861
4,16x16,empty,latency,11,4096,6200,154,2135587861
4,16x16,empty,latency,12,4096,6160,154,2135587861
4,16x16,empty,latency,13,4096,6160,154,2135587861
4,16x16,empty,latency,14,4096,6160,154,2135587861
4,16x16,empty,latency,15,4096,6200,153,2135587861
4,16x16,empty,latency,16,4096,6160,154,2135587861
4,16x16,empty,latency,17,4096,6200,154,2135587861
4,16x16,empty,latency,18,4096,6200,154,2135587861
4,16x16,empty,latency,19,4096,6160,154,2135587861
4,16x16,empty,latency,20,4096,6200,153,2135587861
4,16x16,empty,latency,21,4096,6200,154,2135587861
4,16x16,empty,latency,22,4096,6160,154,2135587861
4,16x16,empty,latency,23,4096,6200,154,2135587861
4,16x16,empty,latency,24,4096,6160,154,2135587861
4,16x16,empty,latency,25,4096,6160,154,2135587861
4,16x16,empty,latency,26,4096,6160,154,2135587861
4,16x16,empty,latency,27,4096,6200,154,2135587861
4,16x16,empty,latency,28,4096,6160,154,2135587861
4,16x16,empty,latency,29,4096,6200,153,2135587861
5,16x16,empty,latency,0,4096,6280,155,2135587861
5,16x16,empty,latency,1,4096,6200,154,2135587861
5,16x16,empty,latency,2,4096,6200,154,2135587861
5,16x16,empty,latency,3,4096,6200,153,2135587861
5,16x16,empty,latency,4,4096,6200,154,2135587861
5,16x16,empty,latency,5,4096,6201,153,2135587861
5,16x16,empty,latency,6,4096,6200,153,2135587861
5,16x16,empty,latency,7,4096,6200,153,2135587861
5,16x16,empty,latency,8,4096,6160,154,2135587861
5,16x16,empty,latency,9,4096,6200,154,2135587861
5,16x16,empty,latency,10,4096,6160,154,2135587861
5,16x16,empty,latency,11,4096,6160,154,2135587861
5,16x16,empty,latency,12,4096,6160,154,2135587861
5,16x16,empty,latency,13,4096,6200,153,2135587861
5,16x16,empty,latency,14,4096,6200,154,2135587861
5,16x16,empty,latency,15,4096,6160,154,2135587861
5,16x16,empty,latency,16,4096,6200,153,2135587861
5,16x16,empty,latency,17,4096,6200,154,2135587861
5,16x16,empty,latency,18,4096,6200,154,2135587861
5,16x16,empty,latency,19,4096,6160,154,2135587861
5,16x16,empty,latency,20,4096,6200,153,2135587861
5,16x16,empty,latency,21,4096,6160,154,2135587861
5,16x16,empty,latency,22,4096,6200,154,2135587861
5,16x16,empty,latency,23,4096,6160,154,2135587861
5,16x16,empty,latency,24,4096,6200,153,2135587861
5,16x16,empty,latency,25,4096,6200,154,2135587861
5,16x16,empty,latency,26,4096,6200,153,2135587861
5,16x16,empty,latency,27,4096,6160,154,2135587861
5,16x16,empty,latency,28,4096,6200,153,2135587861
5,16x16,empty,latency,29,4096,6161,154,2135587861
1,16x16,empty,throughput,0,4096,5240,129,0
1,16x16,empty,throughput,1,4096,5160,129,0
1,16x16,empty,throughput,2,4096,5160,128,0
1,16x16,empty,throughput,3,4096,5160,128,0
1,16x16,empty,throughput,4,4096,5160,128,0
1,16x16,empty,throughput,5,4096,5160,129,0
1,16x16,empty,throughput,6,4096,5160,128,0
1,16x16,empty,throughput,7,4096,5160,128,0
1,16x16,empty,throughput,8,4096,5160,128,0
1,16x16,empty,throughput,9,4096,5160,128,0
1,16x16,empty,throughput,10,4096,5160,129,0
1,16x16,empty,throughput,11,4096,5160,128,0
1,16x16,empty,throughput,12,4096,5160,128,0
1,16x16,empty,throughput,13,4096,5160,128,0
1,16x16,empty,throughput,14,4096,5160,128,0
1,16x16,empty,throughput,15,4096,5160,129,0
1,16x16,empty,throughput,16,4096,5160,129,0
1,16x16,empty,throughput,17,4096,5160,128,0
1,16x16,empty,throughput,18,4096,5160,128,0
1,16x16,empty,throughput,19,4096,5160,128,0
1,16x16,empty,throughput,20,4096,5160,128,0
1,16x16,empty,throughput,21,4096,5160,129,0
1,16x16,empty,throughput,22,4096,5161,128,0
1,16x16,empty,throughput,23,4096,5160,128,0
1,16x16,empty,throughput,24,4096,5160,128,0
1,16x16,empty,throughput,25,4096,5160,128,0
1,16x16,empty,throughput,26,4096,5160,128,0
1,16x16,empty,throughput,27,4096,5160,128,0
1,16x16,empty,throughput,28,4096,5160,129,0
1,16x16,empty,throughput,29,4096,5160,128,0
2,16x16,empty,throughput,0,4096,5280,130,0
2,16x16,empty,throughput,1,4096,5160,128,0
2,16x16,empty,throughput,2,4096,5160,128,0
2,16x16,empty,throughput,3,4096,5160,129,0
2,16x16,empty,throughput,4,4096,5160,128,0
2,16x16,empty,throughput,5,4096,5160,129,0
2,16x16,empty,throughput,6,4096,5160,128,0
2,16x16,empty,throughput,7,4096,5160,128,0
2,16x16,empty,throughput,8,4096,5160,129,0
2,16x16,empty,throughput,9,4096,5160,128,0
2,16x16,empty,throughput,10,4096,5200,129,0
2,16x16,empty,throughput,11,4096,5160,129,0
2,16x16,empty,throughput,12,4096,5160,128,0
2,16x16,empty,throughput,13,4096,5160,128,0
2,16x16,empty,throughput,14,4096,5160,128,0
2,16x16,empty,throughput,15,4096,5160,129,0
2,16x16,empty,throughput,16,4096,5160,128,0
2,16x16,empty,throughput,17,4096,5160,128,0
2,16x16,empty,throughput,18,4096,5160,128,0
2,16x16,empty,throughput,19,4096,5160,128,0
2,16x16,empty,throughput,20,4096,5160,129,0
2,16x16,empty,throughput,21,4096,5160,128,0
2,16x16,empty,throughput,22,4096,5160,128,0
2,16x16,empty,throughput,23,4096,5161,129,0
2,16x16,empty,throughput,24,4096,5200,129,0
2,16x16,empty,throughput,25,4096,5160,128,0
2,16x16,empty,throughput,26,4096,5160,128,0
2,16x16,empty,throughput,27,4096,5160,129,0
2,16x16,empty,throughput,28,4096,5160,128,0
2,16x16,empty,throughput,29,4096,5200,128,0
5,16x16,empty,throughput,0,4096,5200,129,0
5,16x16,empty,throughput,1,4096,5200,129,0
5,16x16,empty,throughput,2,4096,5200,128,0
5,16x16,empty,throughput,3,4096,5200,128,0
5,16x16,empty,throughput,4,4096,5160,128,0
5,16x16,empty,throughput,5,4096,5160,128,0
5,16x16,empty,throughput,6,4096,5160,128,0
5,16x16,empty,throughput,7,4096,5160,128,0
5,16x16,empty,throughput,8,4096,5160,129,0
5,16x16,empty,throughput,9,4096,5160,129,0
5,16x16,empty,throughput,10,4096,5160,128,0
5,16x16,empty,throughput,11,4096,5160,128,0
5,16x16,empty,throughput,12,4096,5160,128,0
5,16x16,empty,throughput,13,4096,5160,128,0
5,16x16,empty,throughput,14,4096,5160,128,0
5,16x16,empty,throughput,15,4096,5160,129,0
5,16x16,empty,throughput,16,4096,5160,128,0
5,16x16,empty,throughput,17,4096,5160,128,0
5,16x16,empty,throughput,18,4096,5160,128,0
5,16x16,empty,throughput,19,4096,5160,128,0
5,16x16,empty,throughput,20,4096,5160,128,0
5,16x16,empty,throughput,21,4096,5160,128,0
5,16x16,empty,throughput,22,4096,5160,129,0
5,16x16,empty,throughput,23,4096,5160,128,0
5,16x16,empty,throughput,24,4096,5160,128,0
5,16x16,empty,throughput,25,4096,5160,129,0
5,16x16,empty,throughput,26,4096,5160,128,0
5,16x16,empty,throughput,27,4096,5160,129,0
5,16x16,empty,throughput,28,4096,5160,128,0
5,16x16,empty,throughput,29,4096,5160,128,0
1,16x16,neon,latency,0,4096,376563,9412,2311070192
1,16x16,neon,latency,1,4096,375842,9396,2311070192
1,16x16,neon,latency,2,4096,381122,9525,2311070192
1,16x16,neon,latency,3,4096,375803,9394,2311070192
1,16x16,neon,latency,4,4096,394202,9854,2311070192
1,16x16,neon,latency,5,4096,386483,9660,2311070192
1,16x16,neon,latency,6,4096,376002,9399,2311070192
1,16x16,neon,latency,7,4096,379082,9475,2311070192
1,16x16,neon,latency,8,4096,375843,9394,2311070192
1,16x16,neon,latency,9,4096,375762,9393,2311070192
1,16x16,neon,latency,10,4096,378482,9458,2311070192
1,16x16,neon,latency,11,4096,375923,9397,2311070192
1,16x16,neon,latency,12,4096,375762,9393,2311070192
1,16x16,neon,latency,13,4096,377282,9430,2311070192
1,16x16,neon,latency,14,4096,375883,9396,2311070192
1,16x16,neon,latency,15,4096,392082,9800,2311070192
1,16x16,neon,latency,16,4096,375802,9394,2311070192
1,16x16,neon,latency,17,4096,375883,9396,2311070192
1,16x16,neon,latency,18,4096,377682,9440,2311070192
1,16x16,neon,latency,19,4096,375722,9393,2311070192
1,16x16,neon,latency,20,4096,375683,9391,2311070192
1,16x16,neon,latency,21,4096,378522,9460,2311070192
1,16x16,neon,latency,22,4096,425243,10627,2311070192
1,16x16,neon,latency,23,4096,382882,9569,2311070192
1,16x16,neon,latency,24,4096,376162,9402,2311070192
1,16x16,neon,latency,25,4096,391723,9792,2311070192
1,16x16,neon,latency,26,4096,405882,10143,2311070192
1,16x16,neon,latency,27,4096,376403,9409,2311070192
1,16x16,neon,latency,28,4096,382362,9554,2311070192
1,16x16,neon,latency,29,4096,375882,9396,2311070192
3,16x16,neon,latency,0,4096,384523,9608,2311070192
3,16x16,neon,latency,1,4096,374682,9366,2311070192
3,16x16,neon,latency,2,4096,400643,10014,2311070192
3,16x16,neon,latency,3,4096,379082,9475,2311070192
3,16x16,neon,latency,4,4096,374322,9357,2311070192
3,16x16,neon,latency,5,4096,377563,9437,2311070192
3,16x16,neon,latency,6,4096,374242,9354,2311070192
3,16x16,neon,latency,7,4096,374322,9357,2311070192
3,16x16,neon,latency,8,4096,376803,9416,2311070192
3,16x16,neon,latency,9,4096,374362,9358,2311070192
3,16x16,neon,latency,10,4096,374322,9357,2311070192
3,16x16,neon,latency,11,4096,377083,9424,2311070192
3,16x16,neon,latency,12,4096,374242,9355,2311070192
3,16x16,neon,latency,13,4096,393242,9828,2311070192
3,16x16,neon,latency,14,4096,374203,9353,2311070192
3,16x16,neon,latency,15,4096,374042,9350,2311070192
3,16x16,neon,latency,16,4096,377362,9432,2311070192
3,16x16,neon,latency,17,4096,374323,9357,2311070192
3,16x16,neon,latency,18,4096,374282,9355,2311070192
3,16x16,neon,latency,19,4096,377442,9434,2311070192
3,16x16,neon,latency,20,4096,374323,9356,2311070192
3,16x16,neon,latency,21,4096,377042,9423,2311070192
3,16x16,neon,latency,22,4096,374402,9359,2311070192
3,16x16,neon,latency,23,4096,393843,9845,2311070192
3,16x16,neon,latency,24,4096,377682,9440,2311070192
3,16x16,neon,latency,25,4096,374243,9355,2311070192
3,16x16,neon,latency,26,4096,374002,9350,2311070192
3,16x16,neon,latency,27,4096,377442,9434,2311070192
3,16x16,neon,latency,28,4096,374443,9360,2311070192
3,16x16,neon,latency,29,4096,377522,9436,2311070192
4,16x16,neon,latency,0,4096,383002,9571,2311070192
4,16x16,neon,latency,1,4096,374883,9372,2311070192
4,16x16,neon,latency,2,4096,374442,9361,2311070192
4,16x16,neon,latency,3,4096,378122,9451,2311070192
4,16x16,neon,latency,4,4096,374563,9363,2311070192
4,16x16,neon,latency,5,4096,374802,9369,2311070192
4,16x16,neon,latency,6,4096,377522,9435,2311070192
4,16x16,neon,latency,7,4096,374763,9368,2311070192
4,16x16,neon,latency,8,4096,392642,9814,2311070192
4,16x16,neon,latency,9,4096,374882,9372,2311070192
4,16x16,neon,latency,10,4096,374763,9368,2311070192
4,16x16,neon,latency,11,4096,377722,9441,2311070192
4,16x16,neon,latency,12,4096,374362,9359,2311070192
4,16x16,neon,latency,13,4096,377723,9440,2311070192
4,16x16,neon,latency,14,4096,374722,9368,2311070192
4,16x16,neon,latency,15,4096,374482,9360,2311070192
4,16x16,neon,latency,16,4096,377443,9434,2311070192
4,16x16,neon,latency,17,4096,374642,9366,2311070192
4,16x16,neon,latency,18,4096,384923,9622,2311070192
4,16x16,neon,latency,19,4096,377202,9428,2311070192
4,16x16,neon,latency,20,4096,374602,9365,2311070192
4,16x16,neon,latency,21,4096,377483,9435,2311070192
4,16x16,neon,latency,22,4096,374602,9364,2311070192
4,16x16,neon,latency,23,4096,374562,9362,2311070192
4,16x16,neon,latency,24,4096,377523,9435,2311070192
4,16x16,neon,latency,25,4096,374682,9367,2311070192
4,16x16,neon,latency,26,4096,374602,9364,2311070192
4,16x16,neon,latency,27,4096,377563,9436,2311070192
4,16x16,neon,latency,28,4096,374682,9367,2311070192
4,16x16,neon,latency,29,4096,395322,9881,2311070192
5,16x16,neon,latency,0,4096,384442,9607,2311070192
5,16x16,neon,latency,1,4096,375203,9378,2311070192
5,16x16,neon,latency,2,4096,385242,9630,2311070192
5,16x16,neon,latency,3,4096,380002,9497,2311070192
5,16x16,neon,latency,4,4096,375323,9382,2311070192
5,16x16,neon,latency,5,4096,378562,9461,2311070192
5,16x16,neon,latency,6,4096,374962,9374,2311070192
5,16x16,neon,latency,7,4096,375283,9381,2311070192
5,16x16,neon,latency,8,4096,378082,9448,2311070192
5,16x16,neon,latency,9,4096,375042,9374,2311070192
5,16x16,neon,latency,10,4096,374923,9373,2311070192
5,16x16,neon,latency,11,4096,377522,9436,2311070192
5,16x16,neon,latency,12,4096,375162,9378,2311070192
5,16x16,neon,latency,13,4096,389083,9725,2311070192
5,16x16,neon,latency,14,4096,375122,9376,2311070192
5,16x16,neon,latency,15,4096,375082,9375,2311070192
5,16x16,neon,latency,16,4096,378243,9453,2311070192
5,16x16,neon,latency,17,4096,375042,9375,2311070192
5,16x16,neon,latency,18,4096,375042,9376,2311070192
5,16x16,neon,latency,19,4096,378283,9455,2311070192
5,16x16,neon,latency,20,4096,375162,9377,2311070192
5,16x16,neon,latency,21,4096,377522,9436,2311070192
5,16x16,neon,latency,22,4096,375123,9378,2311070192
5,16x16,neon,latency,23,4096,398322,9957,2311070192
5,16x16,neon,latency,24,4096,378963,9472,2311070192
5,16x16,neon,latency,25,4096,375322,9381,2311070192
5,16x16,neon,latency,26,4096,375242,9380,2311070192
5,16x16,neon,latency,27,4096,378123,9451,2311070192
5,16x16,neon,latency,28,4096,375002,9375,2311070192
5,16x16,neon,latency,29,4096,377922,9446,2311070192
1,16x16,neon,throughput,0,4096,737125,18417,174720940
1,16x16,neon,throughput,1,4096,671404,16768,174720940
1,16x16,neon,throughput,2,4096,665084,16619,174720940
1,16x16,neon,throughput,3,4096,649444,16227,174720940
1,16x16,neon,throughput,4,4096,662804,16564,174720940
1,16x16,neon,throughput,5,4096,700805,17506,174720940
1,16x16,neon,throughput,6,4096,644724,16111,174720940
1,16x16,neon,throughput,7,4096,661124,16521,174720940
1,16x16,neon,throughput,8,4096,671404,16774,174720940
1,16x16,neon,throughput,9,4096,644844,16115,174720940
1,16x16,neon,throughput,10,4096,668484,16704,174720940
1,16x16,neon,throughput,11,4096,700565,17504,174720940
1,16x16,neon,throughput,12,4096,648884,16215,174720940
1,16x16,neon,throughput,13,4096,660484,16505,174720940
1,16x16,neon,throughput,14,4096,667404,16677,174720940
1,16x16,neon,throughput,15,4096,648284,16200,174720940
1,16x16,neon,throughput,16,4096,659724,16485,174720940
1,16x16,neon,throughput,17,4096,686244,17147,174720940
1,16x16,neon,throughput,18,4096,651204,16274,174720940
1,16x16,neon,throughput,19,4096,660684,16509,174720940
1,16x16,neon,throughput,20,4096,659765,16486,174720940
1,16x16,neon,throughput,21,4096,650124,16244,174720940
1,16x16,neon,throughput,22,4096,664204,16598,174720940
1,16x16,neon,throughput,23,4096,693564,17329,174720940
1,16x16,neon,throughput,24,4096,644324,16102,174720940
1,16x16,neon,throughput,25,4096,662844,16563,174720940
1,16x16,neon,throughput,26,4096,661444,16529,174720940
1,16x16,neon,throughput,27,4096,651444,16281,174720940
1,16x16,neon,throughput,28,4096,664244,16598,174720940
1,16x16,neon,throughput,29,4096,692485,17303,174720940
2,16x16,neon,throughput,0,4096,793925,19831,174720940
2,16x16,neon,throughput,1,4096,678605,16955,174720940
2,16x16,neon,throughput,2,4096,671964,16790,174720940
2,16x16,neon,throughput,3,4096,653524,16331,174720940
2,16x16,neon,throughput,4,4096,703084,17565,174720940
2,16x16,neon,throughput,5,4096,672164,16798,174720940
2,16x16,neon,throughput,6,4096,647324,16176,174720940
2,16x16,neon,throughput,7,4096,670405,16754,174720940
2,16x16,neon,throughput,8,4096,671684,16784,174720940
2,16x16,neon,throughput,9,4096,648484,16204,174720940
2,16x16,neon,throughput,10,4096,703604,17578,174720940
2,16x16,neon,throughput,11,4096,669164,16721,174720940
2,16x16,neon,throughput,12,4096,649124,16220,174720940
2,16x16,neon,throughput,13,4096,669085,16718,174720940
2,16x16,neon,throughput,14,4096,665524,16632,174720940
2,16x16,neon,throughput,15,4096,646844,16163,174720940
2,16x16,neon,throughput,16,4096,703964,17579,174720940
2,16x16,neon,throughput,17,4096,674084,16843,174720940
2,16x16,neon,throughput,18,4096,651044,16268,174720940
2,16x16,neon,throughput,19,4096,671804,16786,174720940
2,16x16,neon,throughput,20,4096,669884,16740,174720940
2,16x16,neon,throughput,21,4096,680324,16999,174720940
2,16x16,neon,throughput,22,4096,705124,17617,174720940
2,16x16,neon,throughput,23,4096,672604,16809,174720940
2,16x16,neon,throughput,24,4096,649444,16228,174720940
2,16x16,neon,throughput,25,4096,675645,16882,174720940
2,16x16,neon,throughput,26,4096,675804,16888,174720940
2,16x16,neon,throughput,27,4096,683284,17074,174720940
2,16x16,neon,throughput,28,4096,674284,16848,174720940
2,16x16,neon,throughput,29,4096,677165,16919,174720940
3,16x16,neon,throughput,0,4096,813525,20314,174720940
3,16x16,neon,throughput,1,4096,721404,18021,174720940
3,16x16,neon,throughput,2,4096,676924,16914,174720940
3,16x16,neon,throughput,3,4096,644524,16108,174720940
3,16x16,neon,throughput,4,4096,668844,16713,174720940
3,16x16,neon,throughput,5,4096,674124,16846,174720940
3,16x16,neon,throughput,6,4096,648244,16197,174720940
3,16x16,neon,throughput,7,4096,712484,17797,174720940
3,16x16,neon,throughput,8,4096,673364,16825,174720940
3,16x16,neon,throughput,9,4096,649844,16237,174720940
3,16x16,neon,throughput,10,4096,672365,16802,174720940
3,16x16,neon,throughput,11,4096,671124,16769,174720940
3,16x16,neon,throughput,12,4096,686964,17165,174720940
3,16x16,neon,throughput,13,4096,667364,16674,174720940
3,16x16,neon,throughput,14,4096,671444,16780,174720940
3,16x16,neon,throughput,15,4096,651564,16283,174720940
3,16x16,neon,throughput,16,4096,668525,16704,174720940
3,16x16,neon,throughput,17,4096,671644,16785,174720940
3,16x16,neon,throughput,18,4096,687044,17169,174720940
3,16x16,neon,throughput,19,4096,672844,16815,174720940
3,16x16,neon,throughput,20,4096,673884,16838,174720940
3,16x16,neon,throughput,21,4096,649884,16240,174720940
3,16x16,neon,throughput,22,4096,672005,16793,174720940
3,16x16,neon,throughput,23,4096,670084,16746,174720940
3,16x16,neon,throughput,24,4096,683804,17086,174720940
3,16x16,neon,throughput,25,4096,668404,16704,174720940
3,16x16,neon,throughput,26,4096,670964,16766,174720940
3,16x16,neon,throughput,27,4096,650484,16254,174720940
3,16x16,neon,throughput,28,4096,670564,16758,174720940
3,16x16,neon,throughput,29,4096,672164,16796,174720940
4,16x16,neon,throughput,0,4096,774284,19346,174720940
4,16x16,neon,throughput,1,4096,700124,17487,174720940
4,16x16,neon,throughput,2,4096,683084,17064,174720940
4,16x16,neon,throughput,3,4096,650844,16266,174720940
4,16x16,neon,throughput,4,4096,680404,17003,174720940
4,16x16,neon,throughput,5,4096,705765,17622,174720940
4,16x16,neon,throughput,6,4096,649244,16226,174720940
4,16x16,neon,throughput,7,4096,672044,16793,174720940
4,16x16,neon,throughput,8,4096,674724,16860,174720940
4,16x16,neon,throughput,9,4096,651524,16281,174720940
4,16x16,neon,throughput,10,4096,671164,16772,174720940
4,16x16,neon,throughput,11,4096,707045,17654,174720940
4,16x16,neon,throughput,12,4096,644204,16099,174720940
4,16x16,neon,throughput,13,4096,675284,16876,174720940
4,16x16,neon,throughput,14,4096,670764,16762,174720940
4,16x16,neon,throughput,15,4096,649884,16243,174720940
4,16x16,neon,throughput,16,4096,653764,16335,174720940
4,16x16,neon,throughput,17,4096,695725,17384,174720940
4,16x16,neon,throughput,18,4096,670604,16759,174720940
4,16x16,neon,throughput,19,4096,648524,16207,174720940
4,16x16,neon,throughput,20,4096,673484,16830,174720940
4,16x16,neon,throughput,21,4096,676324,16904,174720940
4,16x16,neon,throughput,22,4096,648404,16204,174720940
4,16x16,neon,throughput,23,4096,707445,17675,174720940
4,16x16,neon,throughput,24,4096,677124,16922,174720940
4,16x16,neon,throughput,25,4096,648204,16199,174720940
4,16x16,neon,throughput,26,4096,673004,16820,174720940
4,16x16,neon,throughput,27,4096,671244,16774,174720940
4,16x16,neon,throughput,28,4096,652244,16300,174720940
4,16x16,neon,throughput,29,4096,700645,17506,174720940
5,16x16,neon,throughput,0,4096,787525,19680,174720940
5,16x16,neon,throughput,1,4096,692804,17303,174720940
5,16x16,neon,throughput,2,4096,706524,17649,174720940
5,16x16,neon,throughput,3,4096,651964,16292,174720940
5,16x16,neon,throughput,4,4096,676365,16899,174720940
5,16x16,neon,throughput,5,4096,671844,16787,174720940
5,16x16,neon,throughput,6,4096,648884,16215,174720940
5,16x16,neon,throughput,7,4096,673564,16830,174720940
5,16x16,neon,throughput,8,4096,698204,17442,174720940
5,16x16,neon,throughput,9,4096,648604,16208,174720940
5,16x16,neon,throughput,10,4096,675285,16875,174720940
5,16x16,neon,throughput,11,4096,672244,16798,174720940
5,16x16,neon,throughput,12,4096,652844,16314,174720940
5,16x16,neon,throughput,13,4096,670284,16749,174720940
5,16x16,neon,throughput,14,4096,700604,17502,174720940
5,16x16,neon,throughput,15,4096,675845,16890,174720940
5,16x16,neon,throughput,16,4096,653604,16333,174720940
5,16x16,neon,throughput,17,4096,675764,16886,174720940
5,16x16,neon,throughput,18,4096,668124,16697,174720940
5,16x16,neon,throughput,19,4096,649844,16239,174720940
5,16x16,neon,throughput,20,4096,703844,17585,174720940
5,16x16,neon,throughput,21,4096,676445,16906,174720940
5,16x16,neon,throughput,22,4096,657964,16442,174720940
5,16x16,neon,throughput,23,4096,674924,16865,174720940
5,16x16,neon,throughput,24,4096,670884,16766,174720940
5,16x16,neon,throughput,25,4096,647404,16179,174720940
5,16x16,neon,throughput,26,4096,710444,17750,174720940
5,16x16,neon,throughput,27,4096,672285,16802,174720940
5,16x16,neon,throughput,28,4096,653004,16317,174720940
5,16x16,neon,throughput,29,4096,674804,16863,174720940
1,32x32,c,latency,0,4096,5063272,126576,2827835792
1,32x32,c,latency,1,4096,5055711,126388,2827835792
1,32x32,c,latency,2,4096,5059671,126487,2827835792
1,32x32,c,latency,3,4096,5086231,127152,2827835792
1,32x32,c,latency,4,4096,5057751,126440,2827835792
1,32x32,c,latency,5,4096,5048992,126222,2827835792
1,32x32,c,latency,6,4096,5046671,126161,2827835792
1,32x32,c,latency,7,4096,5066911,126665,2827835792
1,32x32,c,latency,8,4096,5058552,126460,2827835792
1,32x32,c,latency,9,4096,5049231,126227,2827835792
1,32x32,c,latency,10,4096,5123712,128087,2827835792
1,32x32,c,latency,11,4096,5065271,126624,2827835792
1,32x32,c,latency,12,4096,5049872,126237,2827835792
1,32x32,c,latency,13,4096,5062951,126569,2827835792
1,32x32,c,latency,14,4096,5088792,127212,2827835792
1,32x32,c,latency,15,4096,5876516,146885,2827835792
1,32x32,c,latency,16,4096,5066072,126646,2827835792
1,32x32,c,latency,17,4096,5079951,126996,2827835792
1,32x32,c,latency,18,4096,5052231,126303,2827835792
1,32x32,c,latency,19,4096,5048272,126204,2827835792
1,32x32,c,latency,20,4096,5042871,126068,2827835792
1,32x32,c,latency,21,4096,5085792,127141,2827835792
1,32x32,c,latency,22,4096,5056471,126408,2827835792
1,32x32,c,latency,23,4096,5058511,126457,2827835792
1,32x32,c,latency,24,4096,5048032,126196,2827835792
1,32x32,c,latency,25,4096,5080631,127010,2827835792
1,32x32,c,latency,26,4096,5072352,126803,2827835792
1,32x32,c,latency,27,4096,5049871,126242,2827835792
1,32x32,c,latency,28,4096,5060151,126498,2827835792
1,32x32,c,latency,29,4096,5048592,126211,2827835792
2,32x32,c,latency,0,4096,5053991,126341,2827835792
2,32x32,c,latency,1,4096,5063152,126575,2827835792
2,32x32,c,latency,2,4096,5041631,126034,2827835792
2,32x32,c,latency,3,4096,5049151,126225,2827835792
2,32x32,c,latency,4,4096,5094312,127353,2827835792
2,32x32,c,latency,5,4096,5059951,126495,2827835792
2,32x32,c,latency,6,4096,5865157,146605,2827835792
2,32x32,c,latency,7,4096,5075551,126884,2827835792
2,32x32,c,latency,8,4096,5054232,126344,2827835792
2,32x32,c,latency,9,4096,5051551,126282,2827835792
2,32x32,c,latency,10,4096,5062151,126549,2827835792
2,32x32,c,latency,11,4096,5071432,126781,2827835792
2,32x32,c,latency,12,4096,5048191,126201,2827835792
2,32x32,c,latency,13,4096,5045831,126140,2827835792
2,32x32,c,latency,14,4096,5049072,126222,2827835792
2,32x32,c,latency,15,4096,5063271,126576,2827835792
2,32x32,c,latency,16,4096,5045551,126133,2827835792
2,32x32,c,latency,17,4096,7376486,184378,2827835792
2,32x32,c,latency,18,4096,5174952,129361,2827835792
2,32x32,c,latency,19,4096,5101152,127520,2827835792
2,32x32,c,latency,20,4096,5083672,127086,2827835792
2,32x32,c,latency,21,4096,5050551,126259,2827835792
2,32x32,c,latency,22,4096,5070431,126754,2827835792
2,32x32,c,latency,23,4096,5062512,126558,2827835792
2,32x32,c,latency,24,4096,5087271,127175,2827835792
2,32x32,c,latency,25,4096,5056232,126402,2827835792
2,32x32,c,latency,26,4096,5048751,126214,2827835792
2,32x32,c,latency,27,4096,5062271,126553,2827835792
2,32x32,c,latency,28,4096,5076472,126907,2827835792
2,32x32,c,latency,29,4096,5052711,126314,2827835792
3,32x32,c,latency,0,4096,5106871,127666,2827835792
3,32x32,c,latency,1,4096,5081672,127032,2827835792
3,32x32,c,latency,2,4096,5106471,127656,2827835792
3,32x32,c,latency,3,4096,5069792,126742,2827835792
3,32x32,c,latency,4,4096,5075831,126892,2827835792
3,32x32,c,latency,5,4096,5080872,127017,2827835792
3,32x32,c,latency,6,4096,5100392,127504,2827835792
3,32x32,c,latency,7,4096,5159272,128971,2827835792
3,32x32,c,latency,8,4096,5083951,127094,2827835792
3,32x32,c,latency,9,4096,5203912,130093,2827835792
3,32x32,c,latency,10,4096,5091912,127294,2827835792
3,32x32,c,latency,11,4096,5091951,127295,2827835792
3,32x32,c,latency,12,4096,5092431,127308,2827835792
3,32x32,c,latency,13,4096,5120552,128009,2827835792
3,32x32,c,latency,14,4096,5108592,127710,2827835792
3,32x32,c,latency,15,4096,5102991,127571,2827835792
3,32x32,c,latency,16,4096,5095232,127377,2827835792
3,32x32,c,latency,17,4096,5778796,144452,2827835792
3,32x32,c,latency,18,4096,5130111,128247,2827835792
3,32x32,c,latency,19,4096,5105991,127646,2827835792
3,32x32,c,latency,20,4096,5147752,128685,2827835792
3,32x32,c,latency,21,4096,5090952,127268,2827835792
3,32x32,c,latency,22,4096,5117271,127924,2827835792
3,32x32,c,latency,23,4096,5113872,127839,2827835792
3,32x32,c,latency,24,4096,5579635,139467,2827835792
3,32x32,c,latency,25,4096,5090471,127256,2827835792
3,32x32,c,latency,26,4096,5130112,128247,2827835792
3,32x32,c,latency,27,4096,5147152,128669,2827835792
3,32x32,c,latency,28,4096,5088912,127216,2827835792
3,32x32,c,latency,29,4096,5092511,127310,2827835792
4,32x32,c,latency,0,4096,5058591,126458,2827835792
4,32x32,c,latency,1,4096,5049112,126223,2827835792
4,32x32,c,latency,2,4096,5100071,127496,2827835792
4,32x32,c,latency,3,4096,5057232,126426,2827835792
4,32x32,c,latency,4,4096,5046071,126147,2827835792
4,32x32,c,latency,5,4096,5052031,126294,2827835792
4,32x32,c,latency,6,4096,5084472,127106,2827835792
4,32x32,c,latency,7,4096,5060151,126498,2827835792
4,32x32,c,latency,8,4096,5058031,126445,2827835792
4,32x32,c,latency,9,4096,5059672,126487,2827835792
4,32x32,c,latency,10,4096,5042871,126066,2827835792
4,32x32,c,latency,11,4096,5057432,126431,2827835792
4,32x32,c,latency,12,4096,5051031,126271,2827835792
4,32x32,c,latency,13,4096,5069671,126738,2827835792
4,32x32,c,latency,14,4096,5039792,125990,2827835792
4,32x32,c,latency,15,4096,5042671,126062,2827835792
4,32x32,c,latency,16,4096,5054031,126346,2827835792
4,32x32,c,latency,17,4096,5071992,126794,2827835792
4,32x32,c,latency,18,4096,5047431,126181,2827835792
4,32x32,c,latency,19,4096,5057191,126425,2827835792
4,32x32,c,latency,20,4096,5046512,126157,2827835792
4,32x32,c,latency,21,4096,5070151,126749,2827835792
4,32x32,c,latency,22,4096,5148632,128698,2827835792
4,32x32,c,latency,23,4096,5067231,126671,2827835792
4,32x32,c,latency,24,4096,5076632,126912,2827835792
4,32x32,c,latency,25,4096,5045151,126124,2827835792
4,32x32,c,latency,26,4096,5051072,126270,2827835792
4,32x32,c,latency,27,4096,5893436,147302,2827835792
4,32x32,c,latency,28,4096,5054711,126362,2827835792
4,32x32,c,latency,29,4096,5051592,126284,2827835792
5,32x32,c,latency,0,4096,5084471,127106,2827835792
5,32x32,c,latency,1,4096,5035751,125888,2827835792
5,32x32,c,latency,2,4096,5038472,125952,2827835792
5,32x32,c,latency,3,4096,5052471,126308,2827835792
5,32x32,c,latency,4,4096,5070551,126758,2827835792
5,32x32,c,latency,5,4096,5034152,125848,2827835792
5,32x32,c,latency,6,4096,5036191,125899,2827835792
5,32x32,c,latency,7,4096,5048551,126209,2827835792
5,32x32,c,latency,8,4096,5063912,126592,2827835792
5,32x32,c,latency,9,4096,5039351,125978,2827835792
5,32x32,c,latency,10,4096,5034951,125867,2827835792
5,32x32,c,latency,11,4096,5039751,125988,2827835792
5,32x32,c,latency,12,4096,5089672,127237,2827835792
5,32x32,c,latency,13,4096,5050471,126256,2827835792
5,32x32,c,latency,14,4096,5041872,126042,2827835792
5,32x32,c,latency,15,4096,5056951,126418,2827835792
5,32x32,c,latency,16,4096,5040231,126001,2827835792
5,32x32,c,latency,17,4096,5051792,126289,2827835792
5,32x32,c,latency,18,4096,5865876,146625,2827835792
5,32x32,c,latency,19,4096,5046911,126167,2827835792
5,32x32,c,latency,20,4096,5061592,126525,2827835792
5,32x32,c,latency,21,4096,5041191,126026,2827835792
5,32x32,c,latency,22,4096,5075911,126892,2827835792
5,32x32,c,latency,23,4096,5048792,126215,2827835792
5,32x32,c,latency,24,4096,5034511,125857,2827835792
5,32x32,c,latency,25,4096,5040631,126008,2827835792
5,32x32,c,latency,26,4096,5062992,126562,2827835792
5,32x32,c,latency,27,4096,5044631,126112,2827835792
5,32x32,c,latency,28,4096,5032951,125820,2827835792
5,32x32,c,latency,29,4096,5039471,125978,2827835792
1,32x32,c,throughput,0,4096,5636635,140889,699368812
1,32x32,c,throughput,1,4096,5492434,137297,699368812
1,32x32,c,throughput,2,4096,5450114,136242,699368812
1,32x32,c,throughput,3,4096,5455474,136374,699368812
1,32x32,c,throughput,4,4096,5463474,136578,699368812
1,32x32,c,throughput,5,4096,5451994,136280,699368812
1,32x32,c,throughput,6,4096,5477914,136931,699368812
1,32x32,c,throughput,7,4096,5453953,136337,699368812
1,32x32,c,throughput,8,4096,6280119,156966,699368812
1,32x32,c,throughput,9,4096,5600075,139962,699368812
1,32x32,c,throughput,10,4096,5431514,135768,699368812
1,32x32,c,throughput,11,4096,5490114,137230,699368812
1,32x32,c,throughput,12,4096,5434274,135848,699368812
1,32x32,c,throughput,13,4096,5446553,136148,699368812
1,32x32,c,throughput,14,4096,5459114,136462,699368812
1,32x32,c,throughput,15,4096,5429674,135729,699368812
1,32x32,c,throughput,16,4096,5456954,136412,699368812
1,32x32,c,throughput,17,4096,5481034,136996,699368812
1,32x32,c,throughput,18,4096,5485634,137116,699368812
1,32x32,c,throughput,19,4096,5474834,136857,699368812
1,32x32,c,throughput,20,4096,5458314,136442,699368812
1,32x32,c,throughput,21,4096,5467114,136646,699368812
1,32x32,c,throughput,22,4096,6833402,170811,699368812
1,32x32,c,throughput,23,4096,5575235,139347,699368812
1,32x32,c,throughput,24,4096,5481754,137025,699368812
1,32x32,c,throughput,25,4096,5530634,138242,699368812
1,32x32,c,throughput,26,4096,5453674,136327,699368812
1,32x32,c,throughput,27,4096,5513754,137830,699368812
1,32x32,c,throughput,28,4096,5453394,136321,699368812
1,32x32,c,throughput,29,4096,5501114,137507,699368812
2,32x32,c,throughput,0,4096,5686115,142124,699368812
2,32x32,c,throughput,1,4096,5672475,141771,699368812
2,32x32,c,throughput,2,4096,5441314,136013,699368812
2,32x32,c,throughput,3,4096,5481194,137016,699368812
2,32x32,c,throughput,4,4096,5438914,135944,699368812
2,32x32,c,throughput,5,4096,5504154,137573,699368812
2,32x32,c,throughput,6,4096,5478154,136922,699368812
2,32x32,c,throughput,7,4096,5435113,135857,699368812
2,32x32,c,throughput,8,4096,5453553,136311,699368812
2,32x32,c,throughput,9,4096,5451194,136262,699368812
2,32x32,c,throughput,10,4096,5449514,136221,699368812
2,32x32,c,throughput,11,4096,5464754,136603,699368812
2,32x32,c,throughput,12,4096,5441554,136023,699368812
2,32x32,c,throughput,13,4096,5446633,136135,699368812
2,32x32,c,throughput,14,4096,5481314,137007,699368812
2,32x32,c,throughput,15,4096,5427673,135675,699368812
2,32x32,c,throughput,16,4096,5452154,136293,699368812
2,32x32,c,throughput,17,4096,5500554,137481,699368812
2,32x32,c,throughput,18,4096,5447194,136165,699368812
2,32x32,c,throughput,19,4096,5434194,135830,699368812
2,32x32,c,throughput,20,4096,5455474,136375,699368812
2,32x32,c,throughput,21,4096,5443993,136087,699368812
2,32x32,c,throughput,22,4096,5472474,136776,699368812
2,32x32,c,throughput,23,4096,5450634,136248,699368812
2,32x32,c,throughput,24,4096,5447634,136166,699368812
2,32x32,c,throughput,25,4096,5486314,137133,699368812
2,32x32,c,throughput,26,4096,5438114,135939,699368812
2,32x32,c,throughput,27,4096,5637315,140889,699368812
2,32x32,c,throughput,28,4096,5471554,136766,699368812
2,32x32,c,throughput,29,4096,5449634,136229,699368812
3,32x32,c,throughput,0,4096,5619675,140452,699368812
3,32x32,c,throughput,1,4096,5479114,136955,699368812
3,32x32,c,throughput,2,4096,5486674,137152,699368812
3,32x32,c,throughput,3,4096,5447554,136173,699368812
3,32x32,c,throughput,4,4096,5463914,136557,699368812
3,32x32,c,throughput,5,4096,5512674,137783,699368812
3,32x32,c,throughput,6,4096,5433034,135807,699368812
3,32x32,c,throughput,7,4096,5496034,137389,699368812
3,32x32,c,throughput,8,4096,5623915,140569,699368812
3,32x32,c,throughput,9,4096,6918123,172912,699368812
3,32x32,c,throughput,10,4096,5477674,136909,699368812
3,32x32,c,throughput,11,4096,5437554,135924,699368812
3,32x32,c,throughput,12,4096,5524274,138067,699368812
3,32x32,c,throughput,13,4096,5449674,136202,699368812
3,32x32,c,throughput,14,4096,5500114,137474,699368812
3,32x32,c,throughput,15,4096,5484234,137077,699368812
3,32x32,c,throughput,16,4096,6305399,157592,699368812
3,32x32,c,throughput,17,4096,5472994,136804,699368812
3,32x32,c,throughput,18,4096,5460994,136494,699368812
3,32x32,c,throughput,19,4096,5514675,137850,699368812
3,32x32,c,throughput,20,4096,5452313,136289,699368812
3,32x32,c,throughput,21,4096,5466153,136617,699368812
3,32x32,c,throughput,22,4096,5695876,142356,699368812
3,32x32,c,throughput,23,4096,5569034,139187,699368812
3,32x32,c,throughput,24,4096,5537075,138408,699368812
3,32x32,c,throughput,25,4096,5456154,136381,699368812
3,32x32,c,throughput,26,4096,5466514,136644,699368812
3,32x32,c,throughput,27,4096,5477474,136921,699368812
3,32x32,c,throughput,28,4096,5450513,136248,699368812
3,32x32,c,throughput,29,4096,5457993,136435,699368812
4,32x32,c,throughput,0,4096,5588594,139685,699368812
4,32x32,c,throughput,1,4096,5462554,136548,699368812
4,32x32,c,throughput,2,4096,5476714,136898,699368812
4,32x32,c,throughput,3,4096,5432234,135789,699368812
4,32x32,c,throughput,4,4096,5543714,138546,699368812
4,32x32,c,throughput,5,4096,6387120,159636,699368812
4,32x32,c,throughput,6,4096,5481114,137006,699368812
4,32x32,c,throughput,7,4096,5466714,136645,699368812
4,32x32,c,throughput,8,4096,5435594,135875,699368812
4,32x32,c,throughput,9,4096,5431993,135782,699368812
4,32x32,c,throughput,10,4096,5493434,137317,699368812
4,32x32,c,throughput,11,4096,5430553,135746,699368812
4,32x32,c,throughput,12,4096,5476274,136890,699368812
4,32x32,c,throughput,13,4096,5468394,136683,699368812
4,32x32,c,throughput,14,4096,5486394,137130,699368812
4,32x32,c,throughput,15,4096,5470994,136757,699368812
4,32x32,c,throughput,16,4096,5767036,144136,699368812
4,32x32,c,throughput,17,4096,5469954,136723,699368812
4,32x32,c,throughput,18,4096,5493794,137308,699368812
4,32x32,c,throughput,19,4096,5436874,135901,699368812
4,32x32,c,throughput,20,4096,5477074,136911,699368812
4,32x32,c,throughput,21,4096,5427473,135665,699368812
4,32x32,c,throughput,22,4096,5444434,136087,699368812
4,32x32,c,throughput,23,4096,5478914,136947,699368812
4,32x32,c,throughput,24,4096,5472474,136796,699368812
4,32x32,c,throughput,25,4096,5435634,135872,699368812
4,32x32,c,throughput,26,4096,5487434,137166,699368812
4,32x32,c,throughput,27,4096,5425994,135630,699368812
4,32x32,c,throughput,28,4096,5471674,136760,699368812
4,32x32,c,throughput,29,4096,5452473,136287,699368812
5,32x32,c,throughput,0,4096,5666075,141618,699368812
5,32x32,c,throughput,1,4096,5532674,138280,699368812
5,32x32,c,throughput,2,4096,5442314,136031,699368812
5,32x32,c,throughput,3,4096,5471314,136758,699368812
5,32x32,c,throughput,4,4096,5550675,138731,699368812
5,32x32,c,throughput,5,4096,5493794,137297,699368812
5,32x32,c,throughput,6,4096,5477754,136908,699368812
5,32x32,c,throughput,7,4096,5451034,136254,699368812
5,32x32,c,throughput,8,4096,5444793,136092,699368812
5,32x32,c,throughput,9,4096,5492314,137284,699368812
5,32x32,c,throughput,10,4096,5539915,138428,699368812
5,32x32,c,throughput,11,4096,5490714,137234,699368812
5,32x32,c,throughput,12,4096,5478914,136939,699368812
5,32x32,c,throughput,13,4096,5451434,136263,699368812
5,32x32,c,throughput,14,4096,5435674,135864,699368812
5,32x32,c,throughput,15,4096,5594314,139815,699368812
5,32x32,c,throughput,16,4096,5480034,136964,699368812
5,32x32,c,throughput,17,4096,5486674,137130,699368812
5,32x32,c,throughput,18,4096,5436194,135878,699368812
5,32x32,c,throughput,19,4096,5488154,137164,699368812
5,32x32,c,throughput,20,4096,5468074,136668,699368812
5,32x32,c,throughput,21,4096,5455834,136377,699368812
5,32x32,c,throughput,22,4096,5431714,135764,699368812
5,32x32,c,throughput,23,4096,5487794,137154,699368812
5,32x32,c,throughput,24,4096,5439593,135970,699368812
5,32x32,c,throughput,25,4096,5482434,137041,699368812
5,32x32,c,throughput,26,4096,5444153,136078,699368812
5,32x32,c,throughput,27,4096,7850329,196219,699368812
5,32x32,c,throughput,28,4096,5886797,147121,699368812
5,32x32,c,throughput,29,4096,5619834,140459,699368812
1,32x32,empty,latency,0,4096,6320,156,2135587861
1,32x32,empty,latency,1,4096,6200,154,2135587861
1,32x32,empty,latency,2,4096,6160,154,2135587861
1,32x32,empty,latency,3,4096,6200,154,2135587861
1,32x32,empty,latency,4,4096,6201,154,2135587861
1,32x32,empty,latency,5,4096,6200,154,2135587861
1,32x32,empty,latency,6,4096,6200,154,2135587861
1,32x32,empty,latency,7,4096,6160,154,2135587861
1,32x32,empty,latency,8,4096,6200,154,2135587861
1,32x32,empty,latency,9,4096,6200,153,2135587861
1,32x32,empty,latency,10,4096,6200,154,2135587861
1,32x32,empty,latency,11,4096,6200,153,2135587861
1,32x32,empty,latency,12,4096,6200,154,2135587861
1,32x32,empty,latency,13,4096,6200,153,2135587861
1,32x32,empty,latency,14,4096,6200,153,2135587861
1,32x32,empty,latency,15,4096,6160,154,2135587861
1,32x32,empty,latency,16,4096,6200,154,2135587861
1,32x32,empty,latency,17,4096,6200,154,2135587861
1,32x32,empty,latency,18,4096,6160,154,2135587861
1,32x32,empty,latency,19,4096,6160,154,2135587861
1,32x32,empty,latency,20,4096,6200,154,2135587861
1,32x32,empty,latency,21,4096,6160,154,2135587861
1,32x32,empty,latency,22,4096,6160,154,2135587861
1,32x32,empty,latency,23,4096,6200,154,2135587861
1,32x32,empty,latency,24,4096,6200,154,2135587861
1,32x32,empty,latency,25,4096,6200,154,2135587861
1,32x32,empty,latency,26,4096,6200,154,2135587861
1,32x32,empty,latency,27,4096,6200,154,2135587861
1,32x32,empty,latency,28,4096,6201,154,2135587861
1,32x32,empty,latency,29,4096,6280,156,2135587861
2,32x32,empty,latency,0,4096,6360,159,2135587861
2,32x32,empty,latency,1,4096,6160,154,2135587861
2,32x32,empty,latency,2,4096,6200,153,2135587861
2,32x32,empty,latency,3,4096,6201,154,2135587861
2,32x32,empty,latency,4,4096,6160,154,2135587861
2,32x32,empty,latency,5,4096,6200,154,2135587861
2,32x32,empty,latency,6,4096,6200,154,2135587861
2,32x32,empty,latency,7,4096,6200,153,2135587861
2,32x32,empty,latency,8,4096,6200,153,2135587861
2,32x32,empty,latency,9,4096,6200,153,2135587861
2,32x32,empty,latency,10,4096,6160,154,2135587861
2,32x32,empty,latency,11,4096,6160,154,2135587861
2,32x32,empty,latency,12,4096,6200,154,2135587861
2,32x32,empty,latency,13,4096,6160,154,2135587861
2,32x32,empty,latency,14,4096,6200,153,2135587861
2,32x32,empty,latency,15,4096,6200,153,2135587861
2,32x32,empty,latency,16,4096,6200,153,2135587861
2,32x32,empty,latency,17,4096,6160,154,2135587861
2,32x32,empty,latency,18,4096,6200,154,2135587861
2,32x32,empty,latency,19,4096,6200,154,2135587861
2,32x32,empty,latency,20,4096,6200,154,2135587861
2,32x32,empty,latency,21,4096,6200,154,2135587861
2,32x32,empty,latency,22,4096,6160,154,2135587861
2,32x32,empty,latency,23,4096,6200,154,2135587861
2,32x32,empty,latency,24,4096,6200,153,2135587861
2,32x32,empty,latency,25,4096,6160,154,2135587861
2,32x32,empty,latency,26,4096,6200,154,2135587861
2,32x32,empty,latency,27,4096,6200,154,2135587861
2,32x32,empty,latency,28,4096,6200,154,2135587861
2,32x32,empty,latency,29,4096,6160,154,2135587861
3,32x32,empty,latency,0,4096,6320,156,2135587861
3,32x32,empty,latency,1,4096,6200,153,2135587861
3,32x32,empty,latency,2,4096,6200,154,2135587861
3,32x32,empty,latency,3,4096,6160,154,2135587861
3,32x32,empty,latency,4,4096,6160,154,2135587861
3,32x32,empty,latency,5,4096,6200,154,2135587861
3,32x32,empty,latency,6,4096,6200,154,2135587861
3,32x32,empty,latency,7,4096,6200,154,2135587861
3,32x32,empty,latency,8,4096,6200,153,2135587861
3,32x32,empty,latency,9,4096,6160,154,2135587861
3,32x32,empty,latency,10,4096,6160,154,2135587861
3,32x32,empty,latency,11,4096,6200,154,2135587861
3,32x32,empty,latency,12,4096,6200,153,2135587861
3,32x32,empty,latency,13,4096,6200,153,2135587861
3,32x32,empty,latency,14,4096,6200,154,2135587861
3,32x32,empty,latency,15,4096,6160,154,2135587861
3,32x32,empty,latency,16,4096,6200,154,2135587861
3,32x32,empty,latency,17,4096,6200,154,2135587861
3,32x32,empty,latency,18,4096,6200,154,2135587861
3,32x32,empty,latency,19,4096,6200,154,2135587861
3,32x32,empty,latency,20,4096,6200,154,2135587861
3,32x32,empty,latency,21,4096,6201,154,2135587861
3,32x32,empty,latency,22,4096,6160,154,2135587861
3,32x32,empty,latency,23,4096,6160,154,2135587861
3,32x32,empty,latency,24,4096,6200,153,2135587861
3,32x32,empty,latency,25,4096,6160,154,2135587861
3,32x32,empty,latency,26,4096,6200,154,2135587861
3,32x32,empty,latency,27,4096,6200,154,2135587861
3,32x32,empty,latency,28,4096,6200,154,2135587861
3,32x32,empty,latency,29,4096,6200,153,2135587861
4,32x32,empty,latency,0,4096,6840,169,2135587861
4,32x32,empty,latency,1,4096,6200,154,2135587861
4,32x32,empty,latency,2,4096,6200,153,2135587861
4,32x32,empty,latency,3,4096,6200,154,2135587861
4,32x32,empty,latency,4,4096,6200,153,2135587861
4,32x32,empty,latency,5,4096,6160,154,2135587861
4,32x32,empty,latency,6,4096,6160,154,2135587861
4,32x32,empty,latency,7,4096,6160,154,2135587861
4,32x32,empty,latency,8,4096,6160,154,2135587861
4,32x32,empty,latency,9,4096,6200,154,2135587861
4,32x32,empty,latency,10,4096,6160,154,2135587861
4,32x32,empty,latency,11,4096,6160,154,2135587861
4,32x32,empty,latency,12,4096,6160,154,2135587861
4,32x32,empty,latency,13,4096,6200,154,2135587861
4,32x32,empty,latency,14,4096,6201,154,2135587861
4,32x32,empty,latency,15,4096,6200,154,2135587861
4,32x32,empty,latency,16,4096,6160,154,2135587861
4,32x32,empty,latency,17,4096,6200,153,2135587861
4,32x32,empty,latency,18,4096,6200,154,2135587861
4,32x32,empty,latency,19,4096,6200,154,2135587861
4,32x32,empty,latency,20,4096,6160,154,2135587861
4,32x32,empty,latency,21,4096,6200,153,2135587861
4,32x32,empty,latency,22,4096,6200,154,2135587861
4,32x32,empty,latency,23,4096,6160,154,2135587861
4,32x32,empty,latency,24,4096,6160,154,2135587861
4,32x32,empty,latency,25,4096,6200,154,2135587861
4,32x32,empty,latency,26,4096,6200,154,2135587861
4,32x32,empty,latency,27,4096,6200,154,2135587861
4,32x32,empty,latency,28,4096,6200,153,2135587861
4,32x32,empty,latency,29,4096,6160,154,2135587861
5,32x32,empty,latency,0,4096,6320,157,2135587861
5,32x32,empty,latency,1,4096,6200,154,2135587861
5,32x32,empty,latency,2,4096,6160,154,2135587861
5,32x32,empty,latency,3,4096,6200,153,2135587861
5,32x32,empty,latency,4,4096,6200,154,2135587861
5,32x32,empty,latency,5,4096,6200,153,2135587861
5,32x32,empty,latency,6,4096,6160,154,2135587861
5,32x32,empty,latency,7,4096,6200,154,2135587861
5,32x32,empty,latency,8,4096,6160,154,2135587861
5,32x32,empty,latency,9,4096,6200,153,2135587861
5,32x32,empty,latency,10,4096,6200,154,2135587861
5,32x32,empty,latency,11,4096,6200,154,2135587861
5,32x32,empty,latency,12,4096,6200,154,2135587861
5,32x32,empty,latency,13,4096,6160,154,2135587861
5,32x32,empty,latency,14,4096,6200,153,2135587861
5,32x32,empty,latency,15,4096,6160,154,2135587861
5,32x32,empty,latency,16,4096,6200,153,2135587861
5,32x32,empty,latency,17,4096,6160,154,2135587861
5,32x32,empty,latency,18,4096,6200,153,2135587861
5,32x32,empty,latency,19,4096,6160,154,2135587861
5,32x32,empty,latency,20,4096,6200,154,2135587861
5,32x32,empty,latency,21,4096,6200,153,2135587861
5,32x32,empty,latency,22,4096,6160,154,2135587861
5,32x32,empty,latency,23,4096,6200,154,2135587861
5,32x32,empty,latency,24,4096,6200,153,2135587861
5,32x32,empty,latency,25,4096,6200,154,2135587861
5,32x32,empty,latency,26,4096,6160,154,2135587861
5,32x32,empty,latency,27,4096,6200,153,2135587861
5,32x32,empty,latency,28,4096,6200,153,2135587861
5,32x32,empty,latency,29,4096,6160,154,2135587861
1,32x32,empty,throughput,0,4096,5560,138,0
1,32x32,empty,throughput,1,4096,5520,137,0
1,32x32,empty,throughput,2,4096,5520,137,0
1,32x32,empty,throughput,3,4096,5520,137,0
1,32x32,empty,throughput,4,4096,5480,137,0
1,32x32,empty,throughput,5,4096,5520,136,0
1,32x32,empty,throughput,6,4096,5520,137,0
1,32x32,empty,throughput,7,4096,5521,137,0
1,32x32,empty,throughput,8,4096,5520,136,0
1,32x32,empty,throughput,9,4096,5480,137,0
1,32x32,empty,throughput,10,4096,5480,137,0
1,32x32,empty,throughput,11,4096,5480,137,0
1,32x32,empty,throughput,12,4096,5480,137,0
1,32x32,empty,throughput,13,4096,5480,137,0
1,32x32,empty,throughput,14,4096,5480,137,0
1,32x32,empty,throughput,15,4096,5520,136,0
1,32x32,empty,throughput,16,4096,5520,136,0
1,32x32,empty,throughput,17,4096,5520,137,0
1,32x32,empty,throughput,18,4096,5520,137,0
1,32x32,empty,throughput,19,4096,5480,137,0
1,32x32,empty,throughput,20,4096,5480,137,0
1,32x32,empty,throughput,21,4096,5480,137,0
1,32x32,empty,throughput,22,4096,5480,136,0
1,32x32,empty,throughput,23,4096,5520,136,0
1,32x32,empty,throughput,24,4096,5520,137,0
1,32x32,empty,throughput,25,4096,5520,137,0
1,32x32,empty,throughput,26,4096,5520,137,0
1,32x32,empty,throughput,27,4096,5480,137,0
1,32x32,empty,throughput,28,4096,5480,137,0
1,32x32,empty,throughput,29,4096,5480,137,0
4,32x32,empty,throughput,0,4096,5840,146,0
4,32x32,empty,throughput,1,4096,5840,146,0
4,32x32,empty,throughput,2,4096,5840,146,0
4,32x32,empty,throughput,3,4096,5841,145,0
4,32x32,empty,throughput,4,4096,5840,146,0
4,32x32,empty,throughput,5,4096,5840,145,0
4,32x32,empty,throughput,6,4096,5840,145,0
4,32x32,empty,throughput,7,4096,5840,146,0
4,32x32,empty,throughput,8,4096,5840,145,0
4,32x32,empty,throughput,9,4096,5840,146,0
4,32x32,empty,throughput,10,4096,5840,145,0
4,32x32,empty,throughput,11,4096,5840,145,0
4,32x32,empty,throughput,12,4096,5840,145,0
4,32x32,empty,throughput,13,4096,5840,145,0
4,32x32,empty,throughput,14,4096,5840,146,0
4,32x32,empty,throughput,15,4096,5840,145,0
4,32x32,empty,throughput,16,4096,5840,146,0
4,32x32,empty,throughput,17,4096,5840,145,0
4,32x32,empty,throughput,18,4096,5840,145,0
4,32x32,empty,throughput,19,4096,5840,145,0
4,32x32,empty,throughput,20,4096,5840,146,0
4,32x32,empty,throughput,21,4096,5840,145,0
4,32x32,empty,throughput,22,4096,5840,146,0
4,32x32,empty,throughput,23,4096,5840,145,0
4,32x32,empty,throughput,24,4096,5840,145,0
4,32x32,empty,throughput,25,4096,5840,146,0
4,32x32,empty,throughput,26,4096,5840,145,0
4,32x32,empty,throughput,27,4096,5840,146,0
4,32x32,empty,throughput,28,4096,5881,145,0
4,32x32,empty,throughput,29,4096,5840,146,0
5,32x32,empty,throughput,0,4096,5200,129,0
5,32x32,empty,throughput,1,4096,5160,128,0
5,32x32,empty,throughput,2,4096,5160,129,0
5,32x32,empty,throughput,3,4096,5160,128,0
5,32x32,empty,throughput,4,4096,5161,128,0
5,32x32,empty,throughput,5,4096,5160,129,0
5,32x32,empty,throughput,6,4096,5160,128,0
5,32x32,empty,throughput,7,4096,5160,128,0
5,32x32,empty,throughput,8,4096,5160,129,0
5,32x32,empty,throughput,9,4096,5160,128,0
5,32x32,empty,throughput,10,4096,5160,128,0
5,32x32,empty,throughput,11,4096,5160,128,0
5,32x32,empty,throughput,12,4096,5160,128,0
5,32x32,empty,throughput,13,4096,5160,128,0
5,32x32,empty,throughput,14,4096,5160,128,0
5,32x32,empty,throughput,15,4096,5160,128,0
5,32x32,empty,throughput,16,4096,5160,128,0
5,32x32,empty,throughput,17,4096,5160,129,0
5,32x32,empty,throughput,18,4096,5160,128,0
5,32x32,empty,throughput,19,4096,5160,128,0
5,32x32,empty,throughput,20,4096,5160,128,0
5,32x32,empty,throughput,21,4096,5160,128,0
5,32x32,empty,throughput,22,4096,5160,129,0
5,32x32,empty,throughput,23,4096,5160,128,0
5,32x32,empty,throughput,24,4096,5160,128,0
5,32x32,empty,throughput,25,4096,5160,129,0
5,32x32,empty,throughput,26,4096,5160,128,0
5,32x32,empty,throughput,27,4096,5160,128,0
5,32x32,empty,throughput,28,4096,5160,129,0
5,32x32,empty,throughput,29,4096,5160,128,0
1,32x32,neon,latency,0,4096,1271647,31788,2827835792
1,32x32,neon,latency,1,4096,1283327,32080,2827835792
1,32x32,neon,latency,2,4096,1253808,31343,2827835792
1,32x32,neon,latency,3,4096,1251168,31276,2827835792
1,32x32,neon,latency,4,4096,1670010,41728,2827835792
1,32x32,neon,latency,5,4096,1274688,31863,2827835792
1,32x32,neon,latency,6,4096,1263608,31587,2827835792
1,32x32,neon,latency,7,4096,1276968,31920,2827835792
1,32x32,neon,latency,8,4096,1251848,31293,2827835792
1,32x32,neon,latency,9,4096,1251008,31273,2827835792
1,32x32,neon,latency,10,4096,1279288,31976,2827835792
1,32x32,neon,latency,11,4096,1253127,31325,2827835792
1,32x32,neon,latency,12,4096,1251048,31273,2827835792
1,32x32,neon,latency,13,4096,1272288,31804,2827835792
1,32x32,neon,latency,14,4096,1255528,31386,2827835792
1,32x32,neon,latency,15,4096,1251288,31280,2827835792
1,32x32,neon,latency,16,4096,1251687,31290,2827835792
1,32x32,neon,latency,17,4096,1280768,32016,2827835792
1,32x32,neon,latency,18,4096,1251088,31274,2827835792
1,32x32,neon,latency,19,4096,1250528,31261,2827835792
1,32x32,neon,latency,20,4096,1283608,32085,2827835792
1,32x32,neon,latency,21,4096,1440929,36017,2827835792
1,32x32,neon,latency,22,4096,1259808,31493,2827835792
1,32x32,neon,latency,23,4096,1285247,32127,2827835792
1,32x32,neon,latency,24,4096,1260008,31495,2827835792
1,32x32,neon,latency,25,4096,1260288,31504,2827835792
1,32x32,neon,latency,26,4096,1277928,31944,2827835792
1,32x32,neon,latency,27,4096,1253328,31331,2827835792
1,32x32,neon,latency,28,4096,1253608,31338,2827835792
1,32x32,neon,latency,29,4096,1271007,31770,2827835792
3,32x32,neon,latency,0,4096,1304689,32613,2827835792
3,32x32,neon,latency,1,4096,1255647,31389,2827835792
3,32x32,neon,latency,2,4096,1253808,31342,2827835792
3,32x32,neon,latency,3,4096,1295608,32386,2827835792
3,32x32,neon,latency,4,4096,1258808,31467,2827835792
3,32x32,neon,latency,5,4096,1254128,31349,2827835792
3,32x32,neon,latency,6,4096,1284648,32111,2827835792
3,32x32,neon,latency,7,4096,1254368,31356,2827835792
3,32x32,neon,latency,8,4096,1252927,31320,2827835792
3,32x32,neon,latency,9,4096,1253008,31323,2827835792
3,32x32,neon,latency,10,4096,1279328,31981,2827835792
3,32x32,neon,latency,11,4096,1253248,31328,2827835792
3,32x32,neon,latency,12,4096,1252888,31320,2827835792
3,32x32,neon,latency,13,4096,1282368,32054,2827835792
3,32x32,neon,latency,14,4096,1256887,31420,2827835792
3,32x32,neon,latency,15,4096,1252368,31306,2827835792
3,32x32,neon,latency,16,4096,1282328,32056,2827835792
3,32x32,neon,latency,17,4096,1253168,31326,2827835792
3,32x32,neon,latency,18,4096,1260928,31521,2827835792
3,32x32,neon,latency,19,4096,1287768,32190,2827835792
3,32x32,neon,latency,20,4096,1255127,31375,2827835792
3,32x32,neon,latency,21,4096,1252608,31313,2827835792
3,32x32,neon,latency,22,4096,1270248,31752,2827835792
3,32x32,neon,latency,23,4096,1252208,31301,2827835792
3,32x32,neon,latency,24,4096,1252328,31305,2827835792
3,32x32,neon,latency,25,4096,1278248,31952,2827835792
3,32x32,neon,latency,26,4096,1252807,31318,2827835792
3,32x32,neon,latency,27,4096,1252488,31309,2827835792
3,32x32,neon,latency,28,4096,1251648,31288,2827835792
3,32x32,neon,latency,29,4096,1293208,32326,2827835792
5,32x32,neon,latency,0,4096,1298768,32464,2827835792
5,32x32,neon,latency,1,4096,1253008,31323,2827835792
5,32x32,neon,latency,2,4096,1251968,31297,2827835792
5,32x32,neon,latency,3,4096,1251367,31282,2827835792
5,32x32,neon,latency,4,4096,1277008,31921,2827835792
5,32x32,neon,latency,5,4096,1251168,31277,2827835792
5,32x32,neon,latency,6,4096,1250528,31259,2827835792
5,32x32,neon,latency,7,4096,1270008,31746,2827835792
5,32x32,neon,latency,8,4096,1257608,31436,2827835792
5,32x32,neon,latency,9,4096,1251687,31289,2827835792
5,32x32,neon,latency,10,4096,1266768,31666,2827835792
5,32x32,neon,latency,11,4096,1254368,31356,2827835792
5,32x32,neon,latency,12,4096,1253968,31347,2827835792
5,32x32,neon,latency,13,4096,1282808,32068,2827835792
5,32x32,neon,latency,14,4096,1250527,31261,2827835792
5,32x32,neon,latency,15,4096,1251287,31279,2827835792
5,32x32,neon,latency,16,4096,1285008,32121,2827835792
5,32x32,neon,latency,17,4096,1251568,31286,2827835792
5,32x32,neon,latency,18,4096,1250928,31271,2827835792
5,32x32,neon,latency,19,4096,1273328,31830,2827835792
5,32x32,neon,latency,20,4096,1254247,31353,2827835792
5,32x32,neon,latency,21,4096,1265088,31622,2827835792
5,32x32,neon,latency,22,4096,1256368,31405,2827835792
5,32x32,neon,latency,23,4096,1281888,32044,2827835792
5,32x32,neon,latency,24,4096,1250648,31264,2827835792
5,32x32,neon,latency,25,4096,1250248,31253,2827835792
5,32x32,neon,latency,26,4096,1270367,31757,2827835792
5,32x32,neon,latency,27,4096,1253288,31330,2827835792
5,32x32,neon,latency,28,4096,1250248,31254,2827835792
5,32x32,neon,latency,29,4096,1277048,31922,2827835792
1,32x32,neon,throughput,0,4096,1950132,48736,699368812
1,32x32,neon,throughput,1,4096,1784611,44598,699368812
1,32x32,neon,throughput,2,4096,1726131,43146,699368812
1,32x32,neon,throughput,3,4096,1759011,43963,699368812
1,32x32,neon,throughput,4,4096,1725171,43118,699368812
1,32x32,neon,throughput,5,4096,2595696,64860,699368812
1,32x32,neon,throughput,6,4096,1729050,43217,699368812
1,32x32,neon,throughput,7,4096,1703051,42565,699368812
1,32x32,neon,throughput,8,4096,1757771,43929,699368812
1,32x32,neon,throughput,9,4096,1754451,43838,699368812
1,32x32,neon,throughput,10,4096,1768331,44197,699368812
1,32x32,neon,throughput,11,4096,1705410,42626,699368812
1,32x32,neon,throughput,12,4096,1754891,43857,699368812
1,32x32,neon,throughput,13,4096,1722971,43066,699368812
1,32x32,neon,throughput,14,4096,1747971,43688,699368812
1,32x32,neon,throughput,15,4096,1720891,43010,699368812
1,32x32,neon,throughput,16,4096,1720810,43011,699368812
1,32x32,neon,throughput,17,4096,1758211,43938,699368812
1,32x32,neon,throughput,18,4096,1703011,42567,699368812
1,32x32,neon,throughput,19,4096,1753171,43815,699368812
1,32x32,neon,throughput,20,4096,1725010,43119,699368812
1,32x32,neon,throughput,21,4096,1755411,43873,699368812
1,32x32,neon,throughput,22,4096,1706171,42640,699368812
1,32x32,neon,throughput,23,4096,1722051,43038,699368812
1,32x32,neon,throughput,24,4096,1755930,43885,699368812
1,32x32,neon,throughput,25,4096,1724411,43103,699368812
1,32x32,neon,throughput,26,4096,1737291,43419,699368812
1,32x32,neon,throughput,27,4096,1732051,43286,699368812
1,32x32,neon,throughput,28,4096,1761771,44027,699368812
1,32x32,neon,throughput,29,4096,1727330,43177,699368812
2,32x32,neon,throughput,0,4096,2018092,50417,699368812
2,32x32,neon,throughput,1,4096,1808651,45198,699368812
2,32x32,neon,throughput,2,4096,1719611,42982,699368812
2,32x32,neon,throughput,3,4096,1729971,43238,699368812
2,32x32,neon,throughput,4,4096,1767291,44169,699368812
2,32x32,neon,throughput,5,4096,1727931,43188,699368812
2,32x32,neon,throughput,6,4096,1732890,43304,699368812
2,32x32,neon,throughput,7,4096,1722851,43064,699368812
2,32x32,neon,throughput,8,4096,1760371,43996,699368812
2,32x32,neon,throughput,9,4096,1709171,42720,699368812
2,32x32,neon,throughput,10,4096,1698730,42459,699368812
2,32x32,neon,throughput,11,4096,1762931,44059,699368812
2,32x32,neon,throughput,12,4096,1725251,43121,699368812
2,32x32,neon,throughput,13,4096,1736171,43389,699368812
2,32x32,neon,throughput,14,4096,1725050,43116,699368812
2,32x32,neon,throughput,15,4096,1762251,44041,699368812
2,32x32,neon,throughput,16,4096,1725571,43130,699368812
2,32x32,neon,throughput,17,4096,1740971,43507,699368812
2,32x32,neon,throughput,18,4096,1725611,43131,699368812
2,32x32,neon,throughput,19,4096,1763971,44074,699368812
2,32x32,neon,throughput,20,4096,1753210,43818,699368812
2,32x32,neon,throughput,21,4096,1768451,44191,699368812
2,32x32,neon,throughput,22,4096,1871892,46771,699368812
2,32x32,neon,throughput,23,4096,1730371,43248,699368812
2,32x32,neon,throughput,24,4096,1762171,44032,699368812
2,32x32,neon,throughput,25,4096,1730370,43241,699368812
2,32x32,neon,throughput,26,4096,1705771,42637,699368812
2,32x32,neon,throughput,27,4096,1779851,44456,699368812
2,32x32,neon,throughput,28,4096,2024173,50575,699368812
2,32x32,neon,throughput,29,4096,1783651,44580,699368812
3,32x32,neon,throughput,0,4096,1946852,48645,699368812
3,32x32,neon,throughput,1,4096,1778011,44431,699368812
3,32x32,neon,throughput,2,4096,1706050,42642,699368812
3,32x32,neon,throughput,3,4096,1715171,42872,699368812
3,32x32,neon,throughput,4,4096,1750931,43761,699368812
3,32x32,neon,throughput,5,4096,1701130,42518,699368812
3,32x32,neon,throughput,6,4096,1743530,43575,699368812
3,32x32,neon,throughput,7,4096,1717291,42924,699368812
3,32x32,neon,throughput,8,4096,1736771,43408,699368812
3,32x32,neon,throughput,9,4096,1697490,42431,699368812
3,32x32,neon,throughput,10,4096,1714851,42863,699368812
3,32x32,neon,throughput,11,4096,1739931,43486,699368812
3,32x32,neon,throughput,12,4096,1724450,43102,699368812
3,32x32,neon,throughput,13,4096,1732371,43295,699368812
3,32x32,neon,throughput,14,4096,1714531,42854,699368812
3,32x32,neon,throughput,15,4096,1744411,43596,699368812
3,32x32,neon,throughput,16,4096,1698010,42441,699368812
3,32x32,neon,throughput,17,4096,1712771,42810,699368812
3,32x32,neon,throughput,18,4096,1756571,43903,699368812
3,32x32,neon,throughput,19,4096,1714530,42856,699368812
3,32x32,neon,throughput,20,4096,1724491,43102,699368812
3,32x32,neon,throughput,21,4096,1712611,42805,699368812
3,32x32,neon,throughput,22,4096,1740091,43490,699368812
3,32x32,neon,throughput,23,4096,1810371,45239,699368812
3,32x32,neon,throughput,24,4096,1747451,43655,699368812
3,32x32,neon,throughput,25,4096,1720250,42995,699368812
3,32x32,neon,throughput,26,4096,1721771,43028,699368812
3,32x32,neon,throughput,27,4096,1745371,43623,699368812
3,32x32,neon,throughput,28,4096,1699490,42477,699368812
3,32x32,neon,throughput,29,4096,1743171,43567,699368812
4,32x32,neon,throughput,0,4096,1969892,49218,699368812
4,32x32,neon,throughput,1,4096,1742891,43561,699368812
4,32x32,neon,throughput,2,4096,1733411,43322,699368812
4,32x32,neon,throughput,3,4096,1712211,42792,699368812
4,32x32,neon,throughput,4,4096,1714810,42862,699368812
4,32x32,neon,throughput,5,4096,1749411,43720,699368812
4,32x32,neon,throughput,6,4096,1705611,42631,699368812
4,32x32,neon,throughput,7,4096,1795411,44869,699368812
4,32x32,neon,throughput,8,4096,1760491,43999,699368812
4,32x32,neon,throughput,9,4096,1776011,44392,699368812
4,32x32,neon,throughput,10,4096,1733611,43329,699368812
4,32x32,neon,throughput,11,4096,1752051,43791,699368812
4,32x32,neon,throughput,12,4096,1784971,44608,699368812
4,32x32,neon,throughput,13,4096,1734650,43358,699368812
4,32x32,neon,throughput,14,4096,1742691,43556,699368812
4,32x32,neon,throughput,15,4096,1723091,43069,699368812
4,32x32,neon,throughput,16,4096,1746771,43651,699368812
4,32x32,neon,throughput,17,4096,1716690,42908,699368812
4,32x32,neon,throughput,18,4096,1699610,42482,699368812
4,32x32,neon,throughput,19,4096,1741611,43524,699368812
4,32x32,neon,throughput,20,4096,1740771,43485,699368812
4,32x32,neon,throughput,21,4096,1731330,43264,699368812
4,32x32,neon,throughput,22,4096,1717371,42919,699368812
4,32x32,neon,throughput,23,4096,1749291,43717,699368812
4,32x32,neon,throughput,24,4096,2660576,66489,699368812
4,32x32,neon,throughput,25,4096,1747091,43665,699368812
4,32x32,neon,throughput,26,4096,1722811,43056,699368812
4,32x32,neon,throughput,27,4096,1746971,43656,699368812
4,32x32,neon,throughput,28,4096,1714571,42852,699368812
4,32x32,neon,throughput,29,4096,1701610,42530,699368812
5,32x32,neon,throughput,0,4096,1897971,47422,699368812
5,32x32,neon,throughput,1,4096,1770651,44238,699368812
5,32x32,neon,throughput,2,4096,1747891,43677,699368812
5,32x32,neon,throughput,3,4096,1736411,43390,699368812
5,32x32,neon,throughput,4,4096,1709091,42709,699368812
5,32x32,neon,throughput,5,4096,1713530,42829,699368812
5,32x32,neon,throughput,6,4096,1788811,44690,699368812
5,32x32,neon,throughput,7,4096,1711131,42761,699368812
5,32x32,neon,throughput,8,4096,1767571,44168,699368812
5,32x32,neon,throughput,9,4096,1724691,43104,699368812
5,32x32,neon,throughput,10,4096,1753531,43824,699368812
5,32x32,neon,throughput,11,4096,1705090,42619,699368812
5,32x32,neon,throughput,12,4096,1723211,43066,699368812
5,32x32,neon,throughput,13,4096,1763691,44081,699368812
5,32x32,neon,throughput,14,4096,1731731,43283,699368812
5,32x32,neon,throughput,15,4096,1734050,43342,699368812
5,32x32,neon,throughput,16,4096,1733891,43332,699368812
5,32x32,neon,throughput,17,4096,1772571,44295,699368812
5,32x32,neon,throughput,18,4096,1727291,43170,699368812
5,32x32,neon,throughput,19,4096,1705370,42625,699368812
5,32x32,neon,throughput,20,4096,1757811,43931,699368812
5,32x32,neon,throughput,21,4096,1724731,43105,699368812
5,32x32,neon,throughput,22,4096,1742251,43540,699368812
5,32x32,neon,throughput,23,4096,1729931,43234,699368812
5,32x32,neon,throughput,24,4096,1762451,44047,699368812
5,32x32,neon,throughput,25,4096,1735050,43362,699368812
5,32x32,neon,throughput,26,4096,1743731,43582,699368812
5,32x32,neon,throughput,27,4096,1726251,43145,699368812
5,32x32,neon,throughput,28,4096,1722651,43056,699368812
5,32x32,neon,throughput,29,4096,1758891,43960,699368812
2,64x64,c,latency,0,4096,19333120,483321,679760996
2,64x64,c,latency,1,4096,19461120,486510,679760996
2,64x64,c,latency,2,4096,19361840,484034,679760996
2,64x64,c,latency,3,4096,19424881,485610,679760996
2,64x64,c,latency,4,4096,20408406,510180,679760996
2,64x64,c,latency,5,4096,19396001,484891,679760996
2,64x64,c,latency,6,4096,19365400,484128,679760996
2,64x64,c,latency,7,4096,19363920,484092,679760996
2,64x64,c,latency,8,4096,19492801,487306,679760996
2,64x64,c,latency,9,4096,19397800,484936,679760996
2,64x64,c,latency,10,4096,19689362,492138,679760996
2,64x64,c,latency,11,4096,19431400,485772,679760996
2,64x64,c,latency,12,4096,19800202,494985,679760996
2,64x64,c,latency,13,4096,19380600,484496,679760996
2,64x64,c,latency,14,4096,19366961,484168,679760996
2,64x64,c,latency,15,4096,20118244,502937,679760996
2,64x64,c,latency,16,4096,19366920,484163,679760996
2,64x64,c,latency,17,4096,19346000,483644,679760996
2,64x64,c,latency,18,4096,19426401,485648,679760996
2,64x64,c,latency,19,4096,19334000,483343,679760996
2,64x64,c,latency,20,4096,19361280,484026,679760996
2,64x64,c,latency,21,4096,19358280,483949,679760996
2,64x64,c,latency,22,4096,19331520,483281,679760996
2,64x64,c,latency,23,4096,19331520,483281,679760996
2,64x64,c,latency,24,4096,19367080,484169,679760996
2,64x64,c,latency,25,4096,19335680,483379,679760996
2,64x64,c,latency,26,4096,20125604,503106,679760996
2,64x64,c,latency,27,4096,19369920,484242,679760996
2,64x64,c,latency,28,4096,19336200,483397,679760996
2,64x64,c,latency,29,4096,19371360,484275,679760996
3,64x64,c,latency,0,4096,19369200,484220,679760996
3,64x64,c,latency,1,4096,19340480,483506,679760996
3,64x64,c,latency,2,4096,19347560,483682,679760996
3,64x64,c,latency,3,4096,19327000,483169,679760996
3,64x64,c,latency,4,4096,19314040,482845,679760996
3,64x64,c,latency,5,4096,19339840,483487,679760996
3,64x64,c,latency,6,4096,20145045,503594,679760996
3,64x64,c,latency,7,4096,19394800,484861,679760996
3,64x64,c,latency,8,4096,19411440,485275,679760996
3,64x64,c,latency,9,4096,19376641,484409,679760996
3,64x64,c,latency,10,4096,19360040,483993,679760996
3,64x64,c,latency,11,4096,19389000,484718,679760996
3,64x64,c,latency,12,4096,19321360,483028,679760996
3,64x64,c,latency,13,4096,19362840,484059,679760996
3,64x64,c,latency,14,4096,19367480,484181,679760996
3,64x64,c,latency,15,4096,19394920,484858,679760996
3,64x64,c,latency,16,4096,19327400,483166,679760996
3,64x64,c,latency,17,4096,20122405,502998,679760996
3,64x64,c,latency,18,4096,19393880,484832,679760996
3,64x64,c,latency,19,4096,19365440,484121,679760996
3,64x64,c,latency,20,4096,19357920,483942,679760996
3,64x64,c,latency,21,4096,19347680,483680,679760996
3,64x64,c,latency,22,4096,19353520,483826,679760996
3,64x64,c,latency,23,4096,19376520,484397,679760996
3,64x64,c,latency,24,4096,19323200,483066,679760996
3,64x64,c,latency,25,4096,19292440,482303,679760996
3,64x64,c,latency,26,4096,19377080,484416,679760996
3,64x64,c,latency,27,4096,20146925,503639,679760996
3,64x64,c,latency,28,4096,19377400,484426,679760996
3,64x64,c,latency,29,4096,19347000,483664,679760996
4,64x64,c,latency,0,4096,19276600,481903,679760996
4,64x64,c,latency,1,4096,19297919,482442,679760996
4,64x64,c,latency,2,4096,19267680,481685,679760996
4,64x64,c,latency,3,4096,19277799,481936,679760996
4,64x64,c,latency,4,4096,19280520,482007,679760996
4,64x64,c,latency,5,4096,19386960,484660,679760996
4,64x64,c,latency,6,4096,19333480,483330,679760996
4,64x64,c,latency,7,4096,19297200,482415,679760996
4,64x64,c,latency,8,4096,20141365,503505,679760996
4,64x64,c,latency,9,4096,19276279,481897,679760996
4,64x64,c,latency,10,4096,19233079,480815,679760996
4,64x64,c,latency,11,4096,19457401,486413,679760996
4,64x64,c,latency,12,4096,19334920,483363,679760996
4,64x64,c,latency,13,4096,19361240,484016,679760996
4,64x64,c,latency,14,4096,19301840,482531,679760996
4,64x64,c,latency,15,4096,19308039,482689,679760996
4,64x64,c,latency,16,4096,19290800,482263,679760996
4,64x64,c,latency,17,4096,19317240,482922,679760996
4,64x64,c,latency,18,4096,20283846,507066,679760996
4,64x64,c,latency,19,4096,19363240,484075,679760996
4,64x64,c,latency,20,4096,19334680,483359,679760996
4,64x64,c,latency,21,4096,19324639,483106,679760996
4,64x64,c,latency,22,4096,19318800,482958,679760996
4,64x64,c,latency,23,4096,19307120,482664,679760996
4,64x64,c,latency,24,4096,19348280,483695,679760996
4,64x64,c,latency,25,4096,19417480,485417,679760996
4,64x64,c,latency,26,4096,19313080,482814,679760996
4,64x64,c,latency,27,4096,19294480,482356,679760996
4,64x64,c,latency,28,4096,19347600,483681,679760996
4,64x64,c,latency,29,4096,20390286,509723,679760996
5,64x64,c,latency,0,4096,19395560,484881,679760996
5,64x64,c,latency,1,4096,19386321,484652,679760996
5,64x64,c,latency,2,4096,19395240,484869,679760996
5,64x64,c,latency,3,4096,19372960,484314,679760996
5,64x64,c,latency,4,4096,19397160,484919,679760996
5,64x64,c,latency,5,4096,19323480,483078,679760996
5,64x64,c,latency,6,4096,19715002,492852,679760996
5,64x64,c,latency,7,4096,19384201,484598,679760996
5,64x64,c,latency,8,4096,19336839,483412,679760996
5,64x64,c,latency,9,4096,20320126,507946,679760996
5,64x64,c,latency,10,4096,19373320,484322,679760996
5,64x64,c,latency,11,4096,19408240,485197,679760996
5,64x64,c,latency,12,4096,19339480,483480,679760996
5,64x64,c,latency,13,4096,19528521,488196,679760996
5,64x64,c,latency,14,4096,19391200,484772,679760996
5,64x64,c,latency,15,4096,19360880,484016,679760996
5,64x64,c,latency,16,4096,19360400,484001,679760996
5,64x64,c,latency,17,4096,19390001,484739,679760996
5,64x64,c,latency,18,4096,19426400,485647,679760996
5,64x64,c,latency,19,4096,19374080,484343,679760996
5,64x64,c,latency,20,4096,20111685,502751,679760996
5,64x64,c,latency,21,4096,19381960,484543,679760996
5,64x64,c,latency,22,4096,19344080,483596,679760996
5,64x64,c,latency,23,4096,19367960,484193,679760996
5,64x64,c,latency,24,4096,19438401,485944,679760996
5,64x64,c,latency,25,4096,19362560,484058,679760996
5,64x64,c,latency,26,4096,19369680,484232,679760996
5,64x64,c,latency,27,4096,19381960,484543,679760996
5,64x64,c,latency,28,4096,19362640,484060,679760996
5,64x64,c,latency,29,4096,19357160,483922,679760996
1,64x64,c,throughput,0,4096,20643128,516029,2798714744
1,64x64,c,throughput,1,4096,20552048,513748,2798714744
1,64x64,c,throughput,2,4096,20459966,511439,2798714744
1,64x64,c,throughput,3,4096,20516887,512896,2798714744
1,64x64,c,throughput,4,4096,20281926,507002,2798714744
1,64x64,c,throughput,5,4096,20366406,509103,2798714744
1,64x64,c,throughput,6,4096,20386566,509642,2798714744
1,64x64,c,throughput,7,4096,20661609,516480,2798714744
1,64x64,c,throughput,8,4096,20766968,519106,2798714744
1,64x64,c,throughput,9,4096,20774289,519305,2798714744
1,64x64,c,throughput,10,4096,21362013,533966,2798714744
1,64x64,c,throughput,11,4096,20318526,507900,2798714744
1,64x64,c,throughput,12,4096,20377806,509399,2798714744
1,64x64,c,throughput,13,4096,20435247,510820,2798714744
1,64x64,c,throughput,14,4096,20841409,520973,2798714744
1,64x64,c,throughput,15,4096,21068411,526643,2798714744
1,64x64,c,throughput,16,4096,20985170,524566,2798714744
1,64x64,c,throughput,17,4096,21266412,531587,2798714744
1,64x64,c,throughput,18,4096,20985410,524569,2798714744
1,64x64,c,throughput,19,4096,21180891,529466,2798714744
1,64x64,c,throughput,20,4096,20572768,514255,2798714744
1,64x64,c,throughput,21,4096,20590688,514366,2798714744
1,64x64,c,throughput,22,4096,21518373,537907,2798714744
1,64x64,c,throughput,23,4096,20819289,520430,2798714744
1,64x64,c,throughput,24,4096,20362646,509027,2798714744
1,64x64,c,throughput,25,4096,20777088,519406,2798714744
1,64x64,c,throughput,26,4096,21001491,524976,2798714744
1,64x64,c,throughput,27,4096,20880649,521976,2798714744
1,64x64,c,throughput,28,4096,20425727,510583,2798714744
1,64x64,c,throughput,29,4096,21314372,532804,2798714744
2,64x64,c,throughput,0,4096,20815889,520341,2798714744
2,64x64,c,throughput,1,4096,21170972,529218,2798714744
2,64x64,c,throughput,2,4096,20982130,524480,2798714744
2,64x64,c,throughput,3,4096,20775689,519321,2798714744
2,64x64,c,throughput,4,4096,21041770,525987,2798714744
2,64x64,c,throughput,5,4096,20839249,520911,2798714744
2,64x64,c,throughput,6,4096,20617048,515371,2798714744
2,64x64,c,throughput,7,4096,20380487,509474,2798714744
2,64x64,c,throughput,8,4096,20474727,511800,2798714744
2,64x64,c,throughput,9,4096,21958536,548910,2798714744
2,64x64,c,throughput,10,4096,20973650,524289,2798714744
2,64x64,c,throughput,11,4096,20825009,520568,2798714744
2,64x64,c,throughput,12,4096,20552888,513760,2798714744
2,64x64,c,throughput,13,4096,20768488,519154,2798714744
2,64x64,c,throughput,14,4096,20934130,523296,2798714744
2,64x64,c,throughput,15,4096,20828289,520660,2798714744
2,64x64,c,throughput,16,4096,20622248,515520,2798714744
2,64x64,c,throughput,17,4096,20856570,521376,2798714744
2,64x64,c,throughput,18,4096,22410539,560182,2798714744
2,64x64,c,throughput,19,4096,22002216,549988,2798714744
2,64x64,c,throughput,20,4096,21022171,525486,2798714744
2,64x64,c,throughput,21,4096,20846289,521121,2798714744
2,64x64,c,throughput,22,4096,21078131,526911,2798714744
2,64x64,c,throughput,23,4096,21127651,528122,2798714744
2,64x64,c,throughput,24,4096,21230971,530703,2798714744
2,64x64,c,throughput,25,4096,21198692,529892,2798714744
2,64x64,c,throughput,26,4096,20913770,522776,2798714744
2,64x64,c,throughput,27,4096,20817249,520389,2798714744
2,64x64,c,throughput,28,4096,21922096,547995,2798714744
2,64x64,c,throughput,29,4096,20882129,521992,2798714744
3,64x64,c,throughput,0,4096,20942210,523477,2798714744
3,64x64,c,throughput,1,4096,20696368,517359,2798714744
3,64x64,c,throughput,2,4096,20868010,521642,2798714744
3,64x64,c,throughput,3,4096,20978850,524435,2798714744
3,64x64,c,throughput,4,4096,20794289,519803,2798714744
3,64x64,c,throughput,5,4096,20824089,520553,2798714744
3,64x64,c,throughput,6,4096,21018130,525392,2798714744
3,64x64,c,throughput,7,4096,21247972,531145,2798714744
3,64x64,c,throughput,8,4096,21936856,548362,2798714744
3,64x64,c,throughput,9,4096,20707049,517636,2798714744
3,64x64,c,throughput,10,4096,20546287,513596,2798714744
3,64x64,c,throughput,11,4096,20893130,522273,2798714744
3,64x64,c,throughput,12,4096,21186971,529619,2798714744
3,64x64,c,throughput,13,4096,20891570,522249,2798714744
3,64x64,c,throughput,14,4096,20901729,522482,2798714744
3,64x64,c,throughput,15,4096,23342945,583524,2798714744
3,64x64,c,throughput,16,4096,20950130,523695,2798714744
3,64x64,c,throughput,17,4096,21737295,543384,2798714744
3,64x64,c,throughput,18,4096,20431287,510736,2798714744
3,64x64,c,throughput,19,4096,20330966,508227,2798714744
3,64x64,c,throughput,20,4096,20508247,512637,2798714744
3,64x64,c,throughput,21,4096,20480527,511972,2798714744
3,64x64,c,throughput,22,4096,20591968,514751,2798714744
3,64x64,c,throughput,23,4096,20429686,510693,2798714744
3,64x64,c,throughput,24,4096,20560688,513966,2798714744
3,64x64,c,throughput,25,4096,20382206,509513,2798714744
3,64x64,c,throughput,26,4096,20798409,519902,2798714744
3,64x64,c,throughput,27,4096,21787255,544624,2798714744
3,64x64,c,throughput,28,4096,20981851,524481,2798714744
3,64x64,c,throughput,29,4096,20956209,523829,2798714744
4,64x64,c,throughput,0,4096,21173211,529262,2798714744
4,64x64,c,throughput,1,4096,20907970,522645,2798714744
4,64x64,c,throughput,2,4096,20591247,514742,2798714744
4,64x64,c,throughput,3,4096,20747449,518616,2798714744
4,64x64,c,throughput,4,4096,24558552,613903,2798714744
4,64x64,c,throughput,5,4096,21101931,527484,2798714744
4,64x64,c,throughput,6,4096,26691766,667247,2798714744
4,64x64,c,throughput,7,4096,21054170,526310,2798714744
4,64x64,c,throughput,8,4096,20943130,523536,2798714744
4,64x64,c,throughput,9,4096,20992530,524741,2798714744
4,64x64,c,throughput,10,4096,20990091,524698,2798714744
4,64x64,c,throughput,11,4096,20703128,517513,2798714744
4,64x64,c,throughput,12,4096,20582848,514514,2798714744
4,64x64,c,throughput,13,4096,20530207,513192,2798714744
4,64x64,c,throughput,14,4096,20798129,519878,2798714744
4,64x64,c,throughput,15,4096,21040051,525947,2798714744
4,64x64,c,throughput,16,4096,21432092,535734,2798714744
4,64x64,c,throughput,17,4096,20386007,509606,2798714744
4,64x64,c,throughput,18,4096,20749489,518682,2798714744
4,64x64,c,throughput,19,4096,20920729,522946,2798714744
4,64x64,c,throughput,20,4096,20489007,512182,2798714744
4,64x64,c,throughput,21,4096,20511007,512697,2798714744
4,64x64,c,throughput,22,4096,20589847,514691,2798714744
4,64x64,c,throughput,23,4096,20802449,519998,2798714744
4,64x64,c,throughput,24,4096,20748768,518656,2798714744
4,64x64,c,throughput,25,4096,20375087,509332,2798714744
4,64x64,c,throughput,26,4096,22058096,551373,2798714744
4,64x64,c,throughput,27,4096,20908330,522657,2798714744
4,64x64,c,throughput,28,4096,21243772,531034,2798714744
4,64x64,c,throughput,29,4096,21459693,536429,2798714744
5,64x64,c,throughput,0,4096,20854769,521296,2798714744
5,64x64,c,throughput,1,4096,21147291,528626,2798714744
5,64x64,c,throughput,2,4096,21134691,528308,2798714744
5,64x64,c,throughput,3,4096,20715609,517853,2798714744
5,64x64,c,throughput,4,4096,20565487,514091,2798714744
5,64x64,c,throughput,5,4096,21555334,538824,2798714744
5,64x64,c,throughput,6,4096,20695048,517311,2798714744
5,64x64,c,throughput,7,4096,20539847,513429,2798714744
5,64x64,c,throughput,8,4096,20449767,511206,2798714744
5,64x64,c,throughput,9,4096,20363126,509021,2798714744
5,64x64,c,throughput,10,4096,20442967,511007,2798714744
5,64x64,c,throughput,11,4096,20773409,519292,2798714744
5,64x64,c,throughput,12,4096,20515527,512826,2798714744
5,64x64,c,throughput,13,4096,20314166,507798,2798714744
5,64x64,c,throughput,14,4096,20279086,506920,2798714744
5,64x64,c,throughput,15,4096,21436093,535852,2798714744
5,64x64,c,throughput,16,4096,21340772,533474,2798714744
5,64x64,c,throughput,17,4096,20820769,520474,2798714744
5,64x64,c,throughput,18,4096,20646368,516101,2798714744
5,64x64,c,throughput,19,4096,20572368,514233,2798714744
5,64x64,c,throughput,20,4096,20776889,519346,2798714744
5,64x64,c,throughput,21,4096,20996730,524869,2798714744
5,64x64,c,throughput,22,4096,21277812,531877,2798714744
5,64x64,c,throughput,23,4096,20510527,512729,2798714744
5,64x64,c,throughput,24,4096,20440447,510976,2798714744
5,64x64,c,throughput,25,4096,21589014,539669,2798714744
5,64x64,c,throughput,26,4096,20376606,509369,2798714744
5,64x64,c,throughput,27,4096,20355646,508827,2798714744
5,64x64,c,throughput,28,4096,20160485,503962,2798714744
5,64x64,c,throughput,29,4096,20315246,507818,2798714744
2,64x64,empty,latency,0,4096,6400,158,2135587861
2,64x64,empty,latency,1,4096,6160,154,2135587861
2,64x64,empty,latency,2,4096,6201,153,2135587861
2,64x64,empty,latency,3,4096,6160,154,2135587861
2,64x64,empty,latency,4,4096,6200,154,2135587861
2,64x64,empty,latency,5,4096,6160,154,2135587861
2,64x64,empty,latency,6,4096,6160,154,2135587861
2,64x64,empty,latency,7,4096,6160,154,2135587861
2,64x64,empty,latency,8,4096,6200,154,2135587861
2,64x64,empty,latency,9,4096,6160,154,2135587861
2,64x64,empty,latency,10,4096,6200,153,2135587861
2,64x64,empty,latency,11,4096,6200,154,2135587861
2,64x64,empty,latency,12,4096,6160,154,2135587861
2,64x64,empty,latency,13,4096,6200,154,2135587861
2,64x64,empty,latency,14,4096,6160,154,2135587861
2,64x64,empty,latency,15,4096,6200,153,2135587861
2,64x64,empty,latency,16,4096,6160,154,2135587861
2,64x64,empty,latency,17,4096,6200,154,2135587861
2,64x64,empty,latency,18,4096,6200,154,2135587861
2,64x64,empty,latency,19,4096,6200,154,2135587861
2,64x64,empty,latency,20,4096,6200,154,2135587861
2,64x64,empty,latency,21,4096,6160,154,2135587861
2,64x64,empty,latency,22,4096,6160,154,2135587861
2,64x64,empty,latency,23,4096,6160,154,2135587861
2,64x64,empty,latency,24,4096,6160,154,2135587861
2,64x64,empty,latency,25,4096,6200,153,2135587861
2,64x64,empty,latency,26,4096,6201,154,2135587861
2,64x64,empty,latency,27,4096,6160,154,2135587861
2,64x64,empty,latency,28,4096,6200,154,2135587861
2,64x64,empty,latency,29,4096,6200,154,2135587861
3,64x64,empty,latency,0,4096,6560,163,2135587861
3,64x64,empty,latency,1,4096,6200,154,2135587861
3,64x64,empty,latency,2,4096,6200,154,2135587861
3,64x64,empty,latency,3,4096,6160,154,2135587861
3,64x64,empty,latency,4,4096,6200,154,2135587861
3,64x64,empty,latency,5,4096,6160,154,2135587861
3,64x64,empty,latency,6,4096,6160,154,2135587861
3,64x64,empty,latency,7,4096,6200,154,2135587861
3,64x64,empty,latency,8,4096,6200,154,2135587861
3,64x64,empty,latency,9,4096,6160,154,2135587861
3,64x64,empty,latency,10,4096,6160,154,2135587861
3,64x64,empty,latency,11,4096,6200,153,2135587861
3,64x64,empty,latency,12,4096,6200,154,2135587861
3,64x64,empty,latency,13,4096,6161,154,2135587861
3,64x64,empty,latency,14,4096,6200,154,2135587861
3,64x64,empty,latency,15,4096,6200,154,2135587861
3,64x64,empty,latency,16,4096,6200,153,2135587861
3,64x64,empty,latency,17,4096,6200,154,2135587861
3,64x64,empty,latency,18,4096,6200,154,2135587861
3,64x64,empty,latency,19,4096,6200,154,2135587861
3,64x64,empty,latency,20,4096,6160,154,2135587861
3,64x64,empty,latency,21,4096,6160,154,2135587861
3,64x64,empty,latency,22,4096,6160,154,2135587861
3,64x64,empty,latency,23,4096,6200,153,2135587861
3,64x64,empty,latency,24,4096,6200,153,2135587861
3,64x64,empty,latency,25,4096,6160,154,2135587861
3,64x64,empty,latency,26,4096,6160,154,2135587861
3,64x64,empty,latency,27,4096,6200,154,2135587861
3,64x64,empty,latency,28,4096,6200,153,2135587861
3,64x64,empty,latency,29,4096,6200,154,2135587861
5,64x64,empty,latency,0,4096,6480,160,2135587861
5,64x64,empty,latency,1,4096,6200,154,2135587861
5,64x64,empty,latency,2,4096,6200,153,2135587861
5,64x64,empty,latency,3,4096,6200,154,2135587861
5,64x64,empty,latency,4,4096,6160,154,2135587861
5,64x64,empty,latency,5,4096,6200,154,2135587861
5,64x64,empty,latency,6,4096,6160,154,2135587861
5,64x64,empty,latency,7,4096,6200,154,2135587861
5,64x64,empty,latency,8,4096,6160,154,2135587861
5,64x64,empty,latency,9,4096,6200,154,2135587861
5,64x64,empty,latency,10,4096,6200,154,2135587861
5,64x64,empty,latency,11,4096,6160,154,2135587861
5,64x64,empty,latency,12,4096,6160,154,2135587861
5,64x64,empty,latency,13,4096,6160,154,2135587861
5,64x64,empty,latency,14,4096,6200,154,2135587861
5,64x64,empty,latency,15,4096,6160,154,2135587861
5,64x64,empty,latency,16,4096,6160,154,2135587861
5,64x64,empty,latency,17,4096,6200,154,2135587861
5,64x64,empty,latency,18,4096,6160,154,2135587861
5,64x64,empty,latency,19,4096,6200,154,2135587861
5,64x64,empty,latency,20,4096,6160,154,2135587861
5,64x64,empty,latency,21,4096,6200,154,2135587861
5,64x64,empty,latency,22,4096,6161,154,2135587861
5,64x64,empty,latency,23,4096,6200,153,2135587861
5,64x64,empty,latency,24,4096,6200,154,2135587861
5,64x64,empty,latency,25,4096,6160,154,2135587861
5,64x64,empty,latency,26,4096,6160,154,2135587861
5,64x64,empty,latency,27,4096,6200,154,2135587861
5,64x64,empty,latency,28,4096,6160,154,2135587861
5,64x64,empty,latency,29,4096,6200,154,2135587861
1,64x64,empty,throughput,0,4096,5280,130,0
1,64x64,empty,throughput,1,4096,5160,128,0
1,64x64,empty,throughput,2,4096,5160,128,0
1,64x64,empty,throughput,3,4096,5160,128,0
1,64x64,empty,throughput,4,4096,5160,128,0
1,64x64,empty,throughput,5,4096,5160,129,0
1,64x64,empty,throughput,6,4096,5160,129,0
1,64x64,empty,throughput,7,4096,5160,128,0
1,64x64,empty,throughput,8,4096,5160,129,0
1,64x64,empty,throughput,9,4096,5161,128,0
1,64x64,empty,throughput,10,4096,5160,128,0
1,64x64,empty,throughput,11,4096,5120,128,0
1,64x64,empty,throughput,12,4096,5160,128,0
1,64x64,empty,throughput,13,4096,5160,129,0
1,64x64,empty,throughput,14,4096,5160,128,0
1,64x64,empty,throughput,15,4096,5160,128,0
1,64x64,empty,throughput,16,4096,5200,128,0
1,64x64,empty,throughput,17,4096,5160,128,0
1,64x64,empty,throughput,18,4096,5160,129,0
1,64x64,empty,throughput,19,4096,5160,128,0
1,64x64,empty,throughput,20,4096,5160,128,0
1,64x64,empty,throughput,21,4096,5160,128,0
1,64x64,empty,throughput,22,4096,5160,128,0
1,64x64,empty,throughput,23,4096,5160,128,0
1,64x64,empty,throughput,24,4096,5160,128,0
1,64x64,empty,throughput,25,4096,5160,129,0
1,64x64,empty,throughput,26,4096,5160,128,0
1,64x64,empty,throughput,27,4096,5160,128,0
1,64x64,empty,throughput,28,4096,5160,128,0
1,64x64,empty,throughput,29,4096,5160,128,0
2,64x64,empty,throughput,0,4096,5560,138,0
2,64x64,empty,throughput,1,4096,5520,136,0
2,64x64,empty,throughput,2,4096,5520,137,0
2,64x64,empty,throughput,3,4096,5480,136,0
2,64x64,empty,throughput,4,4096,5520,137,0
2,64x64,empty,throughput,5,4096,5520,137,0
2,64x64,empty,throughput,6,4096,5480,137,0
2,64x64,empty,throughput,7,4096,5520,136,0
2,64x64,empty,throughput,8,4096,5520,137,0
2,64x64,empty,throughput,9,4096,5520,137,0
2,64x64,empty,throughput,10,4096,5480,137,0
2,64x64,empty,throughput,11,4096,5480,137,0
2,64x64,empty,throughput,12,4096,5480,137,0
2,64x64,empty,throughput,13,4096,5520,136,0
2,64x64,empty,throughput,14,4096,5520,137,0
2,64x64,empty,throughput,15,4096,5480,137,0
2,64x64,empty,throughput,16,4096,5480,137,0
2,64x64,empty,throughput,17,4096,5520,137,0
2,64x64,empty,throughput,18,4096,5520,137,0
2,64x64,empty,throughput,19,4096,5480,137,0
2,64x64,empty,throughput,20,4096,5480,137,0
2,64x64,empty,throughput,21,4096,5480,137,0
2,64x64,empty,throughput,22,4096,5480,137,0
2,64x64,empty,throughput,23,4096,5520,136,0
2,64x64,empty,throughput,24,4096,5521,136,0
2,64x64,empty,throughput,25,4096,5480,136,0
2,64x64,empty,throughput,26,4096,5520,136,0
2,64x64,empty,throughput,27,4096,5520,137,0
2,64x64,empty,throughput,28,4096,5520,137,0
2,64x64,empty,throughput,29,4096,5520,136,0
3,64x64,empty,throughput,0,4096,5600,138,0
3,64x64,empty,throughput,1,4096,5480,137,0
3,64x64,empty,throughput,2,4096,5480,137,0
3,64x64,empty,throughput,3,4096,5520,137,0
3,64x64,empty,throughput,4,4096,5520,137,0
3,64x64,empty,throughput,5,4096,5520,137,0
3,64x64,empty,throughput,6,4096,5480,137,0
3,64x64,empty,throughput,7,4096,5520,137,0
3,64x64,empty,throughput,8,4096,5520,137,0
3,64x64,empty,throughput,9,4096,5520,137,0
3,64x64,empty,throughput,10,4096,5520,137,0
3,64x64,empty,throughput,11,4096,5520,136,0
3,64x64,empty,throughput,12,4096,5520,137,0
3,64x64,empty,throughput,13,4096,5520,137,0
3,64x64,empty,throughput,14,4096,5520,137,0
3,64x64,empty,throughput,15,4096,5481,137,0
3,64x64,empty,throughput,16,4096,5520,136,0
3,64x64,empty,throughput,17,4096,5520,136,0
3,64x64,empty,throughput,18,4096,5520,136,0
3,64x64,empty,throughput,19,4096,5520,136,0
3,64x64,empty,throughput,20,4096,5480,137,0
3,64x64,empty,throughput,21,4096,5480,137,0
3,64x64,empty,throughput,22,4096,5480,137,0
3,64x64,empty,throughput,23,4096,5520,136,0
3,64x64,empty,throughput,24,4096,5520,136,0
3,64x64,empty,throughput,25,4096,5520,136,0
3,64x64,empty,throughput,26,4096,5520,136,0
3,64x64,empty,throughput,27,4096,5520,136,0
3,64x64,empty,throughput,28,4096,5520,137,0
3,64x64,empty,throughput,29,4096,5520,137,0
5,64x64,empty,throughput,0,4096,5200,129,0
5,64x64,empty,throughput,1,4096,5200,128,0
5,64x64,empty,throughput,2,4096,5200,128,0
5,64x64,empty,throughput,3,4096,5160,128,0
5,64x64,empty,throughput,4,4096,5160,128,0
5,64x64,empty,throughput,5,4096,5160,128,0
5,64x64,empty,throughput,6,4096,5160,129,0
5,64x64,empty,throughput,7,4096,5160,128,0
5,64x64,empty,throughput,8,4096,5160,128,0
5,64x64,empty,throughput,9,4096,5160,128,0
5,64x64,empty,throughput,10,4096,5160,128,0
5,64x64,empty,throughput,11,4096,5160,128,0
5,64x64,empty,throughput,12,4096,5160,129,0
5,64x64,empty,throughput,13,4096,5160,128,0
5,64x64,empty,throughput,14,4096,5161,128,0
5,64x64,empty,throughput,15,4096,5160,129,0
5,64x64,empty,throughput,16,4096,5160,129,0
5,64x64,empty,throughput,17,4096,5160,128,0
5,64x64,empty,throughput,18,4096,5160,128,0
5,64x64,empty,throughput,19,4096,5160,128,0
5,64x64,empty,throughput,20,4096,5160,129,0
5,64x64,empty,throughput,21,4096,5160,129,0
5,64x64,empty,throughput,22,4096,5160,129,0
5,64x64,empty,throughput,23,4096,5200,128,0
5,64x64,empty,throughput,24,4096,5160,128,0
5,64x64,empty,throughput,25,4096,5160,129,0
5,64x64,empty,throughput,26,4096,5160,128,0
5,64x64,empty,throughput,27,4096,5160,128,0
5,64x64,empty,throughput,28,4096,5160,128,0
5,64x64,empty,throughput,29,4096,5160,129,0
1,64x64,neon,latency,0,4096,4252066,106298,679760996
1,64x64,neon,latency,1,4096,4231706,105787,679760996
1,64x64,neon,latency,2,4096,4230267,105751,679760996
1,64x64,neon,latency,3,4096,4235026,105871,679760996
1,64x64,neon,latency,4,4096,4227266,105677,679760996
1,64x64,neon,latency,5,4096,5004031,125072,679760996
1,64x64,neon,latency,6,4096,4273587,106831,679760996
1,64x64,neon,latency,7,4096,4246346,106155,679760996
1,64x64,neon,latency,8,4096,4226186,105651,679760996
1,64x64,neon,latency,9,4096,4255187,106375,679760996
1,64x64,neon,latency,10,4096,4482307,112049,679760996
1,64x64,neon,latency,11,4096,4239507,105985,679760996
1,64x64,neon,latency,12,4096,4228266,105701,679760996
1,64x64,neon,latency,13,4096,4229506,105732,679760996
1,64x64,neon,latency,14,4096,4244906,106118,679760996
1,64x64,neon,latency,15,4096,4239426,105982,679760996
1,64x64,neon,latency,16,4096,4248066,106197,679760996
1,64x64,neon,latency,17,4096,4232866,105818,679760996
1,64x64,neon,latency,18,4096,4230307,105753,679760996
1,64x64,neon,latency,19,4096,4234706,105864,679760996
1,64x64,neon,latency,20,4096,4256306,106403,679760996
1,64x64,neon,latency,21,4096,4235027,105872,679760996
1,64x64,neon,latency,22,4096,4230146,105748,679760996
1,64x64,neon,latency,23,4096,4240986,106020,679760996
1,64x64,neon,latency,24,4096,4249946,106243,679760996
1,64x64,neon,latency,25,4096,4258107,106447,679760996
1,64x64,neon,latency,26,4096,4236546,105909,679760996
1,64x64,neon,latency,27,4096,4231986,105796,679760996
1,64x64,neon,latency,28,4096,4235987,105896,679760996
1,64x64,neon,latency,29,4096,4242986,106071,679760996
2,64x64,neon,latency,0,4096,4249906,106237,679760996
2,64x64,neon,latency,1,4096,5060912,126477,679760996
2,64x64,neon,latency,2,4096,4251426,106280,679760996
2,64x64,neon,latency,3,4096,4238147,105948,679760996
2,64x64,neon,latency,4,4096,4237626,105936,679760996
2,64x64,neon,latency,5,4096,4232546,105811,679760996
2,64x64,neon,latency,6,4096,4340707,108503,679760996
2,64x64,neon,latency,7,4096,4239626,105982,679760996
2,64x64,neon,latency,8,4096,4248427,106206,679760996
2,64x64,neon,latency,9,4096,4233826,105840,679760996
2,64x64,neon,latency,10,4096,4237666,105938,679760996
2,64x64,neon,latency,11,4096,4229866,105741,679760996
2,64x64,neon,latency,12,4096,4235307,105879,679760996
2,64x64,neon,latency,13,4096,4237026,105921,679760996
2,64x64,neon,latency,14,4096,4231906,105793,679760996
2,64x64,neon,latency,15,4096,4250867,106267,679760996
2,64x64,neon,latency,16,4096,4234506,105859,679760996
2,64x64,neon,latency,17,4096,4235466,105881,679760996
2,64x64,neon,latency,18,4096,4238586,105960,679760996
2,64x64,neon,latency,19,4096,4233667,105836,679760996
2,64x64,neon,latency,20,4096,4221586,105535,679760996
2,64x64,neon,latency,21,4096,4252066,106297,679760996
2,64x64,neon,latency,22,4096,4234027,105846,679760996
2,64x64,neon,latency,23,4096,4238866,105967,679760996
2,64x64,neon,latency,24,4096,4240106,105998,679760996
2,64x64,neon,latency,25,4096,4231786,105790,679760996
2,64x64,neon,latency,26,4096,4256307,106400,679760996
2,64x64,neon,latency,27,4096,4236626,105912,679760996
2,64x64,neon,latency,28,4096,4238066,105947,679760996
2,64x64,neon,latency,29,4096,4237787,105941,679760996
3,64x64,neon,latency,0,4096,4250466,106255,679760996
3,64x64,neon,latency,1,4096,4239347,105979,679760996
3,64x64,neon,latency,2,4096,4229626,105737,679760996
3,64x64,neon,latency,3,4096,4229026,105722,679760996
3,64x64,neon,latency,4,4096,4233467,105833,679760996
3,64x64,neon,latency,5,4096,4234146,105849,679760996
3,64x64,neon,latency,6,4096,4232986,105820,679760996
3,64x64,neon,latency,7,4096,4234546,105860,679760996
3,64x64,neon,latency,8,4096,4254507,106359,679760996
3,64x64,neon,latency,9,4096,4243426,106082,679760996
3,64x64,neon,latency,10,4096,4230826,105767,679760996
3,64x64,neon,latency,11,4096,4242227,106052,679760996
3,64x64,neon,latency,12,4096,4240706,106013,679760996
3,64x64,neon,latency,13,4096,4239586,105986,679760996
3,64x64,neon,latency,14,4096,4243306,106077,679760996
3,64x64,neon,latency,15,4096,4243547,106083,679760996
3,64x64,neon,latency,16,4096,4295546,107379,679760996
3,64x64,neon,latency,17,4096,4257067,106422,679760996
3,64x64,neon,latency,18,4096,4229946,105744,679760996
3,64x64,neon,latency,19,4096,4242826,106065,679760996
3,64x64,neon,latency,20,4096,4248147,106198,679760996
3,64x64,neon,latency,21,4096,4242666,106061,679760996
3,64x64,neon,latency,22,4096,4239546,105985,679760996
3,64x64,neon,latency,23,4096,4233747,105838,679760996
3,64x64,neon,latency,24,4096,4267666,106687,679760996
3,64x64,neon,latency,25,4096,4241346,106029,679760996
3,64x64,neon,latency,26,4096,4258747,106463,679760996
3,64x64,neon,latency,27,4096,4244866,106117,679760996
3,64x64,neon,latency,28,4096,4240586,106010,679760996
3,64x64,neon,latency,29,4096,4228147,105700,679760996
4,64x64,neon,latency,0,4096,4248186,106200,679760996
4,64x64,neon,latency,1,4096,4235306,105868,679760996
4,64x64,neon,latency,2,4096,4273147,106820,679760996
4,64x64,neon,latency,3,4096,4232826,105816,679760996
4,64x64,neon,latency,4,4096,4249226,106224,679760996
4,64x64,neon,latency,5,4096,4233427,105832,679760996
4,64x64,neon,latency,6,4096,4226706,105662,679760996
4,64x64,neon,latency,7,4096,4236546,105907,679760996
4,64x64,neon,latency,8,4096,4230746,105760,679760996
4,64x64,neon,latency,9,4096,4236547,105909,679760996
4,64x64,neon,latency,10,4096,4219346,105480,679760996
4,64x64,neon,latency,11,4096,4226266,105651,679760996
4,64x64,neon,latency,12,4096,4242426,106058,679760996
4,64x64,neon,latency,13,4096,4227747,105690,679760996
4,64x64,neon,latency,14,4096,4232186,105801,679760996
4,64x64,neon,latency,15,4096,4228026,105696,679760996
4,64x64,neon,latency,16,4096,4233426,105830,679760996
4,64x64,neon,latency,17,4096,4233507,105833,679760996
4,64x64,neon,latency,18,4096,4229626,105736,679760996
4,64x64,neon,latency,19,4096,4326307,108148,679760996
4,64x64,neon,latency,20,4096,4249226,106227,679760996
4,64x64,neon,latency,21,4096,4236306,105902,679760996
4,64x64,neon,latency,22,4096,4236027,105895,679760996
4,64x64,neon,latency,23,4096,4382667,109557,679760996
4,64x64,neon,latency,24,4096,4240026,105998,679760996
4,64x64,neon,latency,25,4096,4235026,105871,679760996
4,64x64,neon,latency,26,4096,4251547,106282,679760996
4,64x64,neon,latency,27,4096,4230026,105746,679760996
4,64x64,neon,latency,28,4096,4227546,105686,679760996
4,64x64,neon,latency,29,4096,4225746,105640,679760996
5,64x64,neon,latency,0,4096,4253266,106326,679760996
5,64x64,neon,latency,1,4096,4239707,105988,679760996
5,64x64,neon,latency,2,4096,4233666,105836,679760996
5,64x64,neon,latency,3,4096,4229066,105723,679760996
5,64x64,neon,latency,4,4096,4233266,105827,679760996
5,64x64,neon,latency,5,4096,4230906,105769,679760996
5,64x64,neon,latency,6,4096,4232026,105795,679760996
5,64x64,neon,latency,7,4096,4234746,105865,679760996
5,64x64,neon,latency,8,4096,4251187,106276,679760996
5,64x64,neon,latency,9,4096,4259426,106476,679760996
5,64x64,neon,latency,10,4096,4238026,105946,679760996
5,64x64,neon,latency,11,4096,4258587,106457,679760996
5,64x64,neon,latency,12,4096,4244506,106107,679760996
5,64x64,neon,latency,13,4096,4247946,106192,679760996
5,64x64,neon,latency,14,4096,4240467,106006,679760996
5,64x64,neon,latency,15,4096,4235626,105884,679760996
5,64x64,neon,latency,16,4096,4239746,105990,679760996
5,64x64,neon,latency,17,4096,4242147,106051,679760996
5,64x64,neon,latency,18,4096,4242226,106053,679760996
5,64x64,neon,latency,19,4096,4233946,105846,679760996
5,64x64,neon,latency,20,4096,4230706,105763,679760996
5,64x64,neon,latency,21,4096,4238867,105968,679760996
5,64x64,neon,latency,22,4096,4245866,106141,679760996
5,64x64,neon,latency,23,4096,4239266,105977,679760996
5,64x64,neon,latency,24,4096,4233187,105824,679760996
5,64x64,neon,latency,25,4096,4232826,105817,679760996
5,64x64,neon,latency,26,4096,4407307,110175,679760996
5,64x64,neon,latency,27,4096,4251507,106282,679760996
5,64x64,neon,latency,28,4096,4238986,105970,679760996
5,64x64,neon,latency,29,4096,4236986,105919,679760996
1,64x64,neon,throughput,0,4096,5238593,130910,2798714744
1,64x64,neon,throughput,1,4096,4946990,123224,2798714744
1,64x64,neon,throughput,2,4096,4943711,123543,2798714744
1,64x64,neon,throughput,3,4096,4930831,123235,2798714744
1,64x64,neon,throughput,4,4096,4962911,124044,2798714744
1,64x64,neon,throughput,5,4096,4913630,122816,2798714744
1,64x64,neon,throughput,6,4096,4931591,123262,2798714744
1,64x64,neon,throughput,7,4096,4930710,123236,2798714744
1,64x64,neon,throughput,8,4096,4931231,123249,2798714744
1,64x64,neon,throughput,9,4096,4968151,124181,2798714744
1,64x64,neon,throughput,10,4096,4925190,123111,2798714744
1,64x64,neon,throughput,11,4096,4921311,123013,2798714744
1,64x64,neon,throughput,12,4096,4906630,122648,2798714744
1,64x64,neon,throughput,13,4096,4952791,123795,2798714744
1,64x64,neon,throughput,14,4096,4918511,122940,2798714744
1,64x64,neon,throughput,15,4096,4955630,123862,2798714744
1,64x64,neon,throughput,16,4096,4929751,123219,2798714744
1,64x64,neon,throughput,17,4096,4957991,123924,2798714744
1,64x64,neon,throughput,18,4096,4922990,123045,2798714744
1,64x64,neon,throughput,19,4096,4913071,122796,2798714744
1,64x64,neon,throughput,20,4096,4920830,122998,2798714744
1,64x64,neon,throughput,21,4096,5013071,125282,2798714744
1,64x64,neon,throughput,22,4096,4926750,123129,2798714744
1,64x64,neon,throughput,23,4096,4928951,123185,2798714744
1,64x64,neon,throughput,24,4096,4931030,123249,2798714744
1,64x64,neon,throughput,25,4096,4922031,123026,2798714744
1,64x64,neon,throughput,26,4096,5164712,129081,2798714744
1,64x64,neon,throughput,27,4096,4950671,123729,2798714744
1,64x64,neon,throughput,28,4096,4944870,123600,2798714744
1,64x64,neon,throughput,29,4096,5839997,145947,2798714744
2,64x64,neon,throughput,0,4096,5215473,130343,2798714744
2,64x64,neon,throughput,1,4096,4983631,124553,2798714744
2,64x64,neon,throughput,2,4096,4924310,123080,2798714744
2,64x64,neon,throughput,3,4096,4953751,123820,2798714744
2,64x64,neon,throughput,4,4096,4939111,123459,2798714744
2,64x64,neon,throughput,5,4096,4926550,123143,2798714744
2,64x64,neon,throughput,6,4096,4926391,123139,2798714744
2,64x64,neon,throughput,7,4096,4993071,124783,2798714744
2,64x64,neon,throughput,8,4096,5032991,125778,2798714744
2,64x64,neon,throughput,9,4096,4949991,123709,2798714744
2,64x64,neon,throughput,10,4096,4941671,123518,2798714744
2,64x64,neon,throughput,11,4096,4957310,123901,2798714744
2,64x64,neon,throughput,12,4096,4923751,123065,2798714744
2,64x64,neon,throughput,13,4096,4906470,122640,2798714744
2,64x64,neon,throughput,14,4096,4910231,122715,2798714744
2,64x64,neon,throughput,15,4096,4980271,124475,2798714744
2,64x64,neon,throughput,16,4096,4906350,122636,2798714744
2,64x64,neon,throughput,17,4096,4935151,123343,2798714744
2,64x64,neon,throughput,18,4096,4922950,123055,2798714744
2,64x64,neon,throughput,19,4096,4930311,123233,2798714744
2,64x64,neon,throughput,20,4096,4951151,123755,2798714744
2,64x64,neon,throughput,21,4096,5813596,145288,2798714744
2,64x64,neon,throughput,22,4096,4937831,123419,2798714744
2,64x64,neon,throughput,23,4096,4967910,124170,2798714744
2,64x64,neon,throughput,24,4096,4938711,123433,2798714744
2,64x64,neon,throughput,25,4096,4930111,123217,2798714744
2,64x64,neon,throughput,26,4096,4937070,123401,2798714744
2,64x64,neon,throughput,27,4096,5016431,125348,2798714744
2,64x64,neon,throughput,28,4096,5020471,125480,2798714744
2,64x64,neon,throughput,29,4096,5051591,126261,2798714744
3,64x64,neon,throughput,0,4096,5218473,130405,2798714744
3,64x64,neon,throughput,1,4096,5115871,127850,2798714744
3,64x64,neon,throughput,2,4096,5057832,126391,2798714744
3,64x64,neon,throughput,3,4096,5786596,144629,2798714744
3,64x64,neon,throughput,4,4096,4986231,124624,2798714744
3,64x64,neon,throughput,5,4096,4946430,123640,2798714744
3,64x64,neon,throughput,6,4096,4931631,123265,2798714744
3,64x64,neon,throughput,7,4096,4942591,123540,2798714744
3,64x64,neon,throughput,8,4096,4989351,124695,2798714744
3,64x64,neon,throughput,9,4096,5034111,125808,2798714744
3,64x64,neon,throughput,10,4096,4962271,124030,2798714744
3,64x64,neon,throughput,11,4096,4982671,124502,2798714744
3,64x64,neon,throughput,12,4096,4979790,124444,2798714744
3,64x64,neon,throughput,13,4096,4949750,123711,2798714744
3,64x64,neon,throughput,14,4096,4930031,123228,2798714744
3,64x64,neon,throughput,15,4096,4938830,123444,2798714744
3,64x64,neon,throughput,16,4096,4988270,124677,2798714744
3,64x64,neon,throughput,17,4096,5079471,126948,2798714744
3,64x64,neon,throughput,18,4096,4948111,123668,2798714744
3,64x64,neon,throughput,19,4096,4958950,123945,2798714744
3,64x64,neon,throughput,20,4096,4989230,124710,2798714744
3,64x64,neon,throughput,21,4096,4975511,124369,2798714744
3,64x64,neon,throughput,22,4096,4954351,123838,2798714744
3,64x64,neon,throughput,23,4096,4952871,123802,2798714744
3,64x64,neon,throughput,24,4096,4965271,124109,2798714744
3,64x64,neon,throughput,25,4096,4948470,123693,2798714744
3,64x64,neon,throughput,26,4096,4911111,122751,2798714744
3,64x64,neon,throughput,27,4096,4925270,123110,2798714744
3,64x64,neon,throughput,28,4096,5067391,126639,2798714744
3,64x64,neon,throughput,29,4096,4944311,123583,2798714744
4,64x64,neon,throughput,0,4096,5156992,128884,2798714744
4,64x64,neon,throughput,1,4096,4985631,124612,2798714744
4,64x64,neon,throughput,2,4096,4921310,123003,2798714744
4,64x64,neon,throughput,3,4096,4921591,123020,2798714744
4,64x64,neon,throughput,4,4096,4918310,122945,2798714744
4,64x64,neon,throughput,5,4096,4955471,123858,2798714744
4,64x64,neon,throughput,6,4096,4968911,124189,2798714744
4,64x64,neon,throughput,7,4096,4926591,123139,2798714744
4,64x64,neon,throughput,8,4096,4927830,123171,2798714744
4,64x64,neon,throughput,9,4096,4962271,124033,2798714744
4,64x64,neon,throughput,10,4096,4918071,122933,2798714744
4,64x64,neon,throughput,11,4096,4902830,122550,2798714744
4,64x64,neon,throughput,12,4096,4914590,122846,2798714744
4,64x64,neon,throughput,13,4096,4940950,123505,2798714744
4,64x64,neon,throughput,14,4096,4933671,123316,2798714744
4,64x64,neon,throughput,15,4096,4927590,123170,2798714744
4,64x64,neon,throughput,16,4096,4917151,122912,2798714744
4,64x64,neon,throughput,17,4096,4914350,122842,2798714744
4,64x64,neon,throughput,18,4096,4974191,124336,2798714744
4,64x64,neon,throughput,19,4096,5056712,126364,2798714744
4,64x64,neon,throughput,20,4096,4966831,124137,2798714744
4,64x64,neon,throughput,21,4096,4961910,124014,2798714744
4,64x64,neon,throughput,22,4096,4953351,123811,2798714744
4,64x64,neon,throughput,23,4096,4923191,123061,2798714744
4,64x64,neon,throughput,24,4096,4928670,123185,2798714744
4,64x64,neon,throughput,25,4096,4910991,122758,2798714744
4,64x64,neon,throughput,26,4096,4958390,123934,2798714744
4,64x64,neon,throughput,27,4096,4922830,123043,2798714744
4,64x64,neon,throughput,28,4096,4920271,122986,2798714744
4,64x64,neon,throughput,29,4096,4892190,122289,2798714744
5,64x64,neon,throughput,0,4096,5155152,128837,2798714744
5,64x64,neon,throughput,1,4096,5001191,124994,2798714744
5,64x64,neon,throughput,2,4096,4937391,123393,2798714744
5,64x64,neon,throughput,3,4096,4923670,123069,2798714744
5,64x64,neon,throughput,4,4096,4924511,123092,2798714744
5,64x64,neon,throughput,5,4096,4963111,124051,2798714744
5,64x64,neon,throughput,6,4096,4921350,123007,2798714744
5,64x64,neon,throughput,7,4096,4936111,123350,2798714744
5,64x64,neon,throughput,8,4096,4931711,123252,2798714744
5,64x64,neon,throughput,9,4096,5008271,125169,2798714744
5,64x64,neon,throughput,10,4096,4936550,123371,2798714744
5,64x64,neon,throughput,11,4096,4968791,124158,2798714744
5,64x64,neon,throughput,12,4096,4921871,123015,2798714744
5,64x64,neon,throughput,13,4096,4927550,123162,2798714744
5,64x64,neon,throughput,14,4096,4989711,124712,2798714744
5,64x64,neon,throughput,15,4096,4923751,123062,2798714744
5,64x64,neon,throughput,16,4096,4919751,122966,2798714744
5,64x64,neon,throughput,17,4096,5060351,126467,2798714744
5,64x64,neon,throughput,18,4096,4973191,124289,2798714744
5,64x64,neon,throughput,19,4096,4931270,123263,2798714744
5,64x64,neon,throughput,20,4096,4945990,123616,2798714744
5,64x64,neon,throughput,21,4096,4951831,123746,2798714744
5,64x64,neon,throughput,22,4096,4974831,124326,2798714744
5,64x64,neon,throughput,23,4096,4926070,123127,2798714744
5,64x64,neon,throughput,24,4096,4927631,123159,2798714744
5,64x64,neon,throughput,25,4096,4918311,122924,2798714744
5,64x64,neon,throughput,26,4096,4940030,123479,2798714744
5,64x64,neon,throughput,27,4096,4945551,123599,2798714744
5,64x64,neon,throughput,28,4096,4918510,122923,2798714744
5,64x64,neon,throughput,29,4096,5982478,149512,2798714744
1,8x8,c,latency,0,4096,336602,8411,2178837773
1,8x8,c,latency,1,4096,324962,8122,2178837773
1,8x8,c,latency,2,4096,324842,8119,2178837773
1,8x8,c,latency,3,4096,328002,8197,2178837773
1,8x8,c,latency,4,4096,324882,8121,2178837773
1,8x8,c,latency,5,4096,324842,8119,2178837773
1,8x8,c,latency,6,4096,348562,8709,2178837773
1,8x8,c,latency,7,4096,324962,8123,2178837773
1,8x8,c,latency,8,4096,324882,8121,2178837773
1,8x8,c,latency,9,4096,328242,8204,2178837773
1,8x8,c,latency,10,4096,324922,8122,2178837773
1,8x8,c,latency,11,4096,324842,8120,2178837773
1,8x8,c,latency,12,4096,328082,8199,2178837773
1,8x8,c,latency,13,4096,324962,8123,2178837773
1,8x8,c,latency,14,4096,324922,8122,2178837773
1,8x8,c,latency,15,4096,327482,8184,2178837773
1,8x8,c,latency,16,4096,324962,8124,2178837773
1,8x8,c,latency,17,4096,324802,8118,2178837773
1,8x8,c,latency,18,4096,347362,8681,2178837773
1,8x8,c,latency,19,4096,325042,8124,2178837773
1,8x8,c,latency,20,4096,324842,8121,2178837773
1,8x8,c,latency,21,4096,327802,8193,2178837773
1,8x8,c,latency,22,4096,324922,8122,2178837773
1,8x8,c,latency,23,4096,324802,8120,2178837773
1,8x8,c,latency,24,4096,327522,8186,2178837773
1,8x8,c,latency,25,4096,324802,8120,2178837773
1,8x8,c,latency,26,4096,324882,8122,2178837773
1,8x8,c,latency,27,4096,324762,8119,2178837773
1,8x8,c,latency,28,4096,328362,8206,2178837773
1,8x8,c,latency,29,4096,324882,8121,2178837773
3,8x8,c,latency,0,4096,326082,8150,2178837773
3,8x8,c,latency,1,4096,325442,8136,2178837773
3,8x8,c,latency,2,4096,331402,8281,2178837773
3,8x8,c,latency,3,4096,325722,8142,2178837773
3,8x8,c,latency,4,4096,325202,8129,2178837773
3,8x8,c,latency,5,4096,328562,8211,2178837773
3,8x8,c,latency,6,4096,325322,8133,2178837773
3,8x8,c,latency,7,4096,325202,8130,2178837773
3,8x8,c,latency,8,4096,349722,8740,2178837773
3,8x8,c,latency,9,4096,326162,8153,2178837773
3,8x8,c,latency,10,4096,325922,8147,2178837773
3,8x8,c,latency,11,4096,328562,8211,2178837773
3,8x8,c,latency,12,4096,325202,8129,2178837773
3,8x8,c,latency,13,4096,325202,8128,2178837773
3,8x8,c,latency,14,4096,328082,8199,2178837773
3,8x8,c,latency,15,4096,325242,8130,2178837773
3,8x8,c,latency,16,4096,325842,8145,2178837773
3,8x8,c,latency,17,4096,328282,8205,2178837773
3,8x8,c,latency,18,4096,325922,8148,2178837773
3,8x8,c,latency,19,4096,325882,8146,2178837773
3,8x8,c,latency,20,4096,337922,8445,2178837773
3,8x8,c,latency,21,4096,326162,8153,2178837773
3,8x8,c,latency,22,4096,326082,8151,2178837773
3,8x8,c,latency,23,4096,327922,8195,2178837773
3,8x8,c,latency,24,4096,326043,8150,2178837773
3,8x8,c,latency,25,4096,325922,8147,2178837773
3,8x8,c,latency,26,4096,329282,8230,2178837773
3,8x8,c,latency,27,4096,325202,8129,2178837773
3,8x8,c,latency,28,4096,326082,8151,2178837773
3,8x8,c,latency,29,4096,327602,8187,2178837773
4,8x8,c,latency,0,4096,328522,8211,2178837773
4,8x8,c,latency,1,4096,333762,8340,2178837773
4,8x8,c,latency,2,4096,327202,8178,2178837773
4,8x8,c,latency,3,4096,326562,8163,2178837773
4,8x8,c,latency,4,4096,330002,8248,2178837773
4,8x8,c,latency,5,4096,326642,8166,2178837773
4,8x8,c,latency,6,4096,342442,8559,2178837773
4,8x8,c,latency,7,4096,330962,8272,2178837773
4,8x8,c,latency,8,4096,327882,8196,2178837773
4,8x8,c,latency,9,4096,328082,8201,2178837773
4,8x8,c,latency,10,4096,331362,8281,2178837773
4,8x8,c,latency,11,4096,326602,8165,2178837773
4,8x8,c,latency,12,4096,326562,8162,2178837773
4,8x8,c,latency,13,4096,329762,8241,2178837773
4,8x8,c,latency,14,4096,326562,8163,2178837773
4,8x8,c,latency,15,4096,326602,8164,2178837773
4,8x8,c,latency,16,4096,329962,8246,2178837773
4,8x8,c,latency,17,4096,326642,8166,2178837773
4,8x8,c,latency,18,4096,343003,8574,2178837773
4,8x8,c,latency,19,4096,330322,8255,2178837773
4,8x8,c,latency,20,4096,326642,8164,2178837773
4,8x8,c,latency,21,4096,326482,8161,2178837773
4,8x8,c,latency,22,4096,330242,8254,2178837773
4,8x8,c,latency,23,4096,327202,8179,2178837773
4,8x8,c,latency,24,4096,327242,8180,2178837773
4,8x8,c,latency,25,4096,330402,8257,2178837773
4,8x8,c,latency,26,4096,327402,8184,2178837773
4,8x8,c,latency,27,4096,327962,8198,2178837773
4,8x8,c,latency,28,4096,330082,8250,2178837773
4,8x8,c,latency,29,4096,326562,8164,2178837773
5,8x8,c,latency,0,4096,345202,8628,2178837773
5,8x8,c,latency,1,4096,332802,8317,2178837773
5,8x8,c,latency,2,4096,325162,8128,2178837773
5,8x8,c,latency,3,4096,325082,8127,2178837773
5,8x8,c,latency,4,4096,327762,8190,2178837773
5,8x8,c,latency,5,4096,324642,8115,2178837773
5,8x8,c,latency,6,4096,324642,8115,2178837773
5,8x8,c,latency,7,4096,328002,8196,2178837773
5,8x8,c,latency,8,4096,324442,8111,2178837773
5,8x8,c,latency,9,4096,324642,8114,2178837773
5,8x8,c,latency,10,4096,327362,8181,2178837773
5,8x8,c,latency,11,4096,324442,8110,2178837773
5,8x8,c,latency,12,4096,341162,8527,2178837773
5,8x8,c,latency,13,4096,327642,8189,2178837773
5,8x8,c,latency,14,4096,324482,8112,2178837773
5,8x8,c,latency,15,4096,324402,8108,2178837773
5,8x8,c,latency,16,4096,327522,8186,2178837773
5,8x8,c,latency,17,4096,324522,8112,2178837773
5,8x8,c,latency,18,4096,324402,8109,2178837773
5,8x8,c,latency,19,4096,327682,8190,2178837773
5,8x8,c,latency,20,4096,324482,8112,2178837773
5,8x8,c,latency,21,4096,324442,8111,2178837773
5,8x8,c,latency,22,4096,327322,8180,2178837773
5,8x8,c,latency,23,4096,324442,8110,2178837773
5,8x8,c,latency,24,4096,332082,8301,2178837773
5,8x8,c,latency,25,4096,328042,8198,2178837773
5,8x8,c,latency,26,4096,324443,8110,2178837773
5,8x8,c,latency,27,4096,324442,8109,2178837773
5,8x8,c,latency,28,4096,327802,8193,2178837773
5,8x8,c,latency,29,4096,324482,8112,2178837773
1,8x8,c,throughput,0,4096,726604,18145,43798648
1,8x8,c,throughput,1,4096,602964,15062,43798648
1,8x8,c,throughput,2,4096,576804,14412,43798648
1,8x8,c,throughput,3,4096,594963,14862,43798648
1,8x8,c,throughput,4,4096,575724,14386,43798648
1,8x8,c,throughput,5,4096,596524,14903,43798648
1,8x8,c,throughput,6,4096,628724,15702,43798648
1,8x8,c,throughput,7,4096,575483,14380,43798648
1,8x8,c,throughput,8,4096,599004,14967,43798648
1,8x8,c,throughput,9,4096,576084,14394,43798648
1,8x8,c,throughput,10,4096,597443,14927,43798648
1,8x8,c,throughput,11,4096,599324,14977,43798648
1,8x8,c,throughput,12,4096,574164,14348,43798648
1,8x8,c,throughput,13,4096,629643,15727,43798648
1,8x8,c,throughput,14,4096,575843,14387,43798648
1,8x8,c,throughput,15,4096,595844,14880,43798648
1,8x8,c,throughput,16,4096,593403,14828,43798648
1,8x8,c,throughput,17,4096,576644,14409,43798648
1,8x8,c,throughput,18,4096,597284,14923,43798648
1,8x8,c,throughput,19,4096,603364,15077,43798648
1,8x8,c,throughput,20,4096,601643,15033,43798648
1,8x8,c,throughput,21,4096,598084,14943,43798648
1,8x8,c,throughput,22,4096,577244,14423,43798648
1,8x8,c,throughput,23,4096,600523,15001,43798648
1,8x8,c,throughput,24,4096,574964,14366,43798648
1,8x8,c,throughput,25,4096,597324,14925,43798648
1,8x8,c,throughput,26,4096,627604,15682,43798648
1,8x8,c,throughput,27,4096,577643,14432,43798648
1,8x8,c,throughput,28,4096,603244,15073,43798648
1,8x8,c,throughput,29,4096,574123,14345,43798648
2,8x8,c,throughput,0,4096,665485,16616,43798648
2,8x8,c,throughput,1,4096,626963,15663,43798648
2,8x8,c,throughput,2,4096,598203,14943,43798648
2,8x8,c,throughput,3,4096,595084,14868,43798648
2,8x8,c,throughput,4,4096,573003,14315,43798648
2,8x8,c,throughput,5,4096,596244,14894,43798648
2,8x8,c,throughput,6,4096,571644,14279,43798648
2,8x8,c,throughput,7,4096,594563,14855,43798648
2,8x8,c,throughput,8,4096,627764,15677,43798648
2,8x8,c,throughput,9,4096,574804,14358,43798648
2,8x8,c,throughput,10,4096,596364,14901,43798648
2,8x8,c,throughput,11,4096,572923,14313,43798648
2,8x8,c,throughput,12,4096,595684,14882,43798648
2,8x8,c,throughput,13,4096,593004,14821,43798648
2,8x8,c,throughput,14,4096,571683,14282,43798648
2,8x8,c,throughput,15,4096,628324,15691,43798648
2,8x8,c,throughput,16,4096,572604,14302,43798648
2,8x8,c,throughput,17,4096,594683,14854,43798648
2,8x8,c,throughput,18,4096,572044,14290,43798648
2,8x8,c,throughput,19,4096,592884,14813,43798648
2,8x8,c,throughput,20,4096,592603,14802,43798648
2,8x8,c,throughput,21,4096,576364,14402,43798648
2,8x8,c,throughput,22,4096,637444,15920,43798648
2,8x8,c,throughput,23,4096,575043,14365,43798648
2,8x8,c,throughput,24,4096,595764,14880,43798648
2,8x8,c,throughput,25,4096,592404,14801,43798648
2,8x8,c,throughput,26,4096,572803,14310,43798648
2,8x8,c,throughput,27,4096,592564,14804,43798648
2,8x8,c,throughput,28,4096,620604,15501,43798648
2,8x8,c,throughput,29,4096,593044,14813,43798648
3,8x8,c,throughput,0,4096,676404,16895,43798648
3,8x8,c,throughput,1,4096,574363,14350,43798648
3,8x8,c,throughput,2,4096,601084,15017,43798648
3,8x8,c,throughput,3,4096,731885,18280,43798648
3,8x8,c,throughput,4,4096,577283,14423,43798648
3,8x8,c,throughput,5,4096,634044,15824,43798648
3,8x8,c,throughput,6,4096,572964,14315,43798648
3,8x8,c,throughput,7,4096,596363,14898,43798648
3,8x8,c,throughput,8,4096,571363,14277,43798648
3,8x8,c,throughput,9,4096,597364,14925,43798648
3,8x8,c,throughput,10,4096,597163,14916,43798648
3,8x8,c,throughput,11,4096,568843,14212,43798648
3,8x8,c,throughput,12,4096,634244,15844,43798648
3,8x8,c,throughput,13,4096,572364,14300,43798648
3,8x8,c,throughput,14,4096,597483,14928,43798648
3,8x8,c,throughput,15,4096,620604,15500,43798648
3,8x8,c,throughput,16,4096,572404,14301,43798648
3,8x8,c,throughput,17,4096,608883,15200,43798648
3,8x8,c,throughput,18,4096,614884,15364,43798648
3,8x8,c,throughput,19,4096,596644,14903,43798648
3,8x8,c,throughput,20,4096,598124,14941,43798648
3,8x8,c,throughput,21,4096,570723,14263,43798648
3,8x8,c,throughput,22,4096,593524,14831,43798648
3,8x8,c,throughput,23,4096,569203,14221,43798648
3,8x8,c,throughput,24,4096,591244,14775,43798648
3,8x8,c,throughput,25,4096,632964,15813,43798648
3,8x8,c,throughput,26,4096,570084,14247,43798648
3,8x8,c,throughput,27,4096,596003,14890,43798648
3,8x8,c,throughput,28,4096,572124,14292,43798648
3,8x8,c,throughput,29,4096,595044,14867,43798648
4,8x8,c,throughput,0,4096,687364,17155,43798648
4,8x8,c,throughput,1,4096,576323,14396,43798648
4,8x8,c,throughput,2,4096,636964,15910,43798648
4,8x8,c,throughput,3,4096,576884,14412,43798648
4,8x8,c,throughput,4,4096,602923,15060,43798648
4,8x8,c,throughput,5,4096,604764,15111,43798648
4,8x8,c,throughput,6,4096,577124,14419,43798648
4,8x8,c,throughput,7,4096,610084,15235,43798648
4,8x8,c,throughput,8,4096,627243,15672,43798648
4,8x8,c,throughput,9,4096,602364,15046,43798648
4,8x8,c,throughput,10,4096,605044,15113,43798648
4,8x8,c,throughput,11,4096,574164,14342,43798648
4,8x8,c,throughput,12,4096,601163,15017,43798648
4,8x8,c,throughput,13,4096,575244,14373,43798648
4,8x8,c,throughput,14,4096,598684,14959,43798648
4,8x8,c,throughput,15,4096,639964,15991,43798648
4,8x8,c,throughput,16,4096,574003,14342,43798648
4,8x8,c,throughput,17,4096,602604,15054,43798648
4,8x8,c,throughput,18,4096,575483,14379,43798648
4,8x8,c,throughput,19,4096,601364,15026,43798648
4,8x8,c,throughput,20,4096,598524,14958,43798648
4,8x8,c,throughput,21,4096,576483,14404,43798648
4,8x8,c,throughput,22,4096,643603,16080,43798648
4,8x8,c,throughput,23,4096,573883,14339,43798648
4,8x8,c,throughput,24,4096,601124,15021,43798648
4,8x8,c,throughput,25,4096,601364,15024,43798648
4,8x8,c,throughput,26,4096,574003,14342,43798648
4,8x8,c,throughput,27,4096,599324,14970,43798648
4,8x8,c,throughput,28,4096,618764,15461,43798648
4,8x8,c,throughput,29,4096,601283,15024,43798648
5,8x8,c,throughput,0,4096,672804,16802,43798648
5,8x8,c,throughput,1,4096,604323,15099,43798648
5,8x8,c,throughput,2,4096,572684,14309,43798648
5,8x8,c,throughput,3,4096,596884,14914,43798648
5,8x8,c,throughput,4,4096,572123,14295,43798648
5,8x8,c,throughput,5,4096,595164,14871,43798648
5,8x8,c,throughput,6,4096,633684,15829,43798648
5,8x8,c,throughput,7,4096,572843,14315,43798648
5,8x8,c,throughput,8,4096,601844,15034,43798648
5,8x8,c,throughput,9,4096,574564,14357,43798648
5,8x8,c,throughput,10,4096,600403,14998,43798648
5,8x8,c,throughput,11,4096,598724,14962,43798648
5,8x8,c,throughput,12,4096,574964,14367,43798648
5,8x8,c,throughput,13,4096,635164,15868,43798648
5,8x8,c,throughput,14,4096,573123,14321,43798648
5,8x8,c,throughput,15,4096,600644,15004,43798648
5,8x8,c,throughput,16,4096,599764,14986,43798648
5,8x8,c,throughput,17,4096,573123,14319,43798648
5,8x8,c,throughput,18,4096,597244,14922,43798648
5,8x8,c,throughput,19,4096,611284,15275,43798648
5,8x8,c,throughput,20,4096,600404,15000,43798648
5,8x8,c,throughput,21,4096,595043,14868,43798648
5,8x8,c,throughput,22,4096,576084,14395,43798648
5,8x8,c,throughput,23,4096,596284,14897,43798648
5,8x8,c,throughput,24,4096,570723,14260,43798648
5,8x8,c,throughput,25,4096,592604,14808,43798648
5,8x8,c,throughput,26,4096,629724,15736,43798648
5,8x8,c,throughput,27,4096,575843,14389,43798648
5,8x8,c,throughput,28,4096,602924,15064,43798648
5,8x8,c,throughput,29,4096,573684,14333,43798648
1,8x8,empty,latency,0,4096,6520,162,2135587861
1,8x8,empty,latency,1,4096,6200,154,2135587861
1,8x8,empty,latency,2,4096,6200,154,2135587861
1,8x8,empty,latency,3,4096,6200,154,2135587861
1,8x8,empty,latency,4,4096,6200,153,2135587861
1,8x8,empty,latency,5,4096,6160,154,2135587861
1,8x8,empty,latency,6,4096,6200,154,2135587861
1,8x8,empty,latency,7,4096,6200,153,2135587861
1,8x8,empty,latency,8,4096,6160,154,2135587861
1,8x8,empty,latency,9,4096,6160,154,2135587861
1,8x8,empty,latency,10,4096,6160,154,2135587861
1,8x8,empty,latency,11,4096,6160,154,2135587861
1,8x8,empty,latency,12,4096,6200,154,2135587861
1,8x8,empty,latency,13,4096,6200,153,2135587861
1,8x8,empty,latency,14,4096,6201,154,2135587861
1,8x8,empty,latency,15,4096,6200,154,2135587861
1,8x8,empty,latency,16,4096,6160,154,2135587861
1,8x8,empty,latency,17,4096,6160,154,2135587861
1,8x8,empty,latency,18,4096,6200,153,2135587861
1,8x8,empty,latency,19,4096,6200,154,2135587861
1,8x8,empty,latency,20,4096,6160,154,2135587861
1,8x8,empty,latency,21,4096,6160,154,2135587861
1,8x8,empty,latency,22,4096,6200,154,2135587861
1,8x8,empty,latency,23,4096,6160,154,2135587861
1,8x8,empty,latency,24,4096,6160,154,2135587861
1,8x8,empty,latency,25,4096,6200,154,2135587861
1,8x8,empty,latency,26,4096,6160,154,2135587861
1,8x8,empty,latency,27,4096,6160,154,2135587861
1,8x8,empty,latency,28,4096,6200,153,2135587861
1,8x8,empty,latency,29,4096,6200,154,2135587861
2,8x8,empty,latency,0,4096,6320,156,2135587861
2,8x8,empty,latency,1,4096,6160,154,2135587861
2,8x8,empty,latency,2,4096,6200,154,2135587861
2,8x8,empty,latency,3,4096,6160,154,2135587861
2,8x8,empty,latency,4,4096,6200,154,2135587861
2,8x8,empty,latency,5,4096,6201,154,2135587861
2,8x8,empty,latency,6,4096,6200,154,2135587861
2,8x8,empty,latency,7,4096,6160,154,2135587861
2,8x8,empty,latency,8,4096,6160,154,2135587861
2,8x8,empty,latency,9,4096,6200,154,2135587861
2,8x8,empty,latency,10,4096,6200,154,2135587861
2,8x8,empty,latency,11,4096,6160,154,2135587861
2,8x8,empty,latency,12,4096,6160,154,2135587861
2,8x8,empty,latency,13,4096,6200,153,2135587861
2,8x8,empty,latency,14,4096,6200,153,2135587861
2,8x8,empty,latency,15,4096,6200,154,2135587861
2,8x8,empty,latency,16,4096,6200,153,2135587861
2,8x8,empty,latency,17,4096,6200,154,2135587861
2,8x8,empty,latency,18,4096,6160,154,2135587861
2,8x8,empty,latency,19,4096,6200,154,2135587861
2,8x8,empty,latency,20,4096,6240,154,2135587861
2,8x8,empty,latency,21,4096,6200,153,2135587861
2,8x8,empty,latency,22,4096,6160,154,2135587861
2,8x8,empty,latency,23,4096,6200,154,2135587861
2,8x8,empty,latency,24,4096,6200,153,2135587861
2,8x8,empty,latency,25,4096,6160,154,2135587861
2,8x8,empty,latency,26,4096,6161,154,2135587861
2,8x8,empty,latency,27,4096,6160,154,2135587861
2,8x8,empty,latency,28,4096,6200,153,2135587861
2,8x8,empty,latency,29,4096,6160,154,2135587861
3,8x8,empty,latency,0,4096,6320,156,2135587861
3,8x8,empty,latency,1,4096,6200,153,2135587861
3,8x8,empty,latency,2,4096,6160,154,2135587861
3,8x8,empty,latency,3,4096,6200,154,2135587861
3,8x8,empty,latency,4,4096,6200,154,2135587861
3,8x8,empty,latency,5,4096,6160,154,2135587861
3,8x8,empty,latency,6,4096,6200,154,2135587861
3,8x8,empty,latency,7,4096,6160,154,2135587861
3,8x8,empty,latency,8,4096,6200,153,2135587861
3,8x8,empty,latency,9,4096,6160,154,2135587861
3,8x8,empty,latency,10,4096,6200,154,2135587861
3,8x8,empty,latency,11,4096,6160,154,2135587861
3,8x8,empty,latency,12,4096,6160,154,2135587861
3,8x8,empty,latency,13,4096,6160,154,2135587861
3,8x8,empty,latency,14,4096,6200,153,2135587861
3,8x8,empty,latency,15,4096,6200,154,2135587861
3,8x8,empty,latency,16,4096,6201,154,2135587861
3,8x8,empty,latency,17,4096,6160,154,2135587861
3,8x8,empty,latency,18,4096,6160,154,2135587861
3,8x8,empty,latency,19,4096,6160,154,2135587861
3,8x8,empty,latency,20,4096,6200,153,2135587861
3,8x8,empty,latency,21,4096,6200,154,2135587861
3,8x8,empty,latency,22,4096,6200,154,2135587861
3,8x8,empty,latency,23,4096,6200,154,2135587861
3,8x8,empty,latency,24,4096,6160,154,2135587861
3,8x8,empty,latency,25,4096,6200,153,2135587861
3,8x8,empty,latency,26,4096,6200,154,2135587861
3,8x8,empty,latency,27,4096,6200,154,2135587861
3,8x8,empty,latency,28,4096,6160,154,2135587861
3,8x8,empty,latency,29,4096,6160,154,2135587861
5,8x8,empty,latency,0,4096,6400,158,2135587861
5,8x8,empty,latency,1,4096,6200,154,2135587861
5,8x8,empty,latency,2,4096,6200,154,2135587861
5,8x8,empty,latency,3,4096,6200,154,2135587861
5,8x8,empty,latency,4,4096,6200,154,2135587861
5,8x8,empty,latency,5,4096,6160,154,2135587861
5,8x8,empty,latency,6,4096,6160,154,2135587861
5,8x8,empty,latency,7,4096,6200,153,2135587861
5,8x8,empty,latency,8,4096,6200,153,2135587861
5,8x8,empty,latency,9,4096,6160,154,2135587861
5,8x8,empty,latency,10,4096,6200,154,2135587861
5,8x8,empty,latency,11,4096,6200,154,2135587861
5,8x8,empty,latency,12,4096,6200,153,2135587861
5,8x8,empty,latency,13,4096,6160,154,2135587861
5,8x8,empty,latency,14,4096,6200,154,2135587861
5,8x8,empty,latency,15,4096,6201,153,2135587861
5,8x8,empty,latency,16,4096,6160,154,2135587861
5,8x8,empty,latency,17,4096,6200,154,2135587861
5,8x8,empty,latency,18,4096,6200,154,2135587861
5,8x8,empty,latency,19,4096,6200,154,2135587861
5,8x8,empty,latency,20,4096,6200,153,2135587861
5,8x8,empty,latency,21,4096,6160,154,2135587861
5,8x8,empty,latency,22,4096,6160,154,2135587861
5,8x8,empty,latency,23,4096,6160,154,2135587861
5,8x8,empty,latency,24,4096,6160,154,2135587861
5,8x8,empty,latency,25,4096,6200,154,2135587861
5,8x8,empty,latency,26,4096,6200,153,2135587861
5,8x8,empty,latency,27,4096,6160,154,2135587861
5,8x8,empty,latency,28,4096,6160,154,2135587861
5,8x8,empty,latency,29,4096,6200,154,2135587861
1,8x8,empty,throughput,0,4096,5520,137,0
1,8x8,empty,throughput,1,4096,5480,137,0
1,8x8,empty,throughput,2,4096,5520,136,0
1,8x8,empty,throughput,3,4096,5480,137,0
1,8x8,empty,throughput,4,4096,5520,136,0
1,8x8,empty,throughput,5,4096,5480,137,0
1,8x8,empty,throughput,6,4096,5520,136,0
1,8x8,empty,throughput,7,4096,5520,136,0
1,8x8,empty,throughput,8,4096,5520,137,0
1,8x8,empty,throughput,9,4096,5480,137,0
1,8x8,empty,throughput,10,4096,5520,137,0
1,8x8,empty,throughput,11,4096,5520,136,0
1,8x8,empty,throughput,12,4096,5480,137,0
1,8x8,empty,throughput,13,4096,5480,137,0
1,8x8,empty,throughput,14,4096,5480,137,0
1,8x8,empty,throughput,15,4096,5520,136,0
1,8x8,empty,throughput,16,4096,5520,137,0
1,8x8,empty,throughput,17,4096,5480,137,0
1,8x8,empty,throughput,18,4096,5520,137,0
1,8x8,empty,throughput,19,4096,5480,137,0
1,8x8,empty,throughput,20,4096,5520,136,0
1,8x8,empty,throughput,21,4096,5520,136,0
1,8x8,empty,throughput,22,4096,5480,137,0
1,8x8,empty,throughput,23,4096,5520,137,0
1,8x8,empty,throughput,24,4096,5520,137,0
1,8x8,empty,throughput,25,4096,5480,137,0
1,8x8,empty,throughput,26,4096,5520,137,0
1,8x8,empty,throughput,27,4096,5520,136,0
1,8x8,empty,throughput,28,4096,5520,137,0
1,8x8,empty,throughput,29,4096,5480,137,0
2,8x8,empty,throughput,0,4096,5560,137,0
2,8x8,empty,throughput,1,4096,5480,136,0
2,8x8,empty,throughput,2,4096,5480,137,0
2,8x8,empty,throughput,3,4096,5520,137,0
2,8x8,empty,throughput,4,4096,5520,137,0
2,8x8,empty,throughput,5,4096,5520,137,0
2,8x8,empty,throughput,6,4096,5520,137,0
2,8x8,empty,throughput,7,4096,5480,137,0
2,8x8,empty,throughput,8,4096,5520,136,0
2,8x8,empty,throughput,9,4096,5520,137,0
2,8x8,empty,throughput,10,4096,5520,136,0
2,8x8,empty,throughput,11,4096,5521,137,0
2,8x8,empty,throughput,12,4096,5480,137,0
2,8x8,empty,throughput,13,4096,5480,137,0
2,8x8,empty,throughput,14,4096,5480,136,0
2,8x8,empty,throughput,15,4096,5520,136,0
2,8x8,empty,throughput,16,4096,5520,137,0
2,8x8,empty,throughput,17,4096,5520,137,0
2,8x8,empty,throughput,18,4096,5520,137,0
2,8x8,empty,throughput,19,4096,5520,137,0
2,8x8,empty,throughput,20,4096,5480,136,0
2,8x8,empty,throughput,21,4096,5520,136,0
2,8x8,empty,throughput,22,4096,5520,136,0
2,8x8,empty,throughput,23,4096,5520,137,0
2,8x8,empty,throughput,24,4096,5520,136,0
2,8x8,empty,throughput,25,4096,5520,136,0
2,8x8,empty,throughput,26,4096,5520,136,0
2,8x8,empty,throughput,27,4096,5520,137,0
2,8x8,empty,throughput,28,4096,5480,137,0
2,8x8,empty,throughput,29,4096,5480,137,0
3,8x8,empty,throughput,0,4096,5200,128,0
3,8x8,empty,throughput,1,4096,5160,129,0
3,8x8,empty,throughput,2,4096,5160,128,0
3,8x8,empty,throughput,3,4096,5161,128,0
3,8x8,empty,throughput,4,4096,5160,128,0
3,8x8,empty,throughput,5,4096,5160,129,0
3,8x8,empty,throughput,6,4096,5160,128,0
3,8x8,empty,throughput,7,4096,5160,128,0
3,8x8,empty,throughput,8,4096,5160,128,0
3,8x8,empty,throughput,9,4096,5160,128,0
3,8x8,empty,throughput,10,4096,5160,128,0
3,8x8,empty,throughput,11,4096,5160,128,0
3,8x8,empty,throughput,12,4096,5160,129,0
3,8x8,empty,throughput,13,4096,5160,128,0
3,8x8,empty,throughput,14,4096,5160,128,0
3,8x8,empty,throughput,15,4096,5160,128,0
3,8x8,empty,throughput,16,4096,5160,128,0
3,8x8,empty,throughput,17,4096,5160,129,0
3,8x8,empty,throughput,18,4096,5160,128,0
3,8x8,empty,throughput,19,4096,5160,128,0
3,8x8,empty,throughput,20,4096,5160,129,0
3,8x8,empty,throughput,21,4096,5160,128,0
3,8x8,empty,throughput,22,4096,5160,128,0
3,8x8,empty,throughput,23,4096,5160,128,0
3,8x8,empty,throughput,24,4096,5160,128,0
3,8x8,empty,throughput,25,4096,5160,129,0
3,8x8,empty,throughput,26,4096,5160,128,0
3,8x8,empty,throughput,27,4096,5160,128,0
3,8x8,empty,throughput,28,4096,5160,129,0
3,8x8,empty,throughput,29,4096,5160,128,0
4,8x8,empty,throughput,0,4096,5560,137,0
4,8x8,empty,throughput,1,4096,5480,137,0
4,8x8,empty,throughput,2,4096,5520,137,0
4,8x8,empty,throughput,3,4096,5481,137,0
4,8x8,empty,throughput,4,4096,5480,137,0
4,8x8,empty,throughput,5,4096,5480,137,0
4,8x8,empty,throughput,6,4096,5480,137,0
4,8x8,empty,throughput,7,4096,5520,136,0
4,8x8,empty,throughput,8,4096,5480,137,0
4,8x8,empty,throughput,9,4096,5480,137,0
4,8x8,empty,throughput,10,4096,5520,136,0
4,8x8,empty,throughput,11,4096,5520,136,0
4,8x8,empty,throughput,12,4096,5520,137,0
4,8x8,empty,throughput,13,4096,5480,137,0
4,8x8,empty,throughput,14,4096,5480,137,0
4,8x8,empty,throughput,15,4096,5520,136,0
4,8x8,empty,throughput,16,4096,5520,137,0
4,8x8,empty,throughput,17,4096,5480,137,0
4,8x8,empty,throughput,18,4096,5520,136,0
4,8x8,empty,throughput,19,4096,5480,137,0
4,8x8,empty,throughput,20,4096,5520,137,0
4,8x8,empty,throughput,21,4096,5480,137,0
4,8x8,empty,throughput,22,4096,5480,137,0
4,8x8,empty,throughput,23,4096,5480,137,0
4,8x8,empty,throughput,24,4096,5480,137,0
4,8x8,empty,throughput,25,4096,5520,136,0
4,8x8,empty,throughput,26,4096,5480,136,0
4,8x8,empty,throughput,27,4096,5520,136,0
4,8x8,empty,throughput,28,4096,5480,137,0
4,8x8,empty,throughput,29,4096,5520,137,0
5,8x8,empty,throughput,0,4096,5520,136,0
5,8x8,empty,throughput,1,4096,5480,137,0
5,8x8,empty,throughput,2,4096,5480,137,0
5,8x8,empty,throughput,3,4096,5520,137,0
5,8x8,empty,throughput,4,4096,5520,137,0
5,8x8,empty,throughput,5,4096,5480,137,0
5,8x8,empty,throughput,6,4096,5480,137,0
5,8x8,empty,throughput,7,4096,5480,137,0
5,8x8,empty,throughput,8,4096,5481,137,0
5,8x8,empty,throughput,9,4096,5480,137,0
5,8x8,empty,throughput,10,4096,5520,137,0
5,8x8,empty,throughput,11,4096,5480,137,0
5,8x8,empty,throughput,12,4096,5520,136,0
5,8x8,empty,throughput,13,4096,5520,136,0
5,8x8,empty,throughput,14,4096,5520,136,0
5,8x8,empty,throughput,15,4096,5520,136,0
5,8x8,empty,throughput,16,4096,5520,136,0
5,8x8,empty,throughput,17,4096,5520,136,0
5,8x8,empty,throughput,18,4096,5520,136,0
5,8x8,empty,throughput,19,4096,5520,136,0
5,8x8,empty,throughput,20,4096,5480,137,0
5,8x8,empty,throughput,21,4096,5480,137,0
5,8x8,empty,throughput,22,4096,5480,137,0
5,8x8,empty,throughput,23,4096,5480,137,0
5,8x8,empty,throughput,24,4096,5480,137,0
5,8x8,empty,throughput,25,4096,5480,137,0
5,8x8,empty,throughput,26,4096,5480,137,0
5,8x8,empty,throughput,27,4096,5520,137,0
5,8x8,empty,throughput,28,4096,5520,137,0
5,8x8,empty,throughput,29,4096,5520,137,0
1,8x8,neon,latency,0,4096,114360,2858,2178837773
1,8x8,neon,latency,1,4096,114121,2851,2178837773
1,8x8,neon,latency,2,4096,136921,3419,2178837773
1,8x8,neon,latency,3,4096,114121,2853,2178837773
1,8x8,neon,latency,4,4096,114080,2851,2178837773
1,8x8,neon,latency,5,4096,114081,2852,2178837773
1,8x8,neon,latency,6,4096,114081,2851,2178837773
1,8x8,neon,latency,7,4096,114081,2851,2178837773
1,8x8,neon,latency,8,4096,114080,2851,2178837773
1,8x8,neon,latency,9,4096,114081,2851,2178837773
1,8x8,neon,latency,10,4096,116961,2922,2178837773
1,8x8,neon,latency,11,4096,114160,2854,2178837773
1,8x8,neon,latency,12,4096,114081,2851,2178837773
1,8x8,neon,latency,13,4096,114081,2852,2178837773
1,8x8,neon,latency,14,4096,114081,2851,2178837773
1,8x8,neon,latency,15,4096,114080,2851,2178837773
1,8x8,neon,latency,16,4096,114041,2851,2178837773
1,8x8,neon,latency,17,4096,127561,3189,2178837773
1,8x8,neon,latency,18,4096,114120,2853,2178837773
1,8x8,neon,latency,19,4096,117640,2939,2178837773
1,8x8,neon,latency,20,4096,114121,2853,2178837773
1,8x8,neon,latency,21,4096,114081,2851,2178837773
1,8x8,neon,latency,22,4096,114080,2851,2178837773
1,8x8,neon,latency,23,4096,114081,2851,2178837773
1,8x8,neon,latency,24,4096,114081,2851,2178837773
1,8x8,neon,latency,25,4096,114080,2851,2178837773
1,8x8,neon,latency,26,4096,114080,2851,2178837773
1,8x8,neon,latency,27,4096,114081,2851,2178837773
1,8x8,neon,latency,28,4096,115441,2883,2178837773
1,8x8,neon,latency,29,4096,114120,2852,2178837773
3,8x8,neon,latency,0,4096,113560,2838,2178837773
3,8x8,neon,latency,1,4096,113120,2827,2178837773
3,8x8,neon,latency,2,4096,113241,2829,2178837773
3,8x8,neon,latency,3,4096,113121,2827,2178837773
3,8x8,neon,latency,4,4096,113120,2827,2178837773
3,8x8,neon,latency,5,4096,113121,2826,2178837773
3,8x8,neon,latency,6,4096,152241,3804,2178837773
3,8x8,neon,latency,7,4096,122841,3066,2178837773
3,8x8,neon,latency,8,4096,113240,2830,2178837773
3,8x8,neon,latency,9,4096,113121,2826,2178837773
3,8x8,neon,latency,10,4096,113121,2826,2178837773
3,8x8,neon,latency,11,4096,113121,2826,2178837773
3,8x8,neon,latency,12,4096,113120,2826,2178837773
3,8x8,neon,latency,13,4096,113081,2827,2178837773
3,8x8,neon,latency,14,4096,113081,2827,2178837773
3,8x8,neon,latency,15,4096,113080,2826,2178837773
3,8x8,neon,latency,16,4096,116961,2920,2178837773
3,8x8,neon,latency,17,4096,113161,2828,2178837773
3,8x8,neon,latency,18,4096,113121,2827,2178837773
3,8x8,neon,latency,19,4096,113120,2826,2178837773
3,8x8,neon,latency,20,4096,113121,2826,2178837773
3,8x8,neon,latency,21,4096,113081,2827,2178837773
3,8x8,neon,latency,22,4096,113080,2827,2178837773
3,8x8,neon,latency,23,4096,113121,2826,2178837773
3,8x8,neon,latency,24,4096,113121,2827,2178837773
3,8x8,neon,latency,25,4096,116240,2904,2178837773
3,8x8,neon,latency,26,4096,113160,2828,2178837773
3,8x8,neon,latency,27,4096,113081,2826,2178837773
3,8x8,neon,latency,28,4096,113121,2827,2178837773
3,8x8,neon,latency,29,4096,113120,2827,2178837773
4,8x8,neon,latency,0,4096,113361,2833,2178837773
4,8x8,neon,latency,1,4096,113161,2828,2178837773
4,8x8,neon,latency,2,4096,113200,2828,2178837773
4,8x8,neon,latency,3,4096,113121,2826,2178837773
4,8x8,neon,latency,4,4096,113081,2827,2178837773
4,8x8,neon,latency,5,4096,113121,2826,2178837773
4,8x8,neon,latency,6,4096,113120,2826,2178837773
4,8x8,neon,latency,7,4096,135921,3394,2178837773
4,8x8,neon,latency,8,4096,113281,2831,2178837773
4,8x8,neon,latency,9,4096,113081,2827,2178837773
4,8x8,neon,latency,10,4096,113120,2827,2178837773
4,8x8,neon,latency,11,4096,113121,2827,2178837773
4,8x8,neon,latency,12,4096,113081,2827,2178837773
4,8x8,neon,latency,13,4096,113080,2827,2178837773
4,8x8,neon,latency,14,4096,113121,2828,2178837773
4,8x8,neon,latency,15,4096,113121,2826,2178837773
4,8x8,neon,latency,16,4096,115801,2893,2178837773
4,8x8,neon,latency,17,4096,113160,2828,2178837773
4,8x8,neon,latency,18,4096,113121,2826,2178837773
4,8x8,neon,latency,19,4096,113121,2827,2178837773
4,8x8,neon,latency,20,4096,113120,2827,2178837773
4,8x8,neon,latency,21,4096,113121,2827,2178837773
4,8x8,neon,latency,22,4096,113081,2827,2178837773
4,8x8,neon,latency,23,4096,139521,3486,2178837773
4,8x8,neon,latency,24,4096,116720,2917,2178837773
4,8x8,neon,latency,25,4096,113161,2828,2178837773
4,8x8,neon,latency,26,4096,113081,2827,2178837773
4,8x8,neon,latency,27,4096,113120,2827,2178837773
4,8x8,neon,latency,28,4096,113081,2827,2178837773
4,8x8,neon,latency,29,4096,113081,2826,2178837773
5,8x8,neon,latency,0,4096,114441,2860,2178837773
5,8x8,neon,latency,1,4096,114081,2851,2178837773
5,8x8,neon,latency,2,4096,114240,2855,2178837773
5,8x8,neon,latency,3,4096,149761,3743,2178837773
5,8x8,neon,latency,4,4096,122681,3064,2178837773
5,8x8,neon,latency,5,4096,114161,2853,2178837773
5,8x8,neon,latency,6,4096,114080,2851,2178837773
5,8x8,neon,latency,7,4096,114081,2851,2178837773
5,8x8,neon,latency,8,4096,114081,2851,2178837773
5,8x8,neon,latency,9,4096,114081,2851,2178837773
5,8x8,neon,latency,10,4096,114080,2851,2178837773
5,8x8,neon,latency,11,4096,114081,2851,2178837773
5,8x8,neon,latency,12,4096,114041,2851,2178837773
5,8x8,neon,latency,13,4096,116920,2920,2178837773
5,8x8,neon,latency,14,4096,114121,2852,2178837773
5,8x8,neon,latency,15,4096,114081,2850,2178837773
5,8x8,neon,latency,16,4096,114081,2851,2178837773
5,8x8,neon,latency,17,4096,114040,2851,2178837773
5,8x8,neon,latency,18,4096,114081,2851,2178837773
5,8x8,neon,latency,19,4096,114041,2850,2178837773
5,8x8,neon,latency,20,4096,114040,2851,2178837773
5,8x8,neon,latency,21,4096,114081,2851,2178837773
5,8x8,neon,latency,22,4096,120481,3009,2178837773
5,8x8,neon,latency,23,4096,114121,2853,2178837773
5,8x8,neon,latency,24,4096,114040,2851,2178837773
5,8x8,neon,latency,25,4096,114081,2851,2178837773
5,8x8,neon,latency,26,4096,114041,2851,2178837773
5,8x8,neon,latency,27,4096,114080,2850,2178837773
5,8x8,neon,latency,28,4096,114081,2851,2178837773
5,8x8,neon,latency,29,4096,114081,2851,2178837773
1,8x8,neon,throughput,0,4096,421763,10533,43798648
1,8x8,neon,throughput,1,4096,388442,9692,43798648
1,8x8,neon,throughput,2,4096,352523,8805,43798648
1,8x8,neon,throughput,3,4096,348762,8708,43798648
1,8x8,neon,throughput,4,4096,374922,9363,43798648
1,8x8,neon,throughput,5,4096,346682,8657,43798648
1,8x8,neon,throughput,6,4096,370203,9243,43798648
1,8x8,neon,throughput,7,4096,347642,8680,43798648
1,8x8,neon,throughput,8,4096,345922,8641,43798648
1,8x8,neon,throughput,9,4096,424083,10589,43798648
1,8x8,neon,throughput,10,4096,350162,8744,43798648
1,8x8,neon,throughput,11,4096,348202,8694,43798648
1,8x8,neon,throughput,12,4096,380082,9492,43798648
1,8x8,neon,throughput,13,4096,347122,8668,43798648
1,8x8,neon,throughput,14,4096,348123,8696,43798648
1,8x8,neon,throughput,15,4096,397042,9913,43798648
1,8x8,neon,throughput,16,4096,348962,8714,43798648
1,8x8,neon,throughput,17,4096,389843,9723,43798648
1,8x8,neon,throughput,18,4096,351802,8790,43798648
1,8x8,neon,throughput,19,4096,394642,9856,43798648
1,8x8,neon,throughput,20,4096,377043,9418,43798648
1,8x8,neon,throughput,21,4096,348802,8711,43798648
1,8x8,neon,throughput,22,4096,352002,8788,43798648
1,8x8,neon,throughput,23,4096,378282,9437,43798648
1,8x8,neon,throughput,24,4096,350043,8742,43798648
1,8x8,neon,throughput,25,4096,377442,9431,43798648
1,8x8,neon,throughput,26,4096,350602,8755,43798648
1,8x8,neon,throughput,27,4096,349202,8721,43798648
1,8x8,neon,throughput,28,4096,375203,9371,43798648
1,8x8,neon,throughput,29,4096,348202,8696,43798648
2,8x8,neon,throughput,0,4096,472243,11787,43798648
2,8x8,neon,throughput,1,4096,352483,8805,43798648
2,8x8,neon,throughput,2,4096,377122,9420,43798648
2,8x8,neon,throughput,3,4096,356042,8893,43798648
2,8x8,neon,throughput,4,4096,355242,8874,43798648
2,8x8,neon,throughput,5,4096,377083,9421,43798648
2,8x8,neon,throughput,6,4096,354402,8853,43798648
2,8x8,neon,throughput,7,4096,399362,9968,43798648
2,8x8,neon,throughput,8,4096,378763,9462,43798648
2,8x8,neon,throughput,9,4096,350482,8755,43798648
2,8x8,neon,throughput,10,4096,376322,9400,43798648
2,8x8,neon,throughput,11,4096,355522,8880,43798648
2,8x8,neon,throughput,12,4096,352323,8799,43798648
2,8x8,neon,throughput,13,4096,380962,9515,43798648
2,8x8,neon,throughput,14,4096,353282,8826,43798648
2,8x8,neon,throughput,15,4096,357682,8935,43798648
2,8x8,neon,throughput,16,4096,379123,9473,43798648
2,8x8,neon,throughput,17,4096,357922,8940,43798648
2,8x8,neon,throughput,18,4096,424643,10601,43798648
2,8x8,neon,throughput,19,4096,360602,9007,43798648
2,8x8,neon,throughput,20,4096,353082,8820,43798648
2,8x8,neon,throughput,21,4096,385083,9618,43798648
2,8x8,neon,throughput,22,4096,355362,8877,43798648
2,8x8,neon,throughput,23,4096,356882,8916,43798648
2,8x8,neon,throughput,24,4096,375402,9378,43798648
2,8x8,neon,throughput,25,4096,355362,8878,43798648
2,8x8,neon,throughput,26,4096,519283,12953,43798648
2,8x8,neon,throughput,27,4096,357962,8945,43798648
2,8x8,neon,throughput,28,4096,404482,10106,43798648
2,8x8,neon,throughput,29,4096,386643,9654,43798648
3,8x8,neon,throughput,0,4096,437723,10934,43798648
3,8x8,neon,throughput,1,4096,402003,10036,43798648
3,8x8,neon,throughput,2,4096,354762,8860,43798648
3,8x8,neon,throughput,3,4096,351682,8784,43798648
3,8x8,neon,throughput,4,4096,380962,9515,43798648
3,8x8,neon,throughput,5,4096,351603,8782,43798648
3,8x8,neon,throughput,6,4096,377282,9425,43798648
3,8x8,neon,throughput,7,4096,353802,8830,43798648
3,8x8,neon,throughput,8,4096,350042,8742,43798648
3,8x8,neon,throughput,9,4096,422123,10542,43798648
3,8x8,neon,throughput,10,4096,351922,8789,43798648
3,8x8,neon,throughput,11,4096,350442,8753,43798648
3,8x8,neon,throughput,12,4096,381483,9525,43798648
3,8x8,neon,throughput,13,4096,351002,8768,43798648
3,8x8,neon,throughput,14,4096,350682,8759,43798648
3,8x8,neon,throughput,15,4096,407523,10179,43798648
3,8x8,neon,throughput,16,4096,437762,10919,43798648
3,8x8,neon,throughput,17,4096,402883,10047,43798648
3,8x8,neon,throughput,18,4096,351882,8787,43798648
3,8x8,neon,throughput,19,4096,427643,10680,43798648
3,8x8,neon,throughput,20,4096,354442,8851,43798648
3,8x8,neon,throughput,21,4096,350002,8741,43798648
3,8x8,neon,throughput,22,4096,376882,9413,43798648
3,8x8,neon,throughput,23,4096,350083,8744,43798648
3,8x8,neon,throughput,24,4096,348322,8700,43798648
3,8x8,neon,throughput,25,4096,379722,9481,43798648
3,8x8,neon,throughput,26,4096,354562,8854,43798648
3,8x8,neon,throughput,27,4096,351083,8769,43798648
3,8x8,neon,throughput,28,4096,381682,9535,43798648
3,8x8,neon,throughput,29,4096,350402,8750,43798648
4,8x8,neon,throughput,0,4096,484723,12104,43798648
4,8x8,neon,throughput,1,4096,357002,8917,43798648
4,8x8,neon,throughput,2,4096,434363,10846,43798648
4,8x8,neon,throughput,3,4096,355002,8871,43798648
4,8x8,neon,throughput,4,4096,352482,8806,43798648
4,8x8,neon,throughput,5,4096,387003,9659,43798648
4,8x8,neon,throughput,6,4096,354722,8862,43798648
4,8x8,neon,throughput,7,4096,348802,8712,43798648
4,8x8,neon,throughput,8,4096,379282,9472,43798648
4,8x8,neon,throughput,9,4096,353843,8840,43798648
4,8x8,neon,throughput,10,4096,373282,9324,43798648
4,8x8,neon,throughput,11,4096,354682,8858,43798648
4,8x8,neon,throughput,12,4096,350042,8747,43798648
4,8x8,neon,throughput,13,4096,418643,10459,43798648
4,8x8,neon,throughput,14,4096,351722,8787,43798648
4,8x8,neon,throughput,15,4096,354762,8863,43798648
4,8x8,neon,throughput,16,4096,380963,9515,43798648
4,8x8,neon,throughput,17,4096,351642,8785,43798648
4,8x8,neon,throughput,18,4096,354242,8848,43798648
4,8x8,neon,throughput,19,4096,386522,9652,43798648
4,8x8,neon,throughput,20,4096,352483,8806,43798648
4,8x8,neon,throughput,21,4096,375282,9373,43798648
4,8x8,neon,throughput,22,4096,353522,8833,43798648
4,8x8,neon,throughput,23,4096,354162,8846,43798648
4,8x8,neon,throughput,24,4096,413283,10324,43798648
4,8x8,neon,throughput,25,4096,354322,8853,43798648
4,8x8,neon,throughput,26,4096,350162,8749,43798648
4,8x8,neon,throughput,27,4096,385363,9626,43798648
4,8x8,neon,throughput,28,4096,352482,8804,43798648
4,8x8,neon,throughput,29,4096,377682,9436,43798648
5,8x8,neon,throughput,0,4096,426843,10658,43798648
5,8x8,neon,throughput,1,4096,396322,9893,43798648
5,8x8,neon,throughput,2,4096,349243,8722,43798648
5,8x8,neon,throughput,3,4096,403282,10063,43798648
5,8x8,neon,throughput,4,4096,375243,9371,43798648
5,8x8,neon,throughput,5,4096,352642,8808,43798648
5,8x8,neon,throughput,6,4096,374722,9362,43798648
5,8x8,neon,throughput,7,4096,350882,8765,43798648
5,8x8,neon,throughput,8,4096,350682,8761,43798648
5,8x8,neon,throughput,9,4096,372723,9310,43798648
5,8x8,neon,throughput,10,4096,352322,8801,43798648
5,8x8,neon,throughput,11,4096,349642,8733,43798648
5,8x8,neon,throughput,12,4096,375922,9389,43798648
5,8x8,neon,throughput,13,4096,350363,8751,43798648
5,8x8,neon,throughput,14,4096,381882,9533,43798648
5,8x8,neon,throughput,15,4096,383122,9568,43798648
5,8x8,neon,throughput,16,4096,350483,8753,43798648
5,8x8,neon,throughput,17,4096,372762,9312,43798648
5,8x8,neon,throughput,18,4096,350242,8747,43798648
5,8x8,neon,throughput,19,4096,348362,8700,43798648
5,8x8,neon,throughput,20,4096,373923,9339,43798648
5,8x8,neon,throughput,21,4096,352042,8790,43798648
5,8x8,neon,throughput,22,4096,349242,8723,43798648
5,8x8,neon,throughput,23,4096,371962,9287,43798648
5,8x8,neon,throughput,24,4096,351562,8780,43798648
5,8x8,neon,throughput,25,4096,389683,9729,43798648
5,8x8,neon,throughput,26,4096,368322,9200,43798648
5,8x8,neon,throughput,27,4096,347202,8672,43798648
5,8x8,neon,throughput,28,4096,370683,9258,43798648
5,8x8,neon,throughput,29,4096,350162,8746,43798648
