----------------
IN: dynopt_dct16_sve2_shared
0x00400820:  043f573f  addvl    sp, sp, #0xfffffffffffffff9

Trace 0: 0x7f62cc1337c0 [80081009311/0000000000400820/00000001/00000201] dynopt_dct16_sve2_shared
----------------
IN: dynopt_dct16_sve2_shared
0x00400824:  2518e3e7  ptrue    p7.b

Trace 0: 0x7f62cc133900 [80081009311/0000000000400824/00000001/00000201] dynopt_dct16_sve2_shared
----------------
IN: dynopt_dct16_sve2_shared
0x00400828:  b00002a6  adrp     x6, #0x455000

Trace 0: 0x7f62cc133a40 [80081009311/0000000000400828/00000001/00000201] dynopt_dct16_sve2_shared
----------------
IN: dynopt_dct16_sve2_shared
0x0040082c:  d11503ff  sub      sp, sp, #0x540

Trace 0: 0x7f62cc133b80 [80081009311/000000000040082c/00000001/00000201] dynopt_dct16_sve2_shared
----------------
IN: dynopt_dct16_sve2_shared
0x00400830:  9116c0c3  add      x3, x6, #0x5b0

Trace 0: 0x7f62cc133cc0 [80081009311/0000000000400830/00000001/00000201] dynopt_dct16_sve2_shared
----------------
IN: dynopt_dct16_sve2_shared
0x00400834:  a4a0bc7f  ld1h     {z31.h}, p7/z, [x3]

Trace 0: 0x7f62cc133e00 [80081009311/0000000000400834/00000001/00000201] dynopt_dct16_sve2_shared
----------------
IN: dynopt_dct16_sve2_shared
0x00400838:  910103e4  add      x4, sp, #0x40

Trace 0: 0x7f62cc133f40 [80081009311/0000000000400838/00000001/00000201] dynopt_dct16_sve2_shared
----------------
IN: dynopt_dct16_sve2_shared
0x0040083c:  91008063  add      x3, x3, #0x20

Trace 0: 0x7f62cc134080 [80081009311/000000000040083c/00000001/00000201] dynopt_dct16_sve2_shared
----------------
IN: dynopt_dct16_sve2_shared
0x00400840:  6d0027e8  stp      d8, d9, [sp]

Trace 0: 0x7f62cc1341c0 [80081009311/0000000000400840/00000001/00000201] dynopt_dct16_sve2_shared
----------------
IN: dynopt_dct16_sve2_shared
0x00400844:  6d012fea  stp      d10, d11, [sp, #0x10]

Trace 0: 0x7f62cc134300 [80081009311/0000000000400844/00000001/00000201] dynopt_dct16_sve2_shared
----------------
IN: dynopt_dct16_sve2_shared
0x00400848:  6d0237ec  stp      d12, d13, [sp, #0x20]

Trace 0: 0x7f62cc134440 [80081009311/0000000000400848/00000001/00000201] dynopt_dct16_sve2_shared
----------------
IN: dynopt_dct16_sve2_shared
0x0040084c:  6d033fee  stp      d14, d15, [sp, #0x30]

Trace 0: 0x7f62cc134580 [80081009311/000000000040084c/00000001/00000201] dynopt_dct16_sve2_shared
----------------
IN: dynopt_dct16_sve2_shared
0x00400850:  a4a0bc05  ld1h     {z5.h}, p7/z, [x0]

Trace 0: 0x7f62cc1346c0 [80081009311/0000000000400850/00000001/00000201] dynopt_dct16_sve2_shared
----------------
IN: dynopt_dct16_sve2_shared
0x00400854:  057f30be  tbl      z30.h, {z5.h}, z31.h

Trace 0: 0x7f62cc134800 [80081009311/0000000000400854/00000001/00000201] dynopt_dct16_sve2_shared
----------------
IN: dynopt_dct16_sve2_shared
0x00400858:  a4a25c06  ld1h     {z6.h}, p7/z, [x0, x2, lsl #1]

Trace 0: 0x7f62cc134940 [80081009311/0000000000400858/00000001/00000201] dynopt_dct16_sve2_shared
----------------
IN: dynopt_dct16_sve2_shared
0x0040085c:  047e00a8  add      z8.h, z5.h, z30.h

Trace 0: 0x7f62cc134a80 [80081009311/000000000040085c/00000001/00000201] dynopt_dct16_sve2_shared
----------------
IN: dynopt_dct16_sve2_shared
0x00400860:  047e04a5  sub      z5.h, z5.h, z30.h

Trace 0: 0x7f62cc134bc0 [80081009311/0000000000400860/00000001/00000201] dynopt_dct16_sve2_shared
----------------
IN: dynopt_dct16_sve2_shared
0x00400864:  057f30de  tbl      z30.h, {z6.h}, z31.h

Trace 0: 0x7f62cc134d00 [80081009311/0000000000400864/00000001/00000201] dynopt_dct16_sve2_shared
----------------
IN: dynopt_dct16_sve2_shared
0x00400868:  8b020800  add      x0, x0, x2, lsl #2

Trace 0: 0x7f62cc134e40 [80081009311/0000000000400868/00000001/00000201] dynopt_dct16_sve2_shared
----------------
IN: dynopt_dct16_sve2_shared
0x0040086c:  047e00c9  add      z9.h, z6.h, z30.h

Trace 0: 0x7f62cc134f80 [80081009311/000000000040086c/00000001/00000201] dynopt_dct16_sve2_shared
----------------
IN: dynopt_dct16_sve2_shared
0x00400870:  a4a0bc07  ld1h     {z7.h}, p7/z, [x0]

Trace 0: 0x7f62cc1350c0 [80081009311/0000000000400870/00000001/00000201] dynopt_dct16_sve2_shared
----------------
IN: dynopt_dct16_sve2_shared
0x00400874:  047e04c6  sub      z6.h, z6.h, z30.h

Trace 0: 0x7f62cc135200 [80081009311/0000000000400874/00000001/00000201] dynopt_dct16_sve2_shared
----------------
IN: dynopt_dct16_sve2_shared
0x00400878:  057f30fe  tbl      z30.h, {z7.h}, z31.h

Trace 0: 0x7f62cc135340 [80081009311/0000000000400878/00000001/00000201] dynopt_dct16_sve2_shared
----------------
IN: dynopt_dct16_sve2_shared
0x0040087c:  a4a25c10  ld1h     {z16.h}, p7/z, [x0, x2, lsl #1]

Trace 0: 0x7f62cc135480 [80081009311/000000000040087c/00000001/00000201] dynopt_dct16_sve2_shared
----------------
IN: dynopt_dct16_sve2_shared
0x00400880:  047e00ea  add      z10.h, z7.h, z30.h

Trace 0: 0x7f62cc1355c0 [80081009311/0000000000400880/00000001/00000201] dynopt_dct16_sve2_shared
----------------
IN: dynopt_dct16_sve2_shared
0x00400884:  047e04e7  sub      z7.h, z7.h, z30.h

Trace 0: 0x7f62cc135700 [80081009311/0000000000400884/00000001/00000201] dynopt_dct16_sve2_shared
----------------
IN: dynopt_dct16_sve2_shared
0x00400888:  057f321e  tbl      z30.h, {z16.h}, z31.h

Trace 0: 0x7f62cc135840 [80081009311/0000000000400888/00000001/00000201] dynopt_dct16_sve2_shared
----------------
IN: dynopt_dct16_sve2_shared
0x0040088c:  8b020800  add      x0, x0, x2, lsl #2

Trace 0: 0x7f62cc135980 [80081009311/000000000040088c/00000001/00000201] dynopt_dct16_sve2_shared
----------------
IN: dynopt_dct16_sve2_shared
0x00400890:  047e020b  add      z11.h, z16.h, z30.h

Trace 0: 0x7f62cc135ac0 [80081009311/0000000000400890/00000001/00000201] dynopt_dct16_sve2_shared
----------------
IN: dynopt_dct16_sve2_shared
0x00400894:  a4a0bc11  ld1h     {z17.h}, p7/z, [x0]

Trace 0: 0x7f62cc135c00 [80081009311/0000000000400894/00000001/00000201] dynopt_dct16_sve2_shared
----------------
IN: dynopt_dct16_sve2_shared
0x00400898:  047e0610  sub      z16.h, z16.h, z30.h

Trace 0: 0x7f62cc135d40 [80081009311/0000000000400898/00000001/00000201] dynopt_dct16_sve2_shared
----------------
IN: dynopt_dct16_sve2_shared
0x0040089c:  057f323e  tbl      z30.h, {z17.h}, z31.h

Trace 0: 0x7f62cc135e80 [80081009311/000000000040089c/00000001/00000201] dynopt_dct16_sve2_shared
----------------
IN: dynopt_dct16_sve2_shared
0x004008a0:  a4a25c12  ld1h     {z18.h}, p7/z, [x0, x2, lsl #1]

Trace 0: 0x7f62cc135fc0 [80081009311/00000000004008a0/00000001/00000201] dynopt_dct16_sve2_shared
----------------
IN: dynopt_dct16_sve2_shared
0x004008a4:  047e022c  add      z12.h, z17.h, z30.h

Trace 0: 0x7f62cc136100 [80081009311/00000000004008a4/00000001/00000201] dynopt_dct16_sve2_shared
----------------
IN: dynopt_dct16_sve2_shared
0x004008a8:  047e0631  sub      z17.h, z17.h, z30.h

Trace 0: 0x7f62cc136240 [80081009311/00000000004008a8/00000001/00000201] dynopt_dct16_sve2_shared
----------------
IN: dynopt_dct16_sve2_shared
0x004008ac:  057f325e  tbl      z30.h, {z18.h}, z31.h

Trace 0: 0x7f62cc136380 [80081009311/00000000004008ac/00000001/00000201] dynopt_dct16_sve2_shared
----------------
IN: dynopt_dct16_sve2_shared
0x004008b0:  8b020800  add      x0, x0, x2, lsl #2

Trace 0: 0x7f62cc1364c0 [80081009311/00000000004008b0/00000001/00000201] dynopt_dct16_sve2_shared
----------------
IN: dynopt_dct16_sve2_shared
0x004008b4:  047e024d  add      z13.h, z18.h, z30.h

Trace 0: 0x7f62cc136600 [80081009311/00000000004008b4/00000001/00000201] dynopt_dct16_sve2_shared
----------------
IN: dynopt_dct16_sve2_shared
0x004008b8:  a4a0bc13  ld1h     {z19.h}, p7/z, [x0]

Trace 0: 0x7f62cc136740 [80081009311/00000000004008b8/00000001/00000201] dynopt_dct16_sve2_shared
----------------
IN: dynopt_dct16_sve2_shared
0x004008bc:  047e0652  sub      z18.h, z18.h, z30.h

Trace 0: 0x7f62cc136880 [80081009311/00000000004008bc/00000001/00000201] dynopt_dct16_sve2_shared
----------------
IN: dynopt_dct16_sve2_shared
0x004008c0:  057f327e  tbl      z30.h, {z19.h}, z31.h

Trace 0: 0x7f62cc1369c0 [80081009311/00000000004008c0/00000001/00000201] dynopt_dct16_sve2_shared
----------------
IN: dynopt_dct16_sve2_shared
0x004008c4:  a4a25c14  ld1h     {z20.h}, p7/z, [x0, x2, lsl #1]

Trace 0: 0x7f62cc136b00 [80081009311/00000000004008c4/00000001/00000201] dynopt_dct16_sve2_shared
----------------
IN: dynopt_dct16_sve2_shared
0x004008c8:  047e026e  add      z14.h, z19.h, z30.h

Trace 0: 0x7f62cc136c40 [80081009311/00000000004008c8/00000001/00000201] dynopt_dct16_sve2_shared
----------------
IN: dynopt_dct16_sve2_shared
0x004008cc:  047e0673  sub      z19.h, z19.h, z30.h

Trace 0: 0x7f62cc136d80 [80081009311/00000000004008cc/00000001/00000201] dynopt_dct16_sve2_shared
----------------
IN: dynopt_dct16_sve2_shared
0x004008d0:  057f329e  tbl      z30.h, {z20.h}, z31.h

Trace 0: 0x7f62cc136ec0 [80081009311/00000000004008d0/00000001/00000201] dynopt_dct16_sve2_shared
----------------
IN: dynopt_dct16_sve2_shared
0x004008d4:  8b020800  add      x0, x0, x2, lsl #2

Trace 0: 0x7f62cc137000 [80081009311/00000000004008d4/00000001/00000201] dynopt_dct16_sve2_shared
----------------
IN: dynopt_dct16_sve2_shared
0x004008d8:  047e028f  add      z15.h, z20.h, z30.h

Trace 0: 0x7f62cc137140 [80081009311/00000000004008d8/00000001/00000201] dynopt_dct16_sve2_shared
----------------
IN: dynopt_dct16_sve2_shared
0x004008dc:  a4a0bc15  ld1h     {z21.h}, p7/z, [x0]

Trace 0: 0x7f62cc137280 [80081009311/00000000004008dc/00000001/00000201] dynopt_dct16_sve2_shared
----------------
IN: dynopt_dct16_sve2_shared
0x004008e0:  047e0694  sub      z20.h, z20.h, z30.h

Trace 0: 0x7f62cc1373c0 [80081009311/00000000004008e0/00000001/00000201] dynopt_dct16_sve2_shared
----------------
IN: dynopt_dct16_sve2_shared
0x004008e4:  057f32be  tbl      z30.h, {z21.h}, z31.h

Trace 0: 0x7f62cc137500 [80081009311/00000000004008e4/00000001/00000201] dynopt_dct16_sve2_shared
----------------
IN: dynopt_dct16_sve2_shared
0x004008e8:  a4a25c16  ld1h     {z22.h}, p7/z, [x0, x2, lsl #1]

Trace 0: 0x7f62cc137640 [80081009311/00000000004008e8/00000001/00000201] dynopt_dct16_sve2_shared
----------------
IN: dynopt_dct16_sve2_shared
0x004008ec:  047e02a0  add      z0.h, z21.h, z30.h

Trace 0: 0x7f62cc137780 [80081009311/00000000004008ec/00000001/00000201] dynopt_dct16_sve2_shared
----------------
IN: dynopt_dct16_sve2_shared
0x004008f0:  047e06b5  sub      z21.h, z21.h, z30.h

Trace 0: 0x7f62cc1378c0 [80081009311/00000000004008f0/00000001/00000201] dynopt_dct16_sve2_shared
----------------
IN: dynopt_dct16_sve2_shared
0x004008f4:  057f32de  tbl      z30.h, {z22.h}, z31.h

Trace 0: 0x7f62cc137a00 [80081009311/00000000004008f4/00000001/00000201] dynopt_dct16_sve2_shared
----------------
IN: dynopt_dct16_sve2_shared
0x004008f8:  8b020800  add      x0, x0, x2, lsl #2

Trace 0: 0x7f62cc137b40 [80081009311/00000000004008f8/00000001/00000201] dynopt_dct16_sve2_shared
----------------
IN: dynopt_dct16_sve2_shared
0x004008fc:  047e02c1  add      z1.h, z22.h, z30.h

Trace 0: 0x7f62cc137c80 [80081009311/00000000004008fc/00000001/00000201] dynopt_dct16_sve2_shared
----------------
IN: dynopt_dct16_sve2_shared
0x00400900:  a4a0bc17  ld1h     {z23.h}, p7/z, [x0]

Trace 0: 0x7f62cc137dc0 [80081009311/0000000000400900/00000001/00000201] dynopt_dct16_sve2_shared
----------------
IN: dynopt_dct16_sve2_shared
0x00400904:  047e06d6  sub      z22.h, z22.h, z30.h

Trace 0: 0x7f62cc137f00 [80081009311/0000000000400904/00000001/00000201] dynopt_dct16_sve2_shared
----------------
IN: dynopt_dct16_sve2_shared
0x00400908:  057f32fe  tbl      z30.h, {z23.h}, z31.h

Trace 0: 0x7f62cc138040 [80081009311/0000000000400908/00000001/00000201] dynopt_dct16_sve2_shared
----------------
IN: dynopt_dct16_sve2_shared
0x0040090c:  a4a25c18  ld1h     {z24.h}, p7/z, [x0, x2, lsl #1]

Trace 0: 0x7f62cc138180 [80081009311/000000000040090c/00000001/00000201] dynopt_dct16_sve2_shared
----------------
IN: dynopt_dct16_sve2_shared
0x00400910:  047e02e2  add      z2.h, z23.h, z30.h

Trace 0: 0x7f62cc1382c0 [80081009311/0000000000400910/00000001/00000201] dynopt_dct16_sve2_shared
----------------
IN: dynopt_dct16_sve2_shared
0x00400914:  047e06f7  sub      z23.h, z23.h, z30.h

Trace 0: 0x7f62cc138400 [80081009311/0000000000400914/00000001/00000201] dynopt_dct16_sve2_shared
----------------
IN: dynopt_dct16_sve2_shared
0x00400918:  057f331e  tbl      z30.h, {z24.h}, z31.h

Trace 0: 0x7f62cc138540 [80081009311/0000000000400918/00000001/00000201] dynopt_dct16_sve2_shared
----------------
IN: dynopt_dct16_sve2_shared
0x0040091c:  8b020800  add      x0, x0, x2, lsl #2

Trace 0: 0x7f62cc138680 [80081009311/000000000040091c/00000001/00000201] dynopt_dct16_sve2_shared
----------------
IN: dynopt_dct16_sve2_shared
0x00400920:  047e0303  add      z3.h, z24.h, z30.h

Trace 0: 0x7f62cc1387c0 [80081009311/0000000000400920/00000001/00000201] dynopt_dct16_sve2_shared
----------------
IN: dynopt_dct16_sve2_shared
0x00400924:  047e0718  sub      z24.h, z24.h, z30.h

Trace 0: 0x7f62cc138900 [80081009311/0000000000400924/00000001/00000201] dynopt_dct16_sve2_shared
----------------
IN: dynopt_dct16_sve2_shared
0x00400928:  a4a0bc1e  ld1h     {z30.h}, p7/z, [x0]

Trace 0: 0x7f62cc138a40 [80081009311/0000000000400928/00000001/00000201] dynopt_dct16_sve2_shared
----------------
IN: dynopt_dct16_sve2_shared
0x0040092c:  057f33dd  tbl      z29.h, {z30.h}, z31.h

Trace 0: 0x7f62cc138b80 [80081009311/000000000040092c/00000001/00000201] dynopt_dct16_sve2_shared
----------------
IN: dynopt_dct16_sve2_shared
0x00400930:  047d03c4  add      z4.h, z30.h, z29.h

Trace 0: 0x7f62cc138cc0 [80081009311/0000000000400930/00000001/00000201] dynopt_dct16_sve2_shared
----------------
IN: dynopt_dct16_sve2_shared
0x00400934:  047d07de  sub      z30.h, z30.h, z29.h

Trace 0: 0x7f62cc138e00 [80081009311/0000000000400934/00000001/00000201] dynopt_dct16_sve2_shared
----------------
IN: dynopt_dct16_sve2_shared
0x00400938:  e580409e  str      z30, [x4]

Trace 0: 0x7f62cc138f40 [80081009311/0000000000400938/00000001/00000201] dynopt_dct16_sve2_shared
----------------
IN: dynopt_dct16_sve2_shared
0x0040093c:  043f5024  addvl    x4, sp, #1

Trace 0: 0x7f62cc1390c0 [80081009311/000000000040093c/00000001/00000201] dynopt_dct16_sve2_shared
----------------
IN: dynopt_dct16_sve2_shared
0x00400940:  a4a25c1e  ld1h     {z30.h}, p7/z, [x0, x2, lsl #1]

Trace 0: 0x7f62cc139200 [80081009311/0000000000400940/00000001/00000201] dynopt_dct16_sve2_shared
----------------
IN: dynopt_dct16_sve2_shared
0x00400944:  057f33dd  tbl      z29.h, {z30.h}, z31.h

Trace 0: 0x7f62cc139340 [80081009311/0000000000400944/00000001/00000201] dynopt_dct16_sve2_shared
----------------
IN: dynopt_dct16_sve2_shared
0x00400948:  91010084  add      x4, x4, #0x40

Trace 0: 0x7f62cc139480 [80081009311/0000000000400948/00000001/00000201] dynopt_dct16_sve2_shared
----------------
IN: dynopt_dct16_sve2_shared
0x0040094c:  047d03dc  add      z28.h, z30.h, z29.h

Trace 0: 0x7f62cc1395c0 [80081009311/000000000040094c/00000001/00000201] dynopt_dct16_sve2_shared
----------------
IN: dynopt_dct16_sve2_shared
0x00400950:  e580409c  str      z28, [x4]

Trace 0: 0x7f62cc139700 [80081009311/0000000000400950/00000001/00000201] dynopt_dct16_sve2_shared
----------------
IN: dynopt_dct16_sve2_shared
0x00400954:  043f5044  addvl    x4, sp, #2

Trace 0: 0x7f62cc139880 [80081009311/0000000000400954/00000001/00000201] dynopt_dct16_sve2_shared
----------------
IN: dynopt_dct16_sve2_shared
0x00400958:  047d07de  sub      z30.h, z30.h, z29.h

Trace 0: 0x7f62cc1399c0 [80081009311/0000000000400958/00000001/00000201] dynopt_dct16_sve2_shared
----------------
IN: dynopt_dct16_sve2_shared
0x0040095c:  8b020800  add      x0, x0, x2, lsl #2

Trace 0: 0x7f62cc139b00 [80081009311/000000000040095c/00000001/00000201] dynopt_dct16_sve2_shared
----------------
IN: dynopt_dct16_sve2_shared
0x00400960:  91010084  add      x4, x4, #0x40

Trace 0: 0x7f62cc139c40 [80081009311/0000000000400960/00000001/00000201] dynopt_dct16_sve2_shared
----------------
IN: dynopt_dct16_sve2_shared
0x00400964:  e580409e  str      z30, [x4]

Trace 0: 0x7f62cc139d80 [80081009311/0000000000400964/00000001/00000201] dynopt_dct16_sve2_shared
----------------
IN: dynopt_dct16_sve2_shared
0x00400968:  a4a0bc1e  ld1h     {z30.h}, p7/z, [x0]

Trace 0: 0x7f62cc139f00 [80081009311/0000000000400968/00000001/00000201] dynopt_dct16_sve2_shared
----------------
IN: dynopt_dct16_sve2_shared
0x0040096c:  043f5064  addvl    x4, sp, #3

Trace 0: 0x7f62cc13a040 [80081009311/000000000040096c/00000001/00000201] dynopt_dct16_sve2_shared
----------------
IN: dynopt_dct16_sve2_shared
0x00400970:  057f33dd  tbl      z29.h, {z30.h}, z31.h

Trace 0: 0x7f62cc13a180 [80081009311/0000000000400970/00000001/00000201] dynopt_dct16_sve2_shared
----------------
IN: dynopt_dct16_sve2_shared
0x00400974:  047d03dc  add      z28.h, z30.h, z29.h

Trace 0: 0x7f62cc13a2c0 [80081009311/0000000000400974/00000001/00000201] dynopt_dct16_sve2_shared
----------------
IN: dynopt_dct16_sve2_shared
0x00400978:  91010084  add      x4, x4, #0x40

Trace 0: 0x7f62cc13a400 [80081009311/0000000000400978/00000001/00000201] dynopt_dct16_sve2_shared
----------------
IN: dynopt_dct16_sve2_shared
0x0040097c:  047d07de  sub      z30.h, z30.h, z29.h

Trace 0: 0x7f62cc13a540 [80081009311/000000000040097c/00000001/00000201] dynopt_dct16_sve2_shared
----------------
IN: dynopt_dct16_sve2_shared
0x00400980:  e580409c  str      z28, [x4]

Trace 0: 0x7f62cc13a680 [80081009311/0000000000400980/00000001/00000201] dynopt_dct16_sve2_shared
----------------
IN: dynopt_dct16_sve2_shared
0x00400984:  043f5084  addvl    x4, sp, #4

Trace 0: 0x7f62cc13a800 [80081009311/0000000000400984/00000001/00000201] dynopt_dct16_sve2_shared
----------------
IN: dynopt_dct16_sve2_shared
0x00400988:  91010084  add      x4, x4, #0x40

Trace 0: 0x7f62cc13a940 [80081009311/0000000000400988/00000001/00000201] dynopt_dct16_sve2_shared
----------------
IN: dynopt_dct16_sve2_shared
0x0040098c:  e580409e  str      z30, [x4]

Trace 0: 0x7f62cc13aa80 [80081009311/000000000040098c/00000001/00000201] dynopt_dct16_sve2_shared
----------------
IN: dynopt_dct16_sve2_shared
0x00400990:  a4a25c1e  ld1h     {z30.h}, p7/z, [x0, x2, lsl #1]

Trace 0: 0x7f62cc13ac00 [80081009311/0000000000400990/00000001/00000201] dynopt_dct16_sve2_shared
----------------
IN: dynopt_dct16_sve2_shared
0x00400994:  043f50a0  addvl    x0, sp, #5

Trace 0: 0x7f62cc13ad40 [80081009311/0000000000400994/00000001/00000201] dynopt_dct16_sve2_shared
----------------
IN: dynopt_dct16_sve2_shared
0x00400998:  057f33df  tbl      z31.h, {z30.h}, z31.h

Trace 0: 0x7f62cc13ae80 [80081009311/0000000000400998/00000001/00000201] dynopt_dct16_sve2_shared
----------------
IN: dynopt_dct16_sve2_shared
0x0040099c:  043f50e4  addvl    x4, sp, #7

Trace 0: 0x7f62cc13afc0 [80081009311/000000000040099c/00000001/00000201] dynopt_dct16_sve2_shared
----------------
IN: dynopt_dct16_sve2_shared
0x004009a0:  91010000  add      x0, x0, #0x40

Trace 0: 0x7f62cc13b100 [80081009311/00000000004009a0/00000001/00000201] dynopt_dct16_sve2_shared
----------------
IN: dynopt_dct16_sve2_shared
0x004009a4:  047f03dd  add      z29.h, z30.h, z31.h

Trace 0: 0x7f62cc13b240 [80081009311/00000000004009a4/00000001/00000201] dynopt_dct16_sve2_shared
----------------
IN: dynopt_dct16_sve2_shared
0x004009a8:  e580401d  str      z29, [x0]

Trace 0: 0x7f62cc13b380 [80081009311/00000000004009a8/00000001/00000201] dynopt_dct16_sve2_shared
----------------
IN: dynopt_dct16_sve2_shared
0x004009ac:  043f50c0  addvl    x0, sp, #6

Trace 0: 0x7f62cc13b500 [80081009311/00000000004009ac/00000001/00000201] dynopt_dct16_sve2_shared
----------------
IN: dynopt_dct16_sve2_shared
0x004009b0:  910d0084  add      x4, x4, #0x340

Trace 0: 0x7f62cc13b640 [80081009311/00000000004009b0/00000001/00000201] dynopt_dct16_sve2_shared
----------------
IN: dynopt_dct16_sve2_shared
0x004009b4:  047f07df  sub      z31.h, z30.h, z31.h

Trace 0: 0x7f62cc13b780 [80081009311/00000000004009b4/00000001/00000201] dynopt_dct16_sve2_shared
----------------
IN: dynopt_dct16_sve2_shared
0x004009b8:  91010000  add      x0, x0, #0x40

Trace 0: 0x7f62cc13b8c0 [80081009311/00000000004009b8/00000001/00000201] dynopt_dct16_sve2_shared
----------------
IN: dynopt_dct16_sve2_shared
0x004009bc:  52800002  mov      w2, #0

Trace 0: 0x7f62cc13ba00 [80081009311/00000000004009bc/00000001/00000201] dynopt_dct16_sve2_shared
----------------
IN: dynopt_dct16_sve2_shared
0x004009c0:  2f00e41e  movi     d30, #0000000000000000

Trace 0: 0x7f62cc13bb40 [80081009311/00000000004009c0/00000001/00000201] dynopt_dct16_sve2_shared
----------------
IN: dynopt_dct16_sve2_shared
0x004009c4:  e580401f  str      z31, [x0]

Trace 0: 0x7f62cc13bc80 [80081009311/00000000004009c4/00000001/00000201] dynopt_dct16_sve2_shared
----------------
IN: dynopt_dct16_sve2_shared
0x004009c8:  aa0403e0  mov      x0, x4

Trace 0: 0x7f62cc13be00 [80081009311/00000000004009c8/00000001/00000201] dynopt_dct16_sve2_shared
----------------
IN: dynopt_dct16_sve2_shared
0x004009cc:  14000044  b        #0x400adc

Trace 0: 0x7f62cc13bf40 [80081009311/00000000004009cc/00000001/00000201] dynopt_dct16_sve2_shared
----------------
IN: dynopt_dct16_sve2_shared
0x00400adc:  a4a0bc7f  ld1h     {z31.h}, p7/z, [x3]

Trace 0: 0x7f62cc13c080 [80081009311/0000000000400adc/00000001/00000201] dynopt_dct16_sve2_shared
----------------
IN: dynopt_dct16_sve2_shared
0x00400ae0:  3707f782  tbnz     w2, #0, #0x4009d0

Trace 0: 0x7f62cc13c1c0 [80081009311/0000000000400ae0/00000001/00000201] dynopt_dct16_sve2_shared
----------------
IN: dynopt_dct16_sve2_shared
0x00400ae4:  0420bfdc  movprfx  z28, z30

Trace 0: 0x7f62cc13c300 [80081009311/0000000000400ae4/00000001/00000201] dynopt_dct16_sve2_shared
----------------
IN: dynopt_dct16_sve2_shared
0x00400ae8:  44df013c  sdot     z28.d, z9.h, z31.h

Trace 0: 0x7f62cc13c440 [80081009311/0000000000400ae8/00000001/00000201] dynopt_dct16_sve2_shared
----------------
IN: dynopt_dct16_sve2_shared
0x00400aec:  0420bfdb  movprfx  z27, z30

Trace 0: 0x7f62cc13c580 [80081009311/0000000000400aec/00000001/00000201] dynopt_dct16_sve2_shared
----------------
IN: dynopt_dct16_sve2_shared
0x00400af0:  44df017b  sdot     z27.d, z11.h, z31.h

Trace 0: 0x7f62cc13c6c0 [80081009311/0000000000400af0/00000001/00000201] dynopt_dct16_sve2_shared
----------------
IN: dynopt_dct16_sve2_shared
0x00400af4:  0420bfdd  movprfx  z29, z30

Trace 0: 0x7f62cc13c800 [80081009311/0000000000400af4/00000001/00000201] dynopt_dct16_sve2_shared
----------------
IN: dynopt_dct16_sve2_shared
0x00400af8:  44df011d  sdot     z29.d, z8.h, z31.h

Trace 0: 0x7f62cc13c940 [80081009311/0000000000400af8/00000001/00000201] dynopt_dct16_sve2_shared
----------------
IN: dynopt_dct16_sve2_shared
0x00400afc:  4e9c1bbd  uzp1     v29.4s, v29.4s, v28.4s

Trace 0: 0x7f62cc13ca80 [80081009311/0000000000400afc/00000001/00000201] dynopt_dct16_sve2_shared
----------------
IN: dynopt_dct16_sve2_shared
0x00400b00:  0420bfdc  movprfx  z28, z30

Trace 0: 0x7f62cc13cc00 [80081009311/0000000000400b00/00000001/00000201] dynopt_dct16_sve2_shared
----------------
IN: dynopt_dct16_sve2_shared
0x00400b04:  44df015c  sdot     z28.d, z10.h, z31.h

Trace 0: 0x7f62cc13cd40 [80081009311/0000000000400b04/00000001/00000201] dynopt_dct16_sve2_shared
----------------
IN: dynopt_dct16_sve2_shared
0x00400b08:  0420bfda  movprfx  z26, z30

Trace 0: 0x7f62cc13ce80 [80081009311/0000000000400b08/00000001/00000201] dynopt_dct16_sve2_shared
----------------
IN: dynopt_dct16_sve2_shared
0x00400b0c:  44df01fa  sdot     z26.d, z15.h, z31.h

Trace 0: 0x7f62cc13cfc0 [80081009311/0000000000400b0c/00000001/00000201] dynopt_dct16_sve2_shared
----------------
IN: dynopt_dct16_sve2_shared
0x00400b10:  4e9b1b9c  uzp1     v28.4s, v28.4s, v27.4s

Trace 0: 0x7f62cc13d100 [80081009311/0000000000400b10/00000001/00000201] dynopt_dct16_sve2_shared
----------------
IN: dynopt_dct16_sve2_shared
0x00400b14:  0420bfdb  movprfx  z27, z30

Trace 0: 0x7f62cc13d280 [80081009311/0000000000400b14/00000001/00000201] dynopt_dct16_sve2_shared
----------------
IN: dynopt_dct16_sve2_shared
0x00400b18:  44df01bb  sdot     z27.d, z13.h, z31.h

Trace 0: 0x7f62cc13d3c0 [80081009311/0000000000400b18/00000001/00000201] dynopt_dct16_sve2_shared
----------------
IN: dynopt_dct16_sve2_shared
0x00400b1c:  043f5025  addvl    x5, sp, #1

Trace 0: 0x7f62cc13d500 [80081009311/0000000000400b1c/00000001/00000201] dynopt_dct16_sve2_shared
----------------
IN: dynopt_dct16_sve2_shared
0x00400b20:  910100a5  add      x5, x5, #0x40

Trace 0: 0x7f62cc13d640 [80081009311/0000000000400b20/00000001/00000201] dynopt_dct16_sve2_shared
----------------
IN: dynopt_dct16_sve2_shared
0x00400b24:  4ebcbfbd  addp     v29.4s, v29.4s, v28.4s

Trace 0: 0x7f62cc13d780 [80081009311/0000000000400b24/00000001/00000201] dynopt_dct16_sve2_shared
----------------
IN: dynopt_dct16_sve2_shared
0x00400b28:  0420bfdc  movprfx  z28, z30

Trace 0: 0x7f62cc13d8c0 [80081009311/0000000000400b28/00000001/00000201] dynopt_dct16_sve2_shared
----------------
IN: dynopt_dct16_sve2_shared
0x00400b2c:  44df019c  sdot     z28.d, z12.h, z31.h

Trace 0: 0x7f62cc13da00 [80081009311/0000000000400b2c/00000001/00000201] dynopt_dct16_sve2_shared
----------------
IN: dynopt_dct16_sve2_shared
0x00400b30:  4e9b1b9c  uzp1     v28.4s, v28.4s, v27.4s

Trace 0: 0x7f62cc13db40 [80081009311/0000000000400b30/00000001/00000201] dynopt_dct16_sve2_shared
----------------
IN: dynopt_dct16_sve2_shared
0x00400b34:  0420bfdb  movprfx  z27, z30

Trace 0: 0x7f62cc13dcc0 [80081009311/0000000000400b34/00000001/00000201] dynopt_dct16_sve2_shared
----------------
IN: dynopt_dct16_sve2_shared
0x00400b38:  44df01db  sdot     z27.d, z14.h, z31.h

Trace 0: 0x7f62cc13de00 [80081009311/0000000000400b38/00000001/00000201] dynopt_dct16_sve2_shared
----------------
IN: dynopt_dct16_sve2_shared
0x00400b3c:  4e9a1b7b  uzp1     v27.4s, v27.4s, v26.4s

Trace 0: 0x7f62cc13df40 [80081009311/0000000000400b3c/00000001/00000201] dynopt_dct16_sve2_shared
----------------
IN: dynopt_dct16_sve2_shared
0x00400b40:  0f1d8fbd  rshrn    v29.4h, v29.4s, #3

Trace 0: 0x7f62cc13e0c0 [80081009311/0000000000400b40/00000001/00000201] dynopt_dct16_sve2_shared
----------------
IN: dynopt_dct16_sve2_shared
0x00400b44:  4ebbbf9c  addp     v28.4s, v28.4s, v27.4s

Trace 0: 0x7f62cc13e240 [80081009311/0000000000400b44/00000001/00000201] dynopt_dct16_sve2_shared
----------------
IN: dynopt_dct16_sve2_shared
0x00400b48:  0420bfdb  movprfx  z27, z30

Trace 0: 0x7f62cc13e380 [80081009311/0000000000400b48/00000001/00000201] dynopt_dct16_sve2_shared
----------------
IN: dynopt_dct16_sve2_shared
0x00400b4c:  44df007b  sdot     z27.d, z3.h, z31.h

Trace 0: 0x7f62cc13e4c0 [80081009311/0000000000400b4c/00000001/00000201] dynopt_dct16_sve2_shared
----------------
IN: dynopt_dct16_sve2_shared
0x00400b50:  0f1d8f9c  rshrn    v28.4h, v28.4s, #3

Trace 0: 0x7f62cc13e600 [80081009311/0000000000400b50/00000001/00000201] dynopt_dct16_sve2_shared
----------------
IN: dynopt_dct16_sve2_shared
0x00400b54:  6d00701d  stp      d29, d28, [x0]

Trace 0: 0x7f62cc13e780 [80081009311/0000000000400b54/00000001/00000201] dynopt_dct16_sve2_shared
----------------
IN: dynopt_dct16_sve2_shared
0x00400b58:  0420bfdc  movprfx  z28, z30

Trace 0: 0x7f62cc13e8c0 [80081009311/0000000000400b58/00000001/00000201] dynopt_dct16_sve2_shared
----------------
IN: dynopt_dct16_sve2_shared
0x00400b5c:  44df003c  sdot     z28.d, z1.h, z31.h

Trace 0: 0x7f62cc13ea00 [80081009311/0000000000400b5c/00000001/00000201] dynopt_dct16_sve2_shared
----------------
IN: dynopt_dct16_sve2_shared
0x00400b60:  0420bfdd  movprfx  z29, z30

Trace 0: 0x7f62cc13eb40 [80081009311/0000000000400b60/00000001/00000201] dynopt_dct16_sve2_shared
----------------
IN: dynopt_dct16_sve2_shared
0x00400b64:  44df001d  sdot     z29.d, z0.h, z31.h

Trace 0: 0x7f62cc13ec80 [80081009311/0000000000400b64/00000001/00000201] dynopt_dct16_sve2_shared
----------------
IN: dynopt_dct16_sve2_shared
0x00400b68:  4e9c1bbd  uzp1     v29.4s, v29.4s, v28.4s

Trace 0: 0x7f62cc13edc0 [80081009311/0000000000400b68/00000001/00000201] dynopt_dct16_sve2_shared
----------------
IN: dynopt_dct16_sve2_shared
0x00400b6c:  0420bfdc  movprfx  z28, z30

Trace 0: 0x7f62cc13ef40 [80081009311/0000000000400b6c/00000001/00000201] dynopt_dct16_sve2_shared
----------------
IN: dynopt_dct16_sve2_shared
0x00400b70:  44df005c  sdot     z28.d, z2.h, z31.h

Trace 0: 0x7f62cc13f080 [80081009311/0000000000400b70/00000001/00000201] dynopt_dct16_sve2_shared
----------------
IN: dynopt_dct16_sve2_shared
0x00400b74:  4e9b1b9c  uzp1     v28.4s, v28.4s, v27.4s

Trace 0: 0x7f62cc13f1c0 [80081009311/0000000000400b74/00000001/00000201] dynopt_dct16_sve2_shared
----------------
IN: dynopt_dct16_sve2_shared
0x00400b78:  4ebcbfbd  addp     v29.4s, v29.4s, v28.4s

Trace 0: 0x7f62cc13f340 [80081009311/0000000000400b78/00000001/00000201] dynopt_dct16_sve2_shared
----------------
IN: dynopt_dct16_sve2_shared
0x00400b7c:  858040bc  ldr      z28, [x5]

Trace 0: 0x7f62cc13f480 [80081009311/0000000000400b7c/00000001/00000201] dynopt_dct16_sve2_shared
----------------
IN: dynopt_dct16_sve2_shared
0x00400b80:  043f5065  addvl    x5, sp, #3

Trace 0: 0x7f62cc13f600 [80081009311/0000000000400b80/00000001/00000201] dynopt_dct16_sve2_shared
----------------
IN: dynopt_dct16_sve2_shared
0x00400b84:  910100a5  add      x5, x5, #0x40

Trace 0: 0x7f62cc13f740 [80081009311/0000000000400b84/00000001/00000201] dynopt_dct16_sve2_shared
----------------
IN: dynopt_dct16_sve2_shared
0x00400b88:  858040bb  ldr      z27, [x5]

Trace 0: 0x7f62cc13f880 [80081009311/0000000000400b88/00000001/00000201] dynopt_dct16_sve2_shared
----------------
IN: dynopt_dct16_sve2_shared
0x00400b8c:  0420bfda  movprfx  z26, z30

Trace 0: 0x7f62cc13fa00 [80081009311/0000000000400b8c/00000001/00000201] dynopt_dct16_sve2_shared
----------------
IN: dynopt_dct16_sve2_shared
0x00400b90:  44df039a  sdot     z26.d, z28.h, z31.h

Trace 0: 0x7f62cc13fb40 [80081009311/0000000000400b90/00000001/00000201] dynopt_dct16_sve2_shared
----------------
IN: dynopt_dct16_sve2_shared
0x00400b94:  043f50a5  addvl    x5, sp, #5

Trace 0: 0x7f62cc13fc80 [80081009311/0000000000400b94/00000001/00000201] dynopt_dct16_sve2_shared
----------------
IN: dynopt_dct16_sve2_shared
0x00400b98:  0420bfdc  movprfx  z28, z30

Trace 0: 0x7f62cc13fdc0 [80081009311/0000000000400b98/00000001/00000201] dynopt_dct16_sve2_shared
----------------
IN: dynopt_dct16_sve2_shared
0x00400b9c:  44df037c  sdot     z28.d, z27.h, z31.h

Trace 0: 0x7f62cc13ff00 [80081009311/0000000000400b9c/00000001/00000201] dynopt_dct16_sve2_shared
----------------
IN: dynopt_dct16_sve2_shared
0x00400ba0:  910100a5  add      x5, x5, #0x40

Trace 0: 0x7f62cc140040 [80081009311/0000000000400ba0/00000001/00000201] dynopt_dct16_sve2_shared
----------------
IN: dynopt_dct16_sve2_shared
0x00400ba4:  858040b9  ldr      z25, [x5]

Trace 0: 0x7f62cc140180 [80081009311/0000000000400ba4/00000001/00000201] dynopt_dct16_sve2_shared
----------------
IN: dynopt_dct16_sve2_shared
0x00400ba8:  0f1d8fbd  rshrn    v29.4h, v29.4s, #3

Trace 0: 0x7f62cc140300 [80081009311/0000000000400ba8/00000001/00000201] dynopt_dct16_sve2_shared
----------------
IN: dynopt_dct16_sve2_shared
0x00400bac:  fd00081d  str      d29, [x0, #0x10]

Trace 0: 0x7f62cc140480 [80081009311/0000000000400bac/00000001/00000201] dynopt_dct16_sve2_shared
----------------
IN: dynopt_dct16_sve2_shared
0x00400bb0:  0420bfdd  movprfx  z29, z30

Trace 0: 0x7f62cc1405c0 [80081009311/0000000000400bb0/00000001/00000201] dynopt_dct16_sve2_shared
----------------
IN: dynopt_dct16_sve2_shared
0x00400bb4:  44df009d  sdot     z29.d, z4.h, z31.h

Trace 0: 0x7f62cc140700 [80081009311/0000000000400bb4/00000001/00000201] dynopt_dct16_sve2_shared
----------------
IN: dynopt_dct16_sve2_shared
0x00400bb8:  17ffffbd  b        #0x400aac

Trace 0: 0x7f62cc140840 [80081009311/0000000000400bb8/00000001/00000201] dynopt_dct16_sve2_shared
----------------
IN: dynopt_dct16_sve2_shared
0x00400aac:  4e9a1bbd  uzp1     v29.4s, v29.4s, v26.4s

Trace 0: 0x7f62cc140980 [80081009311/0000000000400aac/00000001/00000201] dynopt_dct16_sve2_shared
----------------
IN: dynopt_dct16_sve2_shared
0x00400ab0:  0420bfdb  movprfx  z27, z30

Trace 0: 0x7f62cc140b00 [80081009311/0000000000400ab0/00000001/00000201] dynopt_dct16_sve2_shared
----------------
IN: dynopt_dct16_sve2_shared
0x00400ab4:  44df033b  sdot     z27.d, z25.h, z31.h

Trace 0: 0x7f62cc140c40 [80081009311/0000000000400ab4/00000001/00000201] dynopt_dct16_sve2_shared
----------------
IN: dynopt_dct16_sve2_shared
0x00400ab8:  11000442  add      w2, w2, #1

Trace 0: 0x7f62cc140d80 [80081009311/0000000000400ab8/00000001/00000201] dynopt_dct16_sve2_shared
----------------
IN: dynopt_dct16_sve2_shared
0x00400abc:  4e9b1b9c  uzp1     v28.4s, v28.4s, v27.4s

Trace 0: 0x7f62cc140ec0 [80081009311/0000000000400abc/00000001/00000201] dynopt_dct16_sve2_shared
----------------
IN: dynopt_dct16_sve2_shared
0x00400ac0:  91004063  add      x3, x3, #0x10

Trace 0: 0x7f62cc141040 [80081009311/0000000000400ac0/00000001/00000201] dynopt_dct16_sve2_shared
----------------
IN: dynopt_dct16_sve2_shared
0x00400ac4:  91008000  add      x0, x0, #0x20

Trace 0: 0x7f62cc141180 [80081009311/0000000000400ac4/00000001/00000201] dynopt_dct16_sve2_shared
----------------
IN: dynopt_dct16_sve2_shared
0x00400ac8:  4ebcbfbd  addp     v29.4s, v29.4s, v28.4s

Trace 0: 0x7f62cc1412c0 [80081009311/0000000000400ac8/00000001/00000201] dynopt_dct16_sve2_shared
----------------
IN: dynopt_dct16_sve2_shared
0x00400acc:  0f1d8fbd  rshrn    v29.4h, v29.4s, #3

Trace 0: 0x7f62cc141400 [80081009311/0000000000400acc/00000001/00000201] dynopt_dct16_sve2_shared
----------------
IN: dynopt_dct16_sve2_shared
0x00400ad0:  fc1f801d  stur     d29, [x0, #-8]

Trace 0: 0x7f62cc141580 [80081009311/0000000000400ad0/00000001/00000201] dynopt_dct16_sve2_shared
----------------
IN: dynopt_dct16_sve2_shared
0x00400ad4:  7100405f  cmp      w2, #0x10

Trace 0: 0x7f62cc1416c0 [80081009311/0000000000400ad4/00000001/00000201] dynopt_dct16_sve2_shared
----------------
IN: dynopt_dct16_sve2_shared
0x00400ad8:  54000720  b.eq     #0x400bbc

Trace 0: 0x7f62cc141800 [80081009311/0000000000400ad8/00000001/00000201] dynopt_dct16_sve2_shared
Trace 0: 0x7f62cc13c080 [80081009311/0000000000400adc/00000001/00000201] dynopt_dct16_sve2_shared
Trace 0: 0x7f62cc13c1c0 [80081009311/0000000000400ae0/00000001/00000201] dynopt_dct16_sve2_shared
----------------
IN: dynopt_dct16_sve2_shared
0x004009d0:  0420bfdc  movprfx  z28, z30

Trace 0: 0x7f62cc141940 [80081009311/00000000004009d0/00000001/00000201] dynopt_dct16_sve2_shared
----------------
IN: dynopt_dct16_sve2_shared
0x004009d4:  44df00dc  sdot     z28.d, z6.h, z31.h

Trace 0: 0x7f62cc141a80 [80081009311/00000000004009d4/00000001/00000201] dynopt_dct16_sve2_shared
----------------
IN: dynopt_dct16_sve2_shared
0x004009d8:  0420bfdb  movprfx  z27, z30

Trace 0: 0x7f62cc141bc0 [80081009311/00000000004009d8/00000001/00000201] dynopt_dct16_sve2_shared
----------------
IN: dynopt_dct16_sve2_shared
0x004009dc:  44df021b  sdot     z27.d, z16.h, z31.h

Trace 0: 0x7f62cc141d00 [80081009311/00000000004009dc/00000001/00000201] dynopt_dct16_sve2_shared
----------------
IN: dynopt_dct16_sve2_shared
0x004009e0:  0420bfdd  movprfx  z29, z30

Trace 0: 0x7f62cc141e40 [80081009311/00000000004009e0/00000001/00000201] dynopt_dct16_sve2_shared
----------------
IN: dynopt_dct16_sve2_shared
0x004009e4:  44df00bd  sdot     z29.d, z5.h, z31.h

Trace 0: 0x7f62cc141f80 [80081009311/00000000004009e4/00000001/00000201] dynopt_dct16_sve2_shared
----------------
IN: dynopt_dct16_sve2_shared
0x004009e8:  4e9c1bbd  uzp1     v29.4s, v29.4s, v28.4s

Trace 0: 0x7f62cc1420c0 [80081009311/00000000004009e8/00000001/00000201] dynopt_dct16_sve2_shared
----------------
IN: dynopt_dct16_sve2_shared
0x004009ec:  0420bfdc  movprfx  z28, z30

Trace 0: 0x7f62cc142240 [80081009311/00000000004009ec/00000001/00000201] dynopt_dct16_sve2_shared
----------------
IN: dynopt_dct16_sve2_shared
0x004009f0:  44df00fc  sdot     z28.d, z7.h, z31.h

Trace 0: 0x7f62cc142380 [80081009311/00000000004009f0/00000001/00000201] dynopt_dct16_sve2_shared
----------------
IN: dynopt_dct16_sve2_shared
0x004009f4:  0420bfda  movprfx  z26, z30

Trace 0: 0x7f62cc1424c0 [80081009311/00000000004009f4/00000001/00000201] dynopt_dct16_sve2_shared
----------------
IN: dynopt_dct16_sve2_shared
0x004009f8:  44df029a  sdot     z26.d, z20.h, z31.h

Trace 0: 0x7f62cc142600 [80081009311/00000000004009f8/00000001/00000201] dynopt_dct16_sve2_shared
----------------
IN: dynopt_dct16_sve2_shared
0x004009fc:  4e9b1b9c  uzp1     v28.4s, v28.4s, v27.4s

Trace 0: 0x7f62cc142740 [80081009311/00000000004009fc/00000001/00000201] dynopt_dct16_sve2_shared
----------------
IN: dynopt_dct16_sve2_shared
0x00400a00:  0420bfdb  movprfx  z27, z30

Trace 0: 0x7f62cc1428c0 [80081009311/0000000000400a00/00000001/00000201] dynopt_dct16_sve2_shared
----------------
IN: dynopt_dct16_sve2_shared
0x00400a04:  44df025b  sdot     z27.d, z18.h, z31.h

Trace 0: 0x7f62cc142a00 [80081009311/0000000000400a04/00000001/00000201] dynopt_dct16_sve2_shared
----------------
IN: dynopt_dct16_sve2_shared
0x00400a08:  910103e5  add      x5, sp, #0x40

Trace 0: 0x7f62cc142b40 [80081009311/0000000000400a08/00000001/00000201] dynopt_dct16_sve2_shared
----------------
IN: dynopt_dct16_sve2_shared
0x00400a0c:  4ebcbfbd  addp     v29.4s, v29.4s, v28.4s

Trace 0: 0x7f62cc142c80 [80081009311/0000000000400a0c/00000001/00000201] dynopt_dct16_sve2_shared
----------------
IN: dynopt_dct16_sve2_shared
0x00400a10:  0420bfdc  movprfx  z28, z30

Trace 0: 0x7f62cc142dc0 [80081009311/0000000000400a10/00000001/00000201] dynopt_dct16_sve2_shared
----------------
IN: dynopt_dct16_sve2_shared
0x00400a14:  44df023c  sdot     z28.d, z17.h, z31.h

Trace 0: 0x7f62cc142f00 [80081009311/0000000000400a14/00000001/00000201] dynopt_dct16_sve2_shared
----------------
IN: dynopt_dct16_sve2_shared
0x00400a18:  4e9b1b9c  uzp1     v28.4s, v28.4s, v27.4s

Trace 0: 0x7f62cc143040 [80081009311/0000000000400a18/00000001/00000201] dynopt_dct16_sve2_shared
----------------
IN: dynopt_dct16_sve2_shared
0x00400a1c:  0420bfdb  movprfx  z27, z30

Trace 0: 0x7f62cc1431c0 [80081009311/0000000000400a1c/00000001/00000201] dynopt_dct16_sve2_shared
----------------
IN: dynopt_dct16_sve2_shared
0x00400a20:  44df027b  sdot     z27.d, z19.h, z31.h

Trace 0: 0x7f62cc143300 [80081009311/0000000000400a20/00000001/00000201] dynopt_dct16_sve2_shared
----------------
IN: dynopt_dct16_sve2_shared
0x00400a24:  4e9a1b7b  uzp1     v27.4s, v27.4s, v26.4s

Trace 0: 0x7f62cc143440 [80081009311/0000000000400a24/00000001/00000201] dynopt_dct16_sve2_shared
----------------
IN: dynopt_dct16_sve2_shared
0x00400a28:  0f1d8fbd  rshrn    v29.4h, v29.4s, #3

Trace 0: 0x7f62cc1435c0 [80081009311/0000000000400a28/00000001/00000201] dynopt_dct16_sve2_shared
----------------
IN: dynopt_dct16_sve2_shared
0x00400a2c:  4ebbbf9c  addp     v28.4s, v28.4s, v27.4s

Trace 0: 0x7f62cc143740 [80081009311/0000000000400a2c/00000001/00000201] dynopt_dct16_sve2_shared
----------------
IN: dynopt_dct16_sve2_shared
0x00400a30:  0420bfdb  movprfx  z27, z30

Trace 0: 0x7f62cc143880 [80081009311/0000000000400a30/00000001/00000201] dynopt_dct16_sve2_shared
----------------
IN: dynopt_dct16_sve2_shared
0x00400a34:  44df031b  sdot     z27.d, z24.h, z31.h

Trace 0: 0x7f62cc1439c0 [80081009311/0000000000400a34/00000001/00000201] dynopt_dct16_sve2_shared
----------------
IN: dynopt_dct16_sve2_shared
0x00400a38:  0f1d8f9c  rshrn    v28.4h, v28.4s, #3

Trace 0: 0x7f62cc143b00 [80081009311/0000000000400a38/00000001/00000201] dynopt_dct16_sve2_shared
----------------
IN: dynopt_dct16_sve2_shared
0x00400a3c:  6d00701d  stp      d29, d28, [x0]

Trace 0: 0x7f62cc143c80 [80081009311/0000000000400a3c/00000001/00000201] dynopt_dct16_sve2_shared
----------------
IN: dynopt_dct16_sve2_shared
0x00400a40:  0420bfdc  movprfx  z28, z30

Trace 0: 0x7f62cc143dc0 [80081009311/0000000000400a40/00000001/00000201] dynopt_dct16_sve2_shared
----------------
IN: dynopt_dct16_sve2_shared
0x00400a44:  44df02dc  sdot     z28.d, z22.h, z31.h

Trace 0: 0x7f62cc143f00 [80081009311/0000000000400a44/00000001/00000201] dynopt_dct16_sve2_shared
----------------
IN: dynopt_dct16_sve2_shared
0x00400a48:  0420bfdd  movprfx  z29, z30

Trace 0: 0x7f62cc144040 [80081009311/0000000000400a48/00000001/00000201] dynopt_dct16_sve2_shared
----------------
IN: dynopt_dct16_sve2_shared
0x00400a4c:  44df02bd  sdot     z29.d, z21.h, z31.h

Trace 0: 0x7f62cc144180 [80081009311/0000000000400a4c/00000001/00000201] dynopt_dct16_sve2_shared
----------------
IN: dynopt_dct16_sve2_shared
0x00400a50:  4e9c1bbd  uzp1     v29.4s, v29.4s, v28.4s

Trace 0: 0x7f62cc1442c0 [80081009311/0000000000400a50/00000001/00000201] dynopt_dct16_sve2_shared
----------------
IN: dynopt_dct16_sve2_shared
0x00400a54:  0420bfdc  movprfx  z28, z30

Trace 0: 0x7f62cc144440 [80081009311/0000000000400a54/00000001/00000201] dynopt_dct16_sve2_shared
----------------
IN: dynopt_dct16_sve2_shared
0x00400a58:  44df02fc  sdot     z28.d, z23.h, z31.h

Trace 0: 0x7f62cc144580 [80081009311/0000000000400a58/00000001/00000201] dynopt_dct16_sve2_shared
----------------
IN: dynopt_dct16_sve2_shared
0x00400a5c:  4e9b1b9c  uzp1     v28.4s, v28.4s, v27.4s

Trace 0: 0x7f62cc1446c0 [80081009311/0000000000400a5c/00000001/00000201] dynopt_dct16_sve2_shared
----------------
IN: dynopt_dct16_sve2_shared
0x00400a60:  4ebcbfbd  addp     v29.4s, v29.4s, v28.4s

Trace 0: 0x7f62cc144840 [80081009311/0000000000400a60/00000001/00000201] dynopt_dct16_sve2_shared
----------------
IN: dynopt_dct16_sve2_shared
0x00400a64:  858040bc  ldr      z28, [x5]

Trace 0: 0x7f62cc144980 [80081009311/0000000000400a64/00000001/00000201] dynopt_dct16_sve2_shared
----------------
IN: dynopt_dct16_sve2_shared
0x00400a68:  043f5045  addvl    x5, sp, #2

Trace 0: 0x7f62cc144b00 [80081009311/0000000000400a68/00000001/00000201] dynopt_dct16_sve2_shared
----------------
IN: dynopt_dct16_sve2_shared
0x00400a6c:  910100a5  add      x5, x5, #0x40

Trace 0: 0x7f62cc144c40 [80081009311/0000000000400a6c/00000001/00000201] dynopt_dct16_sve2_shared
----------------
IN: dynopt_dct16_sve2_shared
0x00400a70:  0f1d8fbd  rshrn    v29.4h, v29.4s, #3

Trace 0: 0x7f62cc144d80 [80081009311/0000000000400a70/00000001/00000201] dynopt_dct16_sve2_shared
----------------
IN: dynopt_dct16_sve2_shared
0x00400a74:  fd00081d  str      d29, [x0, #0x10]

Trace 0: 0x7f62cc144f00 [80081009311/0000000000400a74/00000001/00000201] dynopt_dct16_sve2_shared
----------------
IN: dynopt_dct16_sve2_shared
0x00400a78:  0420bfdd  movprfx  z29, z30

Trace 0: 0x7f62cc145040 [80081009311/0000000000400a78/00000001/00000201] dynopt_dct16_sve2_shared
----------------
IN: dynopt_dct16_sve2_shared
0x00400a7c:  44df039d  sdot     z29.d, z28.h, z31.h

Trace 0: 0x7f62cc145180 [80081009311/0000000000400a7c/00000001/00000201] dynopt_dct16_sve2_shared
----------------
IN: dynopt_dct16_sve2_shared
0x00400a80:  858040bc  ldr      z28, [x5]

Trace 0: 0x7f62cc1452c0 [80081009311/0000000000400a80/00000001/00000201] dynopt_dct16_sve2_shared
----------------
IN: dynopt_dct16_sve2_shared
0x00400a84:  043f5085  addvl    x5, sp, #4

Trace 0: 0x7f62cc145440 [80081009311/0000000000400a84/00000001/00000201] dynopt_dct16_sve2_shared
----------------
IN: dynopt_dct16_sve2_shared
0x00400a88:  0420bfda  movprfx  z26, z30

Trace 0: 0x7f62cc145580 [80081009311/0000000000400a88/00000001/00000201] dynopt_dct16_sve2_shared
----------------
IN: dynopt_dct16_sve2_shared
0x00400a8c:  44df039a  sdot     z26.d, z28.h, z31.h

Trace 0: 0x7f62cc1456c0 [80081009311/0000000000400a8c/00000001/00000201] dynopt_dct16_sve2_shared
----------------
IN: dynopt_dct16_sve2_shared
0x00400a90:  910100a5  add      x5, x5, #0x40

Trace 0: 0x7f62cc145800 [80081009311/0000000000400a90/00000001/00000201] dynopt_dct16_sve2_shared
----------------
IN: dynopt_dct16_sve2_shared
0x00400a94:  858040bb  ldr      z27, [x5]

Trace 0: 0x7f62cc145940 [80081009311/0000000000400a94/00000001/00000201] dynopt_dct16_sve2_shared
----------------
IN: dynopt_dct16_sve2_shared
0x00400a98:  0420bfdc  movprfx  z28, z30

Trace 0: 0x7f62cc145ac0 [80081009311/0000000000400a98/00000001/00000201] dynopt_dct16_sve2_shared
----------------
IN: dynopt_dct16_sve2_shared
0x00400a9c:  44df037c  sdot     z28.d, z27.h, z31.h

Trace 0: 0x7f62cc145c00 [80081009311/0000000000400a9c/00000001/00000201] dynopt_dct16_sve2_shared
----------------
IN: dynopt_dct16_sve2_shared
0x00400aa0:  043f50c5  addvl    x5, sp, #6

Trace 0: 0x7f62cc145d40 [80081009311/0000000000400aa0/00000001/00000201] dynopt_dct16_sve2_shared
----------------
IN: dynopt_dct16_sve2_shared
0x00400aa4:  910100a5  add      x5, x5, #0x40

Trace 0: 0x7f62cc145e80 [80081009311/0000000000400aa4/00000001/00000201] dynopt_dct16_sve2_shared
----------------
IN: dynopt_dct16_sve2_shared
0x00400aa8:  858040b9  ldr      z25, [x5]

Trace 0: 0x7f62cc145fc0 [80081009311/0000000000400aa8/00000001/00000201] dynopt_dct16_sve2_shared
Trace 0: 0x7f62cc140980 [80081009311/0000000000400aac/00000001/00000201] dynopt_dct16_sve2_shared
Trace 0: 0x7f62cc140b00 [80081009311/0000000000400ab0/00000001/00000201] dynopt_dct16_sve2_shared
Trace 0: 0x7f62cc140c40 [80081009311/0000000000400ab4/00000001/00000201] dynopt_dct16_sve2_shared
Trace 0: 0x7f62cc140d80 [80081009311/0000000000400ab8/00000001/00000201] dynopt_dct16_sve2_shared
Trace 0: 0x7f62cc140ec0 [80081009311/0000000000400abc/00000001/00000201] dynopt_dct16_sve2_shared
Trace 0: 0x7f62cc141040 [80081009311/0000000000400ac0/00000001/00000201] dynopt_dct16_sve2_shared
Trace 0: 0x7f62cc141180 [80081009311/0000000000400ac4/00000001/00000201] dynopt_dct16_sve2_shared
Trace 0: 0x7f62cc1412c0 [80081009311/0000000000400ac8/00000001/00000201] dynopt_dct16_sve2_shared
Trace 0: 0x7f62cc141400 [80081009311/0000000000400acc/00000001/00000201] dynopt_dct16_sve2_shared
Trace 0: 0x7f62cc141580 [80081009311/0000000000400ad0/00000001/00000201] dynopt_dct16_sve2_shared
Trace 0: 0x7f62cc1416c0 [80081009311/0000000000400ad4/00000001/00000201] dynopt_dct16_sve2_shared
Trace 0: 0x7f62cc141800 [80081009311/0000000000400ad8/00000001/00000201] dynopt_dct16_sve2_shared
Trace 0: 0x7f62cc13c080 [80081009311/0000000000400adc/00000001/00000201] dynopt_dct16_sve2_shared
Trace 0: 0x7f62cc13c1c0 [80081009311/0000000000400ae0/00000001/00000201] dynopt_dct16_sve2_shared
Trace 0: 0x7f62cc13c300 [80081009311/0000000000400ae4/00000001/00000201] dynopt_dct16_sve2_shared
Trace 0: 0x7f62cc13c440 [80081009311/0000000000400ae8/00000001/00000201] dynopt_dct16_sve2_shared
Trace 0: 0x7f62cc13c580 [80081009311/0000000000400aec/00000001/00000201] dynopt_dct16_sve2_shared
Trace 0: 0x7f62cc13c6c0 [80081009311/0000000000400af0/00000001/00000201] dynopt_dct16_sve2_shared
Trace 0: 0x7f62cc13c800 [80081009311/0000000000400af4/00000001/00000201] dynopt_dct16_sve2_shared
Trace 0: 0x7f62cc13c940 [80081009311/0000000000400af8/00000001/00000201] dynopt_dct16_sve2_shared
Trace 0: 0x7f62cc13ca80 [80081009311/0000000000400afc/00000001/00000201] dynopt_dct16_sve2_shared
Trace 0: 0x7f62cc13cc00 [80081009311/0000000000400b00/00000001/00000201] dynopt_dct16_sve2_shared
Trace 0: 0x7f62cc13cd40 [80081009311/0000000000400b04/00000001/00000201] dynopt_dct16_sve2_shared
Trace 0: 0x7f62cc13ce80 [80081009311/0000000000400b08/00000001/00000201] dynopt_dct16_sve2_shared
Trace 0: 0x7f62cc13cfc0 [80081009311/0000000000400b0c/00000001/00000201] dynopt_dct16_sve2_shared
Trace 0: 0x7f62cc13d100 [80081009311/0000000000400b10/00000001/00000201] dynopt_dct16_sve2_shared
Trace 0: 0x7f62cc13d280 [80081009311/0000000000400b14/00000001/00000201] dynopt_dct16_sve2_shared
Trace 0: 0x7f62cc13d3c0 [80081009311/0000000000400b18/00000001/00000201] dynopt_dct16_sve2_shared
Trace 0: 0x7f62cc13d500 [80081009311/0000000000400b1c/00000001/00000201] dynopt_dct16_sve2_shared
Trace 0: 0x7f62cc13d640 [80081009311/0000000000400b20/00000001/00000201] dynopt_dct16_sve2_shared
Trace 0: 0x7f62cc13d780 [80081009311/0000000000400b24/00000001/00000201] dynopt_dct16_sve2_shared
Trace 0: 0x7f62cc13d8c0 [80081009311/0000000000400b28/00000001/00000201] dynopt_dct16_sve2_shared
Trace 0: 0x7f62cc13da00 [80081009311/0000000000400b2c/00000001/00000201] dynopt_dct16_sve2_shared
Trace 0: 0x7f62cc13db40 [80081009311/0000000000400b30/00000001/00000201] dynopt_dct16_sve2_shared
Trace 0: 0x7f62cc13dcc0 [80081009311/0000000000400b34/00000001/00000201] dynopt_dct16_sve2_shared
Trace 0: 0x7f62cc13de00 [80081009311/0000000000400b38/00000001/00000201] dynopt_dct16_sve2_shared
Trace 0: 0x7f62cc13df40 [80081009311/0000000000400b3c/00000001/00000201] dynopt_dct16_sve2_shared
Trace 0: 0x7f62cc13e0c0 [80081009311/0000000000400b40/00000001/00000201] dynopt_dct16_sve2_shared
Trace 0: 0x7f62cc13e240 [80081009311/0000000000400b44/00000001/00000201] dynopt_dct16_sve2_shared
Trace 0: 0x7f62cc13e380 [80081009311/0000000000400b48/00000001/00000201] dynopt_dct16_sve2_shared
Trace 0: 0x7f62cc13e4c0 [80081009311/0000000000400b4c/00000001/00000201] dynopt_dct16_sve2_shared
Trace 0: 0x7f62cc13e600 [80081009311/0000000000400b50/00000001/00000201] dynopt_dct16_sve2_shared
Trace 0: 0x7f62cc13e780 [80081009311/0000000000400b54/00000001/00000201] dynopt_dct16_sve2_shared
Trace 0: 0x7f62cc13e8c0 [80081009311/0000000000400b58/00000001/00000201] dynopt_dct16_sve2_shared
Trace 0: 0x7f62cc13ea00 [80081009311/0000000000400b5c/00000001/00000201] dynopt_dct16_sve2_shared
Trace 0: 0x7f62cc13eb40 [80081009311/0000000000400b60/00000001/00000201] dynopt_dct16_sve2_shared
Trace 0: 0x7f62cc13ec80 [80081009311/0000000000400b64/00000001/00000201] dynopt_dct16_sve2_shared
Trace 0: 0x7f62cc13edc0 [80081009311/0000000000400b68/00000001/00000201] dynopt_dct16_sve2_shared
Trace 0: 0x7f62cc13ef40 [80081009311/0000000000400b6c/00000001/00000201] dynopt_dct16_sve2_shared
Trace 0: 0x7f62cc13f080 [80081009311/0000000000400b70/00000001/00000201] dynopt_dct16_sve2_shared
Trace 0: 0x7f62cc13f1c0 [80081009311/0000000000400b74/00000001/00000201] dynopt_dct16_sve2_shared
Trace 0: 0x7f62cc13f340 [80081009311/0000000000400b78/00000001/00000201] dynopt_dct16_sve2_shared
Trace 0: 0x7f62cc13f480 [80081009311/0000000000400b7c/00000001/00000201] dynopt_dct16_sve2_shared
Trace 0: 0x7f62cc13f600 [80081009311/0000000000400b80/00000001/00000201] dynopt_dct16_sve2_shared
Trace 0: 0x7f62cc13f740 [80081009311/0000000000400b84/00000001/00000201] dynopt_dct16_sve2_shared
Trace 0: 0x7f62cc13f880 [80081009311/0000000000400b88/00000001/00000201] dynopt_dct16_sve2_shared
Trace 0: 0x7f62cc13fa00 [80081009311/0000000000400b8c/00000001/00000201] dynopt_dct16_sve2_shared
Trace 0: 0x7f62cc13fb40 [80081009311/0000000000400b90/00000001/00000201] dynopt_dct16_sve2_shared
Trace 0: 0x7f62cc13fc80 [80081009311/0000000000400b94/00000001/00000201] dynopt_dct16_sve2_shared
Trace 0: 0x7f62cc13fdc0 [80081009311/0000000000400b98/00000001/00000201] dynopt_dct16_sve2_shared
Trace 0: 0x7f62cc13ff00 [80081009311/0000000000400b9c/00000001/00000201] dynopt_dct16_sve2_shared
Trace 0: 0x7f62cc140040 [80081009311/0000000000400ba0/00000001/00000201] dynopt_dct16_sve2_shared
Trace 0: 0x7f62cc140180 [80081009311/0000000000400ba4/00000001/00000201] dynopt_dct16_sve2_shared
Trace 0: 0x7f62cc140300 [80081009311/0000000000400ba8/00000001/00000201] dynopt_dct16_sve2_shared
Trace 0: 0x7f62cc140480 [80081009311/0000000000400bac/00000001/00000201] dynopt_dct16_sve2_shared
Trace 0: 0x7f62cc1405c0 [80081009311/0000000000400bb0/00000001/00000201] dynopt_dct16_sve2_shared
Trace 0: 0x7f62cc140700 [80081009311/0000000000400bb4/00000001/00000201] dynopt_dct16_sve2_shared
Trace 0: 0x7f62cc140840 [80081009311/0000000000400bb8/00000001/00000201] dynopt_dct16_sve2_shared
Trace 0: 0x7f62cc140980 [80081009311/0000000000400aac/00000001/00000201] dynopt_dct16_sve2_shared
Trace 0: 0x7f62cc140b00 [80081009311/0000000000400ab0/00000001/00000201] dynopt_dct16_sve2_shared
Trace 0: 0x7f62cc140c40 [80081009311/0000000000400ab4/00000001/00000201] dynopt_dct16_sve2_shared
Trace 0: 0x7f62cc140d80 [80081009311/0000000000400ab8/00000001/00000201] dynopt_dct16_sve2_shared
Trace 0: 0x7f62cc140ec0 [80081009311/0000000000400abc/00000001/00000201] dynopt_dct16_sve2_shared
Trace 0: 0x7f62cc141040 [80081009311/0000000000400ac0/00000001/00000201] dynopt_dct16_sve2_shared
Trace 0: 0x7f62cc141180 [80081009311/0000000000400ac4/00000001/00000201] dynopt_dct16_sve2_shared
Trace 0: 0x7f62cc1412c0 [80081009311/0000000000400ac8/00000001/00000201] dynopt_dct16_sve2_shared
Trace 0: 0x7f62cc141400 [80081009311/0000000000400acc/00000001/00000201] dynopt_dct16_sve2_shared
Trace 0: 0x7f62cc141580 [80081009311/0000000000400ad0/00000001/00000201] dynopt_dct16_sve2_shared
Trace 0: 0x7f62cc1416c0 [80081009311/0000000000400ad4/00000001/00000201] dynopt_dct16_sve2_shared
Trace 0: 0x7f62cc141800 [80081009311/0000000000400ad8/00000001/00000201] dynopt_dct16_sve2_shared
Trace 0: 0x7f62cc13c080 [80081009311/0000000000400adc/00000001/00000201] dynopt_dct16_sve2_shared
Trace 0: 0x7f62cc13c1c0 [80081009311/0000000000400ae0/00000001/00000201] dynopt_dct16_sve2_shared
Trace 0: 0x7f62cc141940 [80081009311/00000000004009d0/00000001/00000201] dynopt_dct16_sve2_shared
Trace 0: 0x7f62cc141a80 [80081009311/00000000004009d4/00000001/00000201] dynopt_dct16_sve2_shared
Trace 0: 0x7f62cc141bc0 [80081009311/00000000004009d8/00000001/00000201] dynopt_dct16_sve2_shared
Trace 0: 0x7f62cc141d00 [80081009311/00000000004009dc/00000001/00000201] dynopt_dct16_sve2_shared
Trace 0: 0x7f62cc141e40 [80081009311/00000000004009e0/00000001/00000201] dynopt_dct16_sve2_shared
Trace 0: 0x7f62cc141f80 [80081009311/00000000004009e4/00000001/00000201] dynopt_dct16_sve2_shared
Trace 0: 0x7f62cc1420c0 [80081009311/00000000004009e8/00000001/00000201] dynopt_dct16_sve2_shared
Trace 0: 0x7f62cc142240 [80081009311/00000000004009ec/00000001/00000201] dynopt_dct16_sve2_shared
Trace 0: 0x7f62cc142380 [80081009311/00000000004009f0/00000001/00000201] dynopt_dct16_sve2_shared
Trace 0: 0x7f62cc1424c0 [80081009311/00000000004009f4/00000001/00000201] dynopt_dct16_sve2_shared
Trace 0: 0x7f62cc142600 [80081009311/00000000004009f8/00000001/00000201] dynopt_dct16_sve2_shared
Trace 0: 0x7f62cc142740 [80081009311/00000000004009fc/00000001/00000201] dynopt_dct16_sve2_shared
Trace 0: 0x7f62cc1428c0 [80081009311/0000000000400a00/00000001/00000201] dynopt_dct16_sve2_shared
Trace 0: 0x7f62cc142a00 [80081009311/0000000000400a04/00000001/00000201] dynopt_dct16_sve2_shared
Trace 0: 0x7f62cc142b40 [80081009311/0000000000400a08/00000001/00000201] dynopt_dct16_sve2_shared
Trace 0: 0x7f62cc142c80 [80081009311/0000000000400a0c/00000001/00000201] dynopt_dct16_sve2_shared
Trace 0: 0x7f62cc142dc0 [80081009311/0000000000400a10/00000001/00000201] dynopt_dct16_sve2_shared
Trace 0: 0x7f62cc142f00 [80081009311/0000000000400a14/00000001/00000201] dynopt_dct16_sve2_shared
Trace 0: 0x7f62cc143040 [80081009311/0000000000400a18/00000001/00000201] dynopt_dct16_sve2_shared
Trace 0: 0x7f62cc1431c0 [80081009311/0000000000400a1c/00000001/00000201] dynopt_dct16_sve2_shared
Trace 0: 0x7f62cc143300 [80081009311/0000000000400a20/00000001/00000201] dynopt_dct16_sve2_shared
Trace 0: 0x7f62cc143440 [80081009311/0000000000400a24/00000001/00000201] dynopt_dct16_sve2_shared
Trace 0: 0x7f62cc1435c0 [80081009311/0000000000400a28/00000001/00000201] dynopt_dct16_sve2_shared
Trace 0: 0x7f62cc143740 [80081009311/0000000000400a2c/00000001/00000201] dynopt_dct16_sve2_shared
Trace 0: 0x7f62cc143880 [80081009311/0000000000400a30/00000001/00000201] dynopt_dct16_sve2_shared
Trace 0: 0x7f62cc1439c0 [80081009311/0000000000400a34/00000001/00000201] dynopt_dct16_sve2_shared
Trace 0: 0x7f62cc143b00 [80081009311/0000000000400a38/00000001/00000201] dynopt_dct16_sve2_shared
Trace 0: 0x7f62cc143c80 [80081009311/0000000000400a3c/00000001/00000201] dynopt_dct16_sve2_shared
Trace 0: 0x7f62cc143dc0 [80081009311/0000000000400a40/00000001/00000201] dynopt_dct16_sve2_shared
Trace 0: 0x7f62cc143f00 [80081009311/0000000000400a44/00000001/00000201] dynopt_dct16_sve2_shared
Trace 0: 0x7f62cc144040 [80081009311/0000000000400a48/00000001/00000201] dynopt_dct16_sve2_shared
Trace 0: 0x7f62cc144180 [80081009311/0000000000400a4c/00000001/00000201] dynopt_dct16_sve2_shared
Trace 0: 0x7f62cc1442c0 [80081009311/0000000000400a50/00000001/00000201] dynopt_dct16_sve2_shared
Trace 0: 0x7f62cc144440 [80081009311/0000000000400a54/00000001/00000201] dynopt_dct16_sve2_shared
Trace 0: 0x7f62cc144580 [80081009311/0000000000400a58/00000001/00000201] dynopt_dct16_sve2_shared
Trace 0: 0x7f62cc1446c0 [80081009311/0000000000400a5c/00000001/00000201] dynopt_dct16_sve2_shared
Trace 0: 0x7f62cc144840 [80081009311/0000000000400a60/00000001/00000201] dynopt_dct16_sve2_shared
Trace 0: 0x7f62cc144980 [80081009311/0000000000400a64/00000001/00000201] dynopt_dct16_sve2_shared
Trace 0: 0x7f62cc144b00 [80081009311/0000000000400a68/00000001/00000201] dynopt_dct16_sve2_shared
Trace 0: 0x7f62cc144c40 [80081009311/0000000000400a6c/00000001/00000201] dynopt_dct16_sve2_shared
Trace 0: 0x7f62cc144d80 [80081009311/0000000000400a70/00000001/00000201] dynopt_dct16_sve2_shared
Trace 0: 0x7f62cc144f00 [80081009311/0000000000400a74/00000001/00000201] dynopt_dct16_sve2_shared
Trace 0: 0x7f62cc145040 [80081009311/0000000000400a78/00000001/00000201] dynopt_dct16_sve2_shared
Trace 0: 0x7f62cc145180 [80081009311/0000000000400a7c/00000001/00000201] dynopt_dct16_sve2_shared
Trace 0: 0x7f62cc1452c0 [80081009311/0000000000400a80/00000001/00000201] dynopt_dct16_sve2_shared
Trace 0: 0x7f62cc145440 [80081009311/0000000000400a84/00000001/00000201] dynopt_dct16_sve2_shared
Trace 0: 0x7f62cc145580 [80081009311/0000000000400a88/00000001/00000201] dynopt_dct16_sve2_shared
Trace 0: 0x7f62cc1456c0 [80081009311/0000000000400a8c/00000001/00000201] dynopt_dct16_sve2_shared
Trace 0: 0x7f62cc145800 [80081009311/0000000000400a90/00000001/00000201] dynopt_dct16_sve2_shared
Trace 0: 0x7f62cc145940 [80081009311/0000000000400a94/00000001/00000201] dynopt_dct16_sve2_shared
Trace 0: 0x7f62cc145ac0 [80081009311/0000000000400a98/00000001/00000201] dynopt_dct16_sve2_shared
Trace 0: 0x7f62cc145c00 [80081009311/0000000000400a9c/00000001/00000201] dynopt_dct16_sve2_shared
Trace 0: 0x7f62cc145d40 [80081009311/0000000000400aa0/00000001/00000201] dynopt_dct16_sve2_shared
Trace 0: 0x7f62cc145e80 [80081009311/0000000000400aa4/00000001/00000201] dynopt_dct16_sve2_shared
Trace 0: 0x7f62cc145fc0 [80081009311/0000000000400aa8/00000001/00000201] dynopt_dct16_sve2_shared
Trace 0: 0x7f62cc140980 [80081009311/0000000000400aac/00000001/00000201] dynopt_dct16_sve2_shared
Trace 0: 0x7f62cc140b00 [80081009311/0000000000400ab0/00000001/00000201] dynopt_dct16_sve2_shared
Trace 0: 0x7f62cc140c40 [80081009311/0000000000400ab4/00000001/00000201] dynopt_dct16_sve2_shared
Trace 0: 0x7f62cc140d80 [80081009311/0000000000400ab8/00000001/00000201] dynopt_dct16_sve2_shared
Trace 0: 0x7f62cc140ec0 [80081009311/0000000000400abc/00000001/00000201] dynopt_dct16_sve2_shared
Trace 0: 0x7f62cc141040 [80081009311/0000000000400ac0/00000001/00000201] dynopt_dct16_sve2_shared
Trace 0: 0x7f62cc141180 [80081009311/0000000000400ac4/00000001/00000201] dynopt_dct16_sve2_shared
Trace 0: 0x7f62cc1412c0 [80081009311/0000000000400ac8/00000001/00000201] dynopt_dct16_sve2_shared
Trace 0: 0x7f62cc141400 [80081009311/0000000000400acc/00000001/00000201] dynopt_dct16_sve2_shared
Trace 0: 0x7f62cc141580 [80081009311/0000000000400ad0/00000001/00000201] dynopt_dct16_sve2_shared
Trace 0: 0x7f62cc1416c0 [80081009311/0000000000400ad4/00000001/00000201] dynopt_dct16_sve2_shared
Trace 0: 0x7f62cc141800 [80081009311/0000000000400ad8/00000001/00000201] dynopt_dct16_sve2_shared
Trace 0: 0x7f62cc13c080 [80081009311/0000000000400adc/00000001/00000201] dynopt_dct16_sve2_shared
Trace 0: 0x7f62cc13c1c0 [80081009311/0000000000400ae0/00000001/00000201] dynopt_dct16_sve2_shared
Trace 0: 0x7f62cc13c300 [80081009311/0000000000400ae4/00000001/00000201] dynopt_dct16_sve2_shared
Trace 0: 0x7f62cc13c440 [80081009311/0000000000400ae8/00000001/00000201] dynopt_dct16_sve2_shared
Trace 0: 0x7f62cc13c580 [80081009311/0000000000400aec/00000001/00000201] dynopt_dct16_sve2_shared
Trace 0: 0x7f62cc13c6c0 [80081009311/0000000000400af0/00000001/00000201] dynopt_dct16_sve2_shared
Trace 0: 0x7f62cc13c800 [80081009311/0000000000400af4/00000001/00000201] dynopt_dct16_sve2_shared
Trace 0: 0x7f62cc13c940 [80081009311/0000000000400af8/00000001/00000201] dynopt_dct16_sve2_shared
Trace 0: 0x7f62cc13ca80 [80081009311/0000000000400afc/00000001/00000201] dynopt_dct16_sve2_shared
Trace 0: 0x7f62cc13cc00 [80081009311/0000000000400b00/00000001/00000201] dynopt_dct16_sve2_shared
Trace 0: 0x7f62cc13cd40 [80081009311/0000000000400b04/00000001/00000201] dynopt_dct16_sve2_shared
Trace 0: 0x7f62cc13ce80 [80081009311/0000000000400b08/00000001/00000201] dynopt_dct16_sve2_shared
Trace 0: 0x7f62cc13cfc0 [80081009311/0000000000400b0c/00000001/00000201] dynopt_dct16_sve2_shared
Trace 0: 0x7f62cc13d100 [80081009311/0000000000400b10/00000001/00000201] dynopt_dct16_sve2_shared
Trace 0: 0x7f62cc13d280 [80081009311/0000000000400b14/00000001/00000201] dynopt_dct16_sve2_shared
Trace 0: 0x7f62cc13d3c0 [80081009311/0000000000400b18/00000001/00000201] dynopt_dct16_sve2_shared
Trace 0: 0x7f62cc13d500 [80081009311/0000000000400b1c/00000001/00000201] dynopt_dct16_sve2_shared
Trace 0: 0x7f62cc13d640 [80081009311/0000000000400b20/00000001/00000201] dynopt_dct16_sve2_shared
Trace 0: 0x7f62cc13d780 [80081009311/0000000000400b24/00000001/00000201] dynopt_dct16_sve2_shared
Trace 0: 0x7f62cc13d8c0 [80081009311/0000000000400b28/00000001/00000201] dynopt_dct16_sve2_shared
Trace 0: 0x7f62cc13da00 [80081009311/0000000000400b2c/00000001/00000201] dynopt_dct16_sve2_shared
Trace 0: 0x7f62cc13db40 [80081009311/0000000000400b30/00000001/00000201] dynopt_dct16_sve2_shared
Trace 0: 0x7f62cc13dcc0 [80081009311/0000000000400b34/00000001/00000201] dynopt_dct16_sve2_shared
Trace 0: 0x7f62cc13de00 [80081009311/0000000000400b38/00000001/00000201] dynopt_dct16_sve2_shared
Trace 0: 0x7f62cc13df40 [80081009311/0000000000400b3c/00000001/00000201] dynopt_dct16_sve2_shared
Trace 0: 0x7f62cc13e0c0 [80081009311/0000000000400b40/00000001/00000201] dynopt_dct16_sve2_shared
Trace 0: 0x7f62cc13e240 [80081009311/0000000000400b44/00000001/00000201] dynopt_dct16_sve2_shared
Trace 0: 0x7f62cc13e380 [80081009311/0000000000400b48/00000001/00000201] dynopt_dct16_sve2_shared
Trace 0: 0x7f62cc13e4c0 [80081009311/0000000000400b4c/00000001/00000201] dynopt_dct16_sve2_shared
Trace 0: 0x7f62cc13e600 [80081009311/0000000000400b50/00000001/00000201] dynopt_dct16_sve2_shared
Trace 0: 0x7f62cc13e780 [80081009311/0000000000400b54/00000001/00000201] dynopt_dct16_sve2_shared
Trace 0: 0x7f62cc13e8c0 [80081009311/0000000000400b58/00000001/00000201] dynopt_dct16_sve2_shared
Trace 0: 0x7f62cc13ea00 [80081009311/0000000000400b5c/00000001/00000201] dynopt_dct16_sve2_shared
Trace 0: 0x7f62cc13eb40 [80081009311/0000000000400b60/00000001/00000201] dynopt_dct16_sve2_shared
Trace 0: 0x7f62cc13ec80 [80081009311/0000000000400b64/00000001/00000201] dynopt_dct16_sve2_shared
Trace 0: 0x7f62cc13edc0 [80081009311/0000000000400b68/00000001/00000201] dynopt_dct16_sve2_shared
Trace 0: 0x7f62cc13ef40 [80081009311/0000000000400b6c/00000001/00000201] dynopt_dct16_sve2_shared
Trace 0: 0x7f62cc13f080 [80081009311/0000000000400b70/00000001/00000201] dynopt_dct16_sve2_shared
Trace 0: 0x7f62cc13f1c0 [80081009311/0000000000400b74/00000001/00000201] dynopt_dct16_sve2_shared
Trace 0: 0x7f62cc13f340 [80081009311/0000000000400b78/00000001/00000201] dynopt_dct16_sve2_shared
Trace 0: 0x7f62cc13f480 [80081009311/0000000000400b7c/00000001/00000201] dynopt_dct16_sve2_shared
Trace 0: 0x7f62cc13f600 [80081009311/0000000000400b80/00000001/00000201] dynopt_dct16_sve2_shared
Trace 0: 0x7f62cc13f740 [80081009311/0000000000400b84/00000001/00000201] dynopt_dct16_sve2_shared
Trace 0: 0x7f62cc13f880 [80081009311/0000000000400b88/00000001/00000201] dynopt_dct16_sve2_shared
Trace 0: 0x7f62cc13fa00 [80081009311/0000000000400b8c/00000001/00000201] dynopt_dct16_sve2_shared
Trace 0: 0x7f62cc13fb40 [80081009311/0000000000400b90/00000001/00000201] dynopt_dct16_sve2_shared
Trace 0: 0x7f62cc13fc80 [80081009311/0000000000400b94/00000001/00000201] dynopt_dct16_sve2_shared
Trace 0: 0x7f62cc13fdc0 [80081009311/0000000000400b98/00000001/00000201] dynopt_dct16_sve2_shared
Trace 0: 0x7f62cc13ff00 [80081009311/0000000000400b9c/00000001/00000201] dynopt_dct16_sve2_shared
Trace 0: 0x7f62cc140040 [80081009311/0000000000400ba0/00000001/00000201] dynopt_dct16_sve2_shared
Trace 0: 0x7f62cc140180 [80081009311/0000000000400ba4/00000001/00000201] dynopt_dct16_sve2_shared
Trace 0: 0x7f62cc140300 [80081009311/0000000000400ba8/00000001/00000201] dynopt_dct16_sve2_shared
Trace 0: 0x7f62cc140480 [80081009311/0000000000400bac/00000001/00000201] dynopt_dct16_sve2_shared
Trace 0: 0x7f62cc1405c0 [80081009311/0000000000400bb0/00000001/00000201] dynopt_dct16_sve2_shared
Trace 0: 0x7f62cc140700 [80081009311/0000000000400bb4/00000001/00000201] dynopt_dct16_sve2_shared
Trace 0: 0x7f62cc140840 [80081009311/0000000000400bb8/00000001/00000201] dynopt_dct16_sve2_shared
Trace 0: 0x7f62cc140980 [80081009311/0000000000400aac/00000001/00000201] dynopt_dct16_sve2_shared
Trace 0: 0x7f62cc140b00 [80081009311/0000000000400ab0/00000001/00000201] dynopt_dct16_sve2_shared
Trace 0: 0x7f62cc140c40 [80081009311/0000000000400ab4/00000001/00000201] dynopt_dct16_sve2_shared
Trace 0: 0x7f62cc140d80 [80081009311/0000000000400ab8/00000001/00000201] dynopt_dct16_sve2_shared
Trace 0: 0x7f62cc140ec0 [80081009311/0000000000400abc/00000001/00000201] dynopt_dct16_sve2_shared
Trace 0: 0x7f62cc141040 [80081009311/0000000000400ac0/00000001/00000201] dynopt_dct16_sve2_shared
Trace 0: 0x7f62cc141180 [80081009311/0000000000400ac4/00000001/00000201] dynopt_dct16_sve2_shared
Trace 0: 0x7f62cc1412c0 [80081009311/0000000000400ac8/00000001/00000201] dynopt_dct16_sve2_shared
Trace 0: 0x7f62cc141400 [80081009311/0000000000400acc/00000001/00000201] dynopt_dct16_sve2_shared
Trace 0: 0x7f62cc141580 [80081009311/0000000000400ad0/00000001/00000201] dynopt_dct16_sve2_shared
Trace 0: 0x7f62cc1416c0 [80081009311/0000000000400ad4/00000001/00000201] dynopt_dct16_sve2_shared
Trace 0: 0x7f62cc141800 [80081009311/0000000000400ad8/00000001/00000201] dynopt_dct16_sve2_shared
Trace 0: 0x7f62cc13c080 [80081009311/0000000000400adc/00000001/00000201] dynopt_dct16_sve2_shared
Trace 0: 0x7f62cc13c1c0 [80081009311/0000000000400ae0/00000001/00000201] dynopt_dct16_sve2_shared
Trace 0: 0x7f62cc141940 [80081009311/00000000004009d0/00000001/00000201] dynopt_dct16_sve2_shared
Trace 0: 0x7f62cc141a80 [80081009311/00000000004009d4/00000001/00000201] dynopt_dct16_sve2_shared
Trace 0: 0x7f62cc141bc0 [80081009311/00000000004009d8/00000001/00000201] dynopt_dct16_sve2_shared
Trace 0: 0x7f62cc141d00 [80081009311/00000000004009dc/00000001/00000201] dynopt_dct16_sve2_shared
Trace 0: 0x7f62cc141e40 [80081009311/00000000004009e0/00000001/00000201] dynopt_dct16_sve2_shared
Trace 0: 0x7f62cc141f80 [80081009311/00000000004009e4/00000001/00000201] dynopt_dct16_sve2_shared
Trace 0: 0x7f62cc1420c0 [80081009311/00000000004009e8/00000001/00000201] dynopt_dct16_sve2_shared
Trace 0: 0x7f62cc142240 [80081009311/00000000004009ec/00000001/00000201] dynopt_dct16_sve2_shared
Trace 0: 0x7f62cc142380 [80081009311/00000000004009f0/00000001/00000201] dynopt_dct16_sve2_shared
Trace 0: 0x7f62cc1424c0 [80081009311/00000000004009f4/00000001/00000201] dynopt_dct16_sve2_shared
Trace 0: 0x7f62cc142600 [80081009311/00000000004009f8/00000001/00000201] dynopt_dct16_sve2_shared
Trace 0: 0x7f62cc142740 [80081009311/00000000004009fc/00000001/00000201] dynopt_dct16_sve2_shared
Trace 0: 0x7f62cc1428c0 [80081009311/0000000000400a00/00000001/00000201] dynopt_dct16_sve2_shared
Trace 0: 0x7f62cc142a00 [80081009311/0000000000400a04/00000001/00000201] dynopt_dct16_sve2_shared
Trace 0: 0x7f62cc142b40 [80081009311/0000000000400a08/00000001/00000201] dynopt_dct16_sve2_shared
Trace 0: 0x7f62cc142c80 [80081009311/0000000000400a0c/00000001/00000201] dynopt_dct16_sve2_shared
Trace 0: 0x7f62cc142dc0 [80081009311/0000000000400a10/00000001/00000201] dynopt_dct16_sve2_shared
Trace 0: 0x7f62cc142f00 [80081009311/0000000000400a14/00000001/00000201] dynopt_dct16_sve2_shared
Trace 0: 0x7f62cc143040 [80081009311/0000000000400a18/00000001/00000201] dynopt_dct16_sve2_shared
Trace 0: 0x7f62cc1431c0 [80081009311/0000000000400a1c/00000001/00000201] dynopt_dct16_sve2_shared
Trace 0: 0x7f62cc143300 [80081009311/0000000000400a20/00000001/00000201] dynopt_dct16_sve2_shared
Trace 0: 0x7f62cc143440 [80081009311/0000000000400a24/00000001/00000201] dynopt_dct16_sve2_shared
Trace 0: 0x7f62cc1435c0 [80081009311/0000000000400a28/00000001/00000201] dynopt_dct16_sve2_shared
Trace 0: 0x7f62cc143740 [80081009311/0000000000400a2c/00000001/00000201] dynopt_dct16_sve2_shared
Trace 0: 0x7f62cc143880 [80081009311/0000000000400a30/00000001/00000201] dynopt_dct16_sve2_shared
Trace 0: 0x7f62cc1439c0 [80081009311/0000000000400a34/00000001/00000201] dynopt_dct16_sve2_shared
Trace 0: 0x7f62cc143b00 [80081009311/0000000000400a38/00000001/00000201] dynopt_dct16_sve2_shared
Trace 0: 0x7f62cc143c80 [80081009311/0000000000400a3c/00000001/00000201] dynopt_dct16_sve2_shared
Trace 0: 0x7f62cc143dc0 [80081009311/0000000000400a40/00000001/00000201] dynopt_dct16_sve2_shared
Trace 0: 0x7f62cc143f00 [80081009311/0000000000400a44/00000001/00000201] dynopt_dct16_sve2_shared
Trace 0: 0x7f62cc144040 [80081009311/0000000000400a48/00000001/00000201] dynopt_dct16_sve2_shared
Trace 0: 0x7f62cc144180 [80081009311/0000000000400a4c/00000001/00000201] dynopt_dct16_sve2_shared
Trace 0: 0x7f62cc1442c0 [80081009311/0000000000400a50/00000001/00000201] dynopt_dct16_sve2_shared
Trace 0: 0x7f62cc144440 [80081009311/0000000000400a54/00000001/00000201] dynopt_dct16_sve2_shared
Trace 0: 0x7f62cc144580 [80081009311/0000000000400a58/00000001/00000201] dynopt_dct16_sve2_shared
Trace 0: 0x7f62cc1446c0 [80081009311/0000000000400a5c/00000001/00000201] dynopt_dct16_sve2_shared
Trace 0: 0x7f62cc144840 [80081009311/0000000000400a60/00000001/00000201] dynopt_dct16_sve2_shared
Trace 0: 0x7f62cc144980 [80081009311/0000000000400a64/00000001/00000201] dynopt_dct16_sve2_shared
Trace 0: 0x7f62cc144b00 [80081009311/0000000000400a68/00000001/00000201] dynopt_dct16_sve2_shared
Trace 0: 0x7f62cc144c40 [80081009311/0000000000400a6c/00000001/00000201] dynopt_dct16_sve2_shared
Trace 0: 0x7f62cc144d80 [80081009311/0000000000400a70/00000001/00000201] dynopt_dct16_sve2_shared
Trace 0: 0x7f62cc144f00 [80081009311/0000000000400a74/00000001/00000201] dynopt_dct16_sve2_shared
Trace 0: 0x7f62cc145040 [80081009311/0000000000400a78/00000001/00000201] dynopt_dct16_sve2_shared
Trace 0: 0x7f62cc145180 [80081009311/0000000000400a7c/00000001/00000201] dynopt_dct16_sve2_shared
Trace 0: 0x7f62cc1452c0 [80081009311/0000000000400a80/00000001/00000201] dynopt_dct16_sve2_shared
Trace 0: 0x7f62cc145440 [80081009311/0000000000400a84/00000001/00000201] dynopt_dct16_sve2_shared
Trace 0: 0x7f62cc145580 [80081009311/0000000000400a88/00000001/00000201] dynopt_dct16_sve2_shared
Trace 0: 0x7f62cc1456c0 [80081009311/0000000000400a8c/00000001/00000201] dynopt_dct16_sve2_shared
Trace 0: 0x7f62cc145800 [80081009311/0000000000400a90/00000001/00000201] dynopt_dct16_sve2_shared
Trace 0: 0x7f62cc145940 [80081009311/0000000000400a94/00000001/00000201] dynopt_dct16_sve2_shared
Trace 0: 0x7f62cc145ac0 [80081009311/0000000000400a98/00000001/00000201] dynopt_dct16_sve2_shared
Trace 0: 0x7f62cc145c00 [80081009311/0000000000400a9c/00000001/00000201] dynopt_dct16_sve2_shared
Trace 0: 0x7f62cc145d40 [80081009311/0000000000400aa0/00000001/00000201] dynopt_dct16_sve2_shared
Trace 0: 0x7f62cc145e80 [80081009311/0000000000400aa4/00000001/00000201] dynopt_dct16_sve2_shared
Trace 0: 0x7f62cc145fc0 [80081009311/0000000000400aa8/00000001/00000201] dynopt_dct16_sve2_shared
Trace 0: 0x7f62cc140980 [80081009311/0000000000400aac/00000001/00000201] dynopt_dct16_sve2_shared
Trace 0: 0x7f62cc140b00 [80081009311/0000000000400ab0/00000001/00000201] dynopt_dct16_sve2_shared
Trace 0: 0x7f62cc140c40 [80081009311/0000000000400ab4/00000001/00000201] dynopt_dct16_sve2_shared
Trace 0: 0x7f62cc140d80 [80081009311/0000000000400ab8/00000001/00000201] dynopt_dct16_sve2_shared
Trace 0: 0x7f62cc140ec0 [80081009311/0000000000400abc/00000001/00000201] dynopt_dct16_sve2_shared
Trace 0: 0x7f62cc141040 [80081009311/0000000000400ac0/00000001/00000201] dynopt_dct16_sve2_shared
Trace 0: 0x7f62cc141180 [80081009311/0000000000400ac4/00000001/00000201] dynopt_dct16_sve2_shared
Trace 0: 0x7f62cc1412c0 [80081009311/0000000000400ac8/00000001/00000201] dynopt_dct16_sve2_shared
Trace 0: 0x7f62cc141400 [80081009311/0000000000400acc/00000001/00000201] dynopt_dct16_sve2_shared
Trace 0: 0x7f62cc141580 [80081009311/0000000000400ad0/00000001/00000201] dynopt_dct16_sve2_shared
Trace 0: 0x7f62cc1416c0 [80081009311/0000000000400ad4/00000001/00000201] dynopt_dct16_sve2_shared
Trace 0: 0x7f62cc141800 [80081009311/0000000000400ad8/00000001/00000201] dynopt_dct16_sve2_shared
Trace 0: 0x7f62cc13c080 [80081009311/0000000000400adc/00000001/00000201] dynopt_dct16_sve2_shared
Trace 0: 0x7f62cc13c1c0 [80081009311/0000000000400ae0/00000001/00000201] dynopt_dct16_sve2_shared
Trace 0: 0x7f62cc13c300 [80081009311/0000000000400ae4/00000001/00000201] dynopt_dct16_sve2_shared
Trace 0: 0x7f62cc13c440 [80081009311/0000000000400ae8/00000001/00000201] dynopt_dct16_sve2_shared
Trace 0: 0x7f62cc13c580 [80081009311/0000000000400aec/00000001/00000201] dynopt_dct16_sve2_shared
Trace 0: 0x7f62cc13c6c0 [80081009311/0000000000400af0/00000001/00000201] dynopt_dct16_sve2_shared
Trace 0: 0x7f62cc13c800 [80081009311/0000000000400af4/00000001/00000201] dynopt_dct16_sve2_shared
Trace 0: 0x7f62cc13c940 [80081009311/0000000000400af8/00000001/00000201] dynopt_dct16_sve2_shared
Trace 0: 0x7f62cc13ca80 [80081009311/0000000000400afc/00000001/00000201] dynopt_dct16_sve2_shared
Trace 0: 0x7f62cc13cc00 [80081009311/0000000000400b00/00000001/00000201] dynopt_dct16_sve2_shared
Trace 0: 0x7f62cc13cd40 [80081009311/0000000000400b04/00000001/00000201] dynopt_dct16_sve2_shared
Trace 0: 0x7f62cc13ce80 [80081009311/0000000000400b08/00000001/00000201] dynopt_dct16_sve2_shared
Trace 0: 0x7f62cc13cfc0 [80081009311/0000000000400b0c/00000001/00000201] dynopt_dct16_sve2_shared
Trace 0: 0x7f62cc13d100 [80081009311/0000000000400b10/00000001/00000201] dynopt_dct16_sve2_shared
Trace 0: 0x7f62cc13d280 [80081009311/0000000000400b14/00000001/00000201] dynopt_dct16_sve2_shared
Trace 0: 0x7f62cc13d3c0 [80081009311/0000000000400b18/00000001/00000201] dynopt_dct16_sve2_shared
Trace 0: 0x7f62cc13d500 [80081009311/0000000000400b1c/00000001/00000201] dynopt_dct16_sve2_shared
Trace 0: 0x7f62cc13d640 [80081009311/0000000000400b20/00000001/00000201] dynopt_dct16_sve2_shared
Trace 0: 0x7f62cc13d780 [80081009311/0000000000400b24/00000001/00000201] dynopt_dct16_sve2_shared
Trace 0: 0x7f62cc13d8c0 [80081009311/0000000000400b28/00000001/00000201] dynopt_dct16_sve2_shared
Trace 0: 0x7f62cc13da00 [80081009311/0000000000400b2c/00000001/00000201] dynopt_dct16_sve2_shared
Trace 0: 0x7f62cc13db40 [80081009311/0000000000400b30/00000001/00000201] dynopt_dct16_sve2_shared
Trace 0: 0x7f62cc13dcc0 [80081009311/0000000000400b34/00000001/00000201] dynopt_dct16_sve2_shared
Trace 0: 0x7f62cc13de00 [80081009311/0000000000400b38/00000001/00000201] dynopt_dct16_sve2_shared
Trace 0: 0x7f62cc13df40 [80081009311/0000000000400b3c/00000001/00000201] dynopt_dct16_sve2_shared
Trace 0: 0x7f62cc13e0c0 [80081009311/0000000000400b40/00000001/00000201] dynopt_dct16_sve2_shared
Trace 0: 0x7f62cc13e240 [80081009311/0000000000400b44/00000001/00000201] dynopt_dct16_sve2_shared
Trace 0: 0x7f62cc13e380 [80081009311/0000000000400b48/00000001/00000201] dynopt_dct16_sve2_shared
Trace 0: 0x7f62cc13e4c0 [80081009311/0000000000400b4c/00000001/00000201] dynopt_dct16_sve2_shared
Trace 0: 0x7f62cc13e600 [80081009311/0000000000400b50/00000001/00000201] dynopt_dct16_sve2_shared
Trace 0: 0x7f62cc13e780 [80081009311/0000000000400b54/00000001/00000201] dynopt_dct16_sve2_shared
Trace 0: 0x7f62cc13e8c0 [80081009311/0000000000400b58/00000001/00000201] dynopt_dct16_sve2_shared
Trace 0: 0x7f62cc13ea00 [80081009311/0000000000400b5c/00000001/00000201] dynopt_dct16_sve2_shared
Trace 0: 0x7f62cc13eb40 [80081009311/0000000000400b60/00000001/00000201] dynopt_dct16_sve2_shared
Trace 0: 0x7f62cc13ec80 [80081009311/0000000000400b64/00000001/00000201] dynopt_dct16_sve2_shared
Trace 0: 0x7f62cc13edc0 [80081009311/0000000000400b68/00000001/00000201] dynopt_dct16_sve2_shared
Trace 0: 0x7f62cc13ef40 [80081009311/0000000000400b6c/00000001/00000201] dynopt_dct16_sve2_shared
Trace 0: 0x7f62cc13f080 [80081009311/0000000000400b70/00000001/00000201] dynopt_dct16_sve2_shared
Trace 0: 0x7f62cc13f1c0 [80081009311/0000000000400b74/00000001/00000201] dynopt_dct16_sve2_shared
Trace 0: 0x7f62cc13f340 [80081009311/0000000000400b78/00000001/00000201] dynopt_dct16_sve2_shared
Trace 0: 0x7f62cc13f480 [80081009311/0000000000400b7c/00000001/00000201] dynopt_dct16_sve2_shared
Trace 0: 0x7f62cc13f600 [80081009311/0000000000400b80/00000001/00000201] dynopt_dct16_sve2_shared
Trace 0: 0x7f62cc13f740 [80081009311/0000000000400b84/00000001/00000201] dynopt_dct16_sve2_shared
Trace 0: 0x7f62cc13f880 [80081009311/0000000000400b88/00000001/00000201] dynopt_dct16_sve2_shared
Trace 0: 0x7f62cc13fa00 [80081009311/0000000000400b8c/00000001/00000201] dynopt_dct16_sve2_shared
Trace 0: 0x7f62cc13fb40 [80081009311/0000000000400b90/00000001/00000201] dynopt_dct16_sve2_shared
Trace 0: 0x7f62cc13fc80 [80081009311/0000000000400b94/00000001/00000201] dynopt_dct16_sve2_shared
Trace 0: 0x7f62cc13fdc0 [80081009311/0000000000400b98/00000001/00000201] dynopt_dct16_sve2_shared
Trace 0: 0x7f62cc13ff00 [80081009311/0000000000400b9c/00000001/00000201] dynopt_dct16_sve2_shared
Trace 0: 0x7f62cc140040 [80081009311/0000000000400ba0/00000001/00000201] dynopt_dct16_sve2_shared
Trace 0: 0x7f62cc140180 [80081009311/0000000000400ba4/00000001/00000201] dynopt_dct16_sve2_shared
Trace 0: 0x7f62cc140300 [80081009311/0000000000400ba8/00000001/00000201] dynopt_dct16_sve2_shared
Trace 0: 0x7f62cc140480 [80081009311/0000000000400bac/00000001/00000201] dynopt_dct16_sve2_shared
Trace 0: 0x7f62cc1405c0 [80081009311/0000000000400bb0/00000001/00000201] dynopt_dct16_sve2_shared
Trace 0: 0x7f62cc140700 [80081009311/0000000000400bb4/00000001/00000201] dynopt_dct16_sve2_shared
Trace 0: 0x7f62cc140840 [80081009311/0000000000400bb8/00000001/00000201] dynopt_dct16_sve2_shared
Trace 0: 0x7f62cc140980 [80081009311/0000000000400aac/00000001/00000201] dynopt_dct16_sve2_shared
Trace 0: 0x7f62cc140b00 [80081009311/0000000000400ab0/00000001/00000201] dynopt_dct16_sve2_shared
Trace 0: 0x7f62cc140c40 [80081009311/0000000000400ab4/00000001/00000201] dynopt_dct16_sve2_shared
Trace 0: 0x7f62cc140d80 [80081009311/0000000000400ab8/00000001/00000201] dynopt_dct16_sve2_shared
Trace 0: 0x7f62cc140ec0 [80081009311/0000000000400abc/00000001/00000201] dynopt_dct16_sve2_shared
Trace 0: 0x7f62cc141040 [80081009311/0000000000400ac0/00000001/00000201] dynopt_dct16_sve2_shared
Trace 0: 0x7f62cc141180 [80081009311/0000000000400ac4/00000001/00000201] dynopt_dct16_sve2_shared
Trace 0: 0x7f62cc1412c0 [80081009311/0000000000400ac8/00000001/00000201] dynopt_dct16_sve2_shared
Trace 0: 0x7f62cc141400 [80081009311/0000000000400acc/00000001/00000201] dynopt_dct16_sve2_shared
Trace 0: 0x7f62cc141580 [80081009311/0000000000400ad0/00000001/00000201] dynopt_dct16_sve2_shared
Trace 0: 0x7f62cc1416c0 [80081009311/0000000000400ad4/00000001/00000201] dynopt_dct16_sve2_shared
Trace 0: 0x7f62cc141800 [80081009311/0000000000400ad8/00000001/00000201] dynopt_dct16_sve2_shared
Trace 0: 0x7f62cc13c080 [80081009311/0000000000400adc/00000001/00000201] dynopt_dct16_sve2_shared
Trace 0: 0x7f62cc13c1c0 [80081009311/0000000000400ae0/00000001/00000201] dynopt_dct16_sve2_shared
Trace 0: 0x7f62cc141940 [80081009311/00000000004009d0/00000001/00000201] dynopt_dct16_sve2_shared
Trace 0: 0x7f62cc141a80 [80081009311/00000000004009d4/00000001/00000201] dynopt_dct16_sve2_shared
Trace 0: 0x7f62cc141bc0 [80081009311/00000000004009d8/00000001/00000201] dynopt_dct16_sve2_shared
Trace 0: 0x7f62cc141d00 [80081009311/00000000004009dc/00000001/00000201] dynopt_dct16_sve2_shared
Trace 0: 0x7f62cc141e40 [80081009311/00000000004009e0/00000001/00000201] dynopt_dct16_sve2_shared
Trace 0: 0x7f62cc141f80 [80081009311/00000000004009e4/00000001/00000201] dynopt_dct16_sve2_shared
Trace 0: 0x7f62cc1420c0 [80081009311/00000000004009e8/00000001/00000201] dynopt_dct16_sve2_shared
Trace 0: 0x7f62cc142240 [80081009311/00000000004009ec/00000001/00000201] dynopt_dct16_sve2_shared
Trace 0: 0x7f62cc142380 [80081009311/00000000004009f0/00000001/00000201] dynopt_dct16_sve2_shared
Trace 0: 0x7f62cc1424c0 [80081009311/00000000004009f4/00000001/00000201] dynopt_dct16_sve2_shared
Trace 0: 0x7f62cc142600 [80081009311/00000000004009f8/00000001/00000201] dynopt_dct16_sve2_shared
Trace 0: 0x7f62cc142740 [80081009311/00000000004009fc/00000001/00000201] dynopt_dct16_sve2_shared
Trace 0: 0x7f62cc1428c0 [80081009311/0000000000400a00/00000001/00000201] dynopt_dct16_sve2_shared
Trace 0: 0x7f62cc142a00 [80081009311/0000000000400a04/00000001/00000201] dynopt_dct16_sve2_shared
Trace 0: 0x7f62cc142b40 [80081009311/0000000000400a08/00000001/00000201] dynopt_dct16_sve2_shared
Trace 0: 0x7f62cc142c80 [80081009311/0000000000400a0c/00000001/00000201] dynopt_dct16_sve2_shared
Trace 0: 0x7f62cc142dc0 [80081009311/0000000000400a10/00000001/00000201] dynopt_dct16_sve2_shared
Trace 0: 0x7f62cc142f00 [80081009311/0000000000400a14/00000001/00000201] dynopt_dct16_sve2_shared
Trace 0: 0x7f62cc143040 [80081009311/0000000000400a18/00000001/00000201] dynopt_dct16_sve2_shared
Trace 0: 0x7f62cc1431c0 [80081009311/0000000000400a1c/00000001/00000201] dynopt_dct16_sve2_shared
Trace 0: 0x7f62cc143300 [80081009311/0000000000400a20/00000001/00000201] dynopt_dct16_sve2_shared
Trace 0: 0x7f62cc143440 [80081009311/0000000000400a24/00000001/00000201] dynopt_dct16_sve2_shared
Trace 0: 0x7f62cc1435c0 [80081009311/0000000000400a28/00000001/00000201] dynopt_dct16_sve2_shared
Trace 0: 0x7f62cc143740 [80081009311/0000000000400a2c/00000001/00000201] dynopt_dct16_sve2_shared
Trace 0: 0x7f62cc143880 [80081009311/0000000000400a30/00000001/00000201] dynopt_dct16_sve2_shared
Trace 0: 0x7f62cc1439c0 [80081009311/0000000000400a34/00000001/00000201] dynopt_dct16_sve2_shared
Trace 0: 0x7f62cc143b00 [80081009311/0000000000400a38/00000001/00000201] dynopt_dct16_sve2_shared
Trace 0: 0x7f62cc143c80 [80081009311/0000000000400a3c/00000001/00000201] dynopt_dct16_sve2_shared
Trace 0: 0x7f62cc143dc0 [80081009311/0000000000400a40/00000001/00000201] dynopt_dct16_sve2_shared
Trace 0: 0x7f62cc143f00 [80081009311/0000000000400a44/00000001/00000201] dynopt_dct16_sve2_shared
Trace 0: 0x7f62cc144040 [80081009311/0000000000400a48/00000001/00000201] dynopt_dct16_sve2_shared
Trace 0: 0x7f62cc144180 [80081009311/0000000000400a4c/00000001/00000201] dynopt_dct16_sve2_shared
Trace 0: 0x7f62cc1442c0 [80081009311/0000000000400a50/00000001/00000201] dynopt_dct16_sve2_shared
Trace 0: 0x7f62cc144440 [80081009311/0000000000400a54/00000001/00000201] dynopt_dct16_sve2_shared
Trace 0: 0x7f62cc144580 [80081009311/0000000000400a58/00000001/00000201] dynopt_dct16_sve2_shared
Trace 0: 0x7f62cc1446c0 [80081009311/0000000000400a5c/00000001/00000201] dynopt_dct16_sve2_shared
Trace 0: 0x7f62cc144840 [80081009311/0000000000400a60/00000001/00000201] dynopt_dct16_sve2_shared
Trace 0: 0x7f62cc144980 [80081009311/0000000000400a64/00000001/00000201] dynopt_dct16_sve2_shared
Trace 0: 0x7f62cc144b00 [80081009311/0000000000400a68/00000001/00000201] dynopt_dct16_sve2_shared
Trace 0: 0x7f62cc144c40 [80081009311/0000000000400a6c/00000001/00000201] dynopt_dct16_sve2_shared
Trace 0: 0x7f62cc144d80 [80081009311/0000000000400a70/00000001/00000201] dynopt_dct16_sve2_shared
Trace 0: 0x7f62cc144f00 [80081009311/0000000000400a74/00000001/00000201] dynopt_dct16_sve2_shared
Trace 0: 0x7f62cc145040 [80081009311/0000000000400a78/00000001/00000201] dynopt_dct16_sve2_shared
Trace 0: 0x7f62cc145180 [80081009311/0000000000400a7c/00000001/00000201] dynopt_dct16_sve2_shared
Trace 0: 0x7f62cc1452c0 [80081009311/0000000000400a80/00000001/00000201] dynopt_dct16_sve2_shared
Trace 0: 0x7f62cc145440 [80081009311/0000000000400a84/00000001/00000201] dynopt_dct16_sve2_shared
Trace 0: 0x7f62cc145580 [80081009311/0000000000400a88/00000001/00000201] dynopt_dct16_sve2_shared
Trace 0: 0x7f62cc1456c0 [80081009311/0000000000400a8c/00000001/00000201] dynopt_dct16_sve2_shared
Trace 0: 0x7f62cc145800 [80081009311/0000000000400a90/00000001/00000201] dynopt_dct16_sve2_shared
Trace 0: 0x7f62cc145940 [80081009311/0000000000400a94/00000001/00000201] dynopt_dct16_sve2_shared
Trace 0: 0x7f62cc145ac0 [80081009311/0000000000400a98/00000001/00000201] dynopt_dct16_sve2_shared
Trace 0: 0x7f62cc145c00 [80081009311/0000000000400a9c/00000001/00000201] dynopt_dct16_sve2_shared
Trace 0: 0x7f62cc145d40 [80081009311/0000000000400aa0/00000001/00000201] dynopt_dct16_sve2_shared
Trace 0: 0x7f62cc145e80 [80081009311/0000000000400aa4/00000001/00000201] dynopt_dct16_sve2_shared
Trace 0: 0x7f62cc145fc0 [80081009311/0000000000400aa8/00000001/00000201] dynopt_dct16_sve2_shared
Trace 0: 0x7f62cc140980 [80081009311/0000000000400aac/00000001/00000201] dynopt_dct16_sve2_shared
Trace 0: 0x7f62cc140b00 [80081009311/0000000000400ab0/00000001/00000201] dynopt_dct16_sve2_shared
Trace 0: 0x7f62cc140c40 [80081009311/0000000000400ab4/00000001/00000201] dynopt_dct16_sve2_shared
Trace 0: 0x7f62cc140d80 [80081009311/0000000000400ab8/00000001/00000201] dynopt_dct16_sve2_shared
Trace 0: 0x7f62cc140ec0 [80081009311/0000000000400abc/00000001/00000201] dynopt_dct16_sve2_shared
Trace 0: 0x7f62cc141040 [80081009311/0000000000400ac0/00000001/00000201] dynopt_dct16_sve2_shared
Trace 0: 0x7f62cc141180 [80081009311/0000000000400ac4/00000001/00000201] dynopt_dct16_sve2_shared
Trace 0: 0x7f62cc1412c0 [80081009311/0000000000400ac8/00000001/00000201] dynopt_dct16_sve2_shared
Trace 0: 0x7f62cc141400 [80081009311/0000000000400acc/00000001/00000201] dynopt_dct16_sve2_shared
Trace 0: 0x7f62cc141580 [80081009311/0000000000400ad0/00000001/00000201] dynopt_dct16_sve2_shared
Trace 0: 0x7f62cc1416c0 [80081009311/0000000000400ad4/00000001/00000201] dynopt_dct16_sve2_shared
Trace 0: 0x7f62cc141800 [80081009311/0000000000400ad8/00000001/00000201] dynopt_dct16_sve2_shared
Trace 0: 0x7f62cc13c080 [80081009311/0000000000400adc/00000001/00000201] dynopt_dct16_sve2_shared
Trace 0: 0x7f62cc13c1c0 [80081009311/0000000000400ae0/00000001/00000201] dynopt_dct16_sve2_shared
Trace 0: 0x7f62cc13c300 [80081009311/0000000000400ae4/00000001/00000201] dynopt_dct16_sve2_shared
Trace 0: 0x7f62cc13c440 [80081009311/0000000000400ae8/00000001/00000201] dynopt_dct16_sve2_shared
Trace 0: 0x7f62cc13c580 [80081009311/0000000000400aec/00000001/00000201] dynopt_dct16_sve2_shared
Trace 0: 0x7f62cc13c6c0 [80081009311/0000000000400af0/00000001/00000201] dynopt_dct16_sve2_shared
Trace 0: 0x7f62cc13c800 [80081009311/0000000000400af4/00000001/00000201] dynopt_dct16_sve2_shared
Trace 0: 0x7f62cc13c940 [80081009311/0000000000400af8/00000001/00000201] dynopt_dct16_sve2_shared
Trace 0: 0x7f62cc13ca80 [80081009311/0000000000400afc/00000001/00000201] dynopt_dct16_sve2_shared
Trace 0: 0x7f62cc13cc00 [80081009311/0000000000400b00/00000001/00000201] dynopt_dct16_sve2_shared
Trace 0: 0x7f62cc13cd40 [80081009311/0000000000400b04/00000001/00000201] dynopt_dct16_sve2_shared
Trace 0: 0x7f62cc13ce80 [80081009311/0000000000400b08/00000001/00000201] dynopt_dct16_sve2_shared
Trace 0: 0x7f62cc13cfc0 [80081009311/0000000000400b0c/00000001/00000201] dynopt_dct16_sve2_shared
Trace 0: 0x7f62cc13d100 [80081009311/0000000000400b10/00000001/00000201] dynopt_dct16_sve2_shared
Trace 0: 0x7f62cc13d280 [80081009311/0000000000400b14/00000001/00000201] dynopt_dct16_sve2_shared
Trace 0: 0x7f62cc13d3c0 [80081009311/0000000000400b18/00000001/00000201] dynopt_dct16_sve2_shared
Trace 0: 0x7f62cc13d500 [80081009311/0000000000400b1c/00000001/00000201] dynopt_dct16_sve2_shared
Trace 0: 0x7f62cc13d640 [80081009311/0000000000400b20/00000001/00000201] dynopt_dct16_sve2_shared
Trace 0: 0x7f62cc13d780 [80081009311/0000000000400b24/00000001/00000201] dynopt_dct16_sve2_shared
Trace 0: 0x7f62cc13d8c0 [80081009311/0000000000400b28/00000001/00000201] dynopt_dct16_sve2_shared
Trace 0: 0x7f62cc13da00 [80081009311/0000000000400b2c/00000001/00000201] dynopt_dct16_sve2_shared
Trace 0: 0x7f62cc13db40 [80081009311/0000000000400b30/00000001/00000201] dynopt_dct16_sve2_shared
Trace 0: 0x7f62cc13dcc0 [80081009311/0000000000400b34/00000001/00000201] dynopt_dct16_sve2_shared
Trace 0: 0x7f62cc13de00 [80081009311/0000000000400b38/00000001/00000201] dynopt_dct16_sve2_shared
Trace 0: 0x7f62cc13df40 [80081009311/0000000000400b3c/00000001/00000201] dynopt_dct16_sve2_shared
Trace 0: 0x7f62cc13e0c0 [80081009311/0000000000400b40/00000001/00000201] dynopt_dct16_sve2_shared
Trace 0: 0x7f62cc13e240 [80081009311/0000000000400b44/00000001/00000201] dynopt_dct16_sve2_shared
Trace 0: 0x7f62cc13e380 [80081009311/0000000000400b48/00000001/00000201] dynopt_dct16_sve2_shared
Trace 0: 0x7f62cc13e4c0 [80081009311/0000000000400b4c/00000001/00000201] dynopt_dct16_sve2_shared
Trace 0: 0x7f62cc13e600 [80081009311/0000000000400b50/00000001/00000201] dynopt_dct16_sve2_shared
Trace 0: 0x7f62cc13e780 [80081009311/0000000000400b54/00000001/00000201] dynopt_dct16_sve2_shared
Trace 0: 0x7f62cc13e8c0 [80081009311/0000000000400b58/00000001/00000201] dynopt_dct16_sve2_shared
Trace 0: 0x7f62cc13ea00 [80081009311/0000000000400b5c/00000001/00000201] dynopt_dct16_sve2_shared
Trace 0: 0x7f62cc13eb40 [80081009311/0000000000400b60/00000001/00000201] dynopt_dct16_sve2_shared
Trace 0: 0x7f62cc13ec80 [80081009311/0000000000400b64/00000001/00000201] dynopt_dct16_sve2_shared
Trace 0: 0x7f62cc13edc0 [80081009311/0000000000400b68/00000001/00000201] dynopt_dct16_sve2_shared
Trace 0: 0x7f62cc13ef40 [80081009311/0000000000400b6c/00000001/00000201] dynopt_dct16_sve2_shared
Trace 0: 0x7f62cc13f080 [80081009311/0000000000400b70/00000001/00000201] dynopt_dct16_sve2_shared
Trace 0: 0x7f62cc13f1c0 [80081009311/0000000000400b74/00000001/00000201] dynopt_dct16_sve2_shared
Trace 0: 0x7f62cc13f340 [80081009311/0000000000400b78/00000001/00000201] dynopt_dct16_sve2_shared
Trace 0: 0x7f62cc13f480 [80081009311/0000000000400b7c/00000001/00000201] dynopt_dct16_sve2_shared
Trace 0: 0x7f62cc13f600 [80081009311/0000000000400b80/00000001/00000201] dynopt_dct16_sve2_shared
Trace 0: 0x7f62cc13f740 [80081009311/0000000000400b84/00000001/00000201] dynopt_dct16_sve2_shared
Trace 0: 0x7f62cc13f880 [80081009311/0000000000400b88/00000001/00000201] dynopt_dct16_sve2_shared
Trace 0: 0x7f62cc13fa00 [80081009311/0000000000400b8c/00000001/00000201] dynopt_dct16_sve2_shared
Trace 0: 0x7f62cc13fb40 [80081009311/0000000000400b90/00000001/00000201] dynopt_dct16_sve2_shared
Trace 0: 0x7f62cc13fc80 [80081009311/0000000000400b94/00000001/00000201] dynopt_dct16_sve2_shared
Trace 0: 0x7f62cc13fdc0 [80081009311/0000000000400b98/00000001/00000201] dynopt_dct16_sve2_shared
Trace 0: 0x7f62cc13ff00 [80081009311/0000000000400b9c/00000001/00000201] dynopt_dct16_sve2_shared
Trace 0: 0x7f62cc140040 [80081009311/0000000000400ba0/00000001/00000201] dynopt_dct16_sve2_shared
Trace 0: 0x7f62cc140180 [80081009311/0000000000400ba4/00000001/00000201] dynopt_dct16_sve2_shared
Trace 0: 0x7f62cc140300 [80081009311/0000000000400ba8/00000001/00000201] dynopt_dct16_sve2_shared
Trace 0: 0x7f62cc140480 [80081009311/0000000000400bac/00000001/00000201] dynopt_dct16_sve2_shared
Trace 0: 0x7f62cc1405c0 [80081009311/0000000000400bb0/00000001/00000201] dynopt_dct16_sve2_shared
Trace 0: 0x7f62cc140700 [80081009311/0000000000400bb4/00000001/00000201] dynopt_dct16_sve2_shared
Trace 0: 0x7f62cc140840 [80081009311/0000000000400bb8/00000001/00000201] dynopt_dct16_sve2_shared
Trace 0: 0x7f62cc140980 [80081009311/0000000000400aac/00000001/00000201] dynopt_dct16_sve2_shared
Trace 0: 0x7f62cc140b00 [80081009311/0000000000400ab0/00000001/00000201] dynopt_dct16_sve2_shared
Trace 0: 0x7f62cc140c40 [80081009311/0000000000400ab4/00000001/00000201] dynopt_dct16_sve2_shared
Trace 0: 0x7f62cc140d80 [80081009311/0000000000400ab8/00000001/00000201] dynopt_dct16_sve2_shared
Trace 0: 0x7f62cc140ec0 [80081009311/0000000000400abc/00000001/00000201] dynopt_dct16_sve2_shared
Trace 0: 0x7f62cc141040 [80081009311/0000000000400ac0/00000001/00000201] dynopt_dct16_sve2_shared
Trace 0: 0x7f62cc141180 [80081009311/0000000000400ac4/00000001/00000201] dynopt_dct16_sve2_shared
Trace 0: 0x7f62cc1412c0 [80081009311/0000000000400ac8/00000001/00000201] dynopt_dct16_sve2_shared
Trace 0: 0x7f62cc141400 [80081009311/0000000000400acc/00000001/00000201] dynopt_dct16_sve2_shared
Trace 0: 0x7f62cc141580 [80081009311/0000000000400ad0/00000001/00000201] dynopt_dct16_sve2_shared
Trace 0: 0x7f62cc1416c0 [80081009311/0000000000400ad4/00000001/00000201] dynopt_dct16_sve2_shared
Trace 0: 0x7f62cc141800 [80081009311/0000000000400ad8/00000001/00000201] dynopt_dct16_sve2_shared
Trace 0: 0x7f62cc13c080 [80081009311/0000000000400adc/00000001/00000201] dynopt_dct16_sve2_shared
Trace 0: 0x7f62cc13c1c0 [80081009311/0000000000400ae0/00000001/00000201] dynopt_dct16_sve2_shared
Trace 0: 0x7f62cc141940 [80081009311/00000000004009d0/00000001/00000201] dynopt_dct16_sve2_shared
Trace 0: 0x7f62cc141a80 [80081009311/00000000004009d4/00000001/00000201] dynopt_dct16_sve2_shared
Trace 0: 0x7f62cc141bc0 [80081009311/00000000004009d8/00000001/00000201] dynopt_dct16_sve2_shared
Trace 0: 0x7f62cc141d00 [80081009311/00000000004009dc/00000001/00000201] dynopt_dct16_sve2_shared
Trace 0: 0x7f62cc141e40 [80081009311/00000000004009e0/00000001/00000201] dynopt_dct16_sve2_shared
Trace 0: 0x7f62cc141f80 [80081009311/00000000004009e4/00000001/00000201] dynopt_dct16_sve2_shared
Trace 0: 0x7f62cc1420c0 [80081009311/00000000004009e8/00000001/00000201] dynopt_dct16_sve2_shared
Trace 0: 0x7f62cc142240 [80081009311/00000000004009ec/00000001/00000201] dynopt_dct16_sve2_shared
Trace 0: 0x7f62cc142380 [80081009311/00000000004009f0/00000001/00000201] dynopt_dct16_sve2_shared
Trace 0: 0x7f62cc1424c0 [80081009311/00000000004009f4/00000001/00000201] dynopt_dct16_sve2_shared
Trace 0: 0x7f62cc142600 [80081009311/00000000004009f8/00000001/00000201] dynopt_dct16_sve2_shared
Trace 0: 0x7f62cc142740 [80081009311/00000000004009fc/00000001/00000201] dynopt_dct16_sve2_shared
Trace 0: 0x7f62cc1428c0 [80081009311/0000000000400a00/00000001/00000201] dynopt_dct16_sve2_shared
Trace 0: 0x7f62cc142a00 [80081009311/0000000000400a04/00000001/00000201] dynopt_dct16_sve2_shared
Trace 0: 0x7f62cc142b40 [80081009311/0000000000400a08/00000001/00000201] dynopt_dct16_sve2_shared
Trace 0: 0x7f62cc142c80 [80081009311/0000000000400a0c/00000001/00000201] dynopt_dct16_sve2_shared
Trace 0: 0x7f62cc142dc0 [80081009311/0000000000400a10/00000001/00000201] dynopt_dct16_sve2_shared
Trace 0: 0x7f62cc142f00 [80081009311/0000000000400a14/00000001/00000201] dynopt_dct16_sve2_shared
Trace 0: 0x7f62cc143040 [80081009311/0000000000400a18/00000001/00000201] dynopt_dct16_sve2_shared
Trace 0: 0x7f62cc1431c0 [80081009311/0000000000400a1c/00000001/00000201] dynopt_dct16_sve2_shared
Trace 0: 0x7f62cc143300 [80081009311/0000000000400a20/00000001/00000201] dynopt_dct16_sve2_shared
Trace 0: 0x7f62cc143440 [80081009311/0000000000400a24/00000001/00000201] dynopt_dct16_sve2_shared
Trace 0: 0x7f62cc1435c0 [80081009311/0000000000400a28/00000001/00000201] dynopt_dct16_sve2_shared
Trace 0: 0x7f62cc143740 [80081009311/0000000000400a2c/00000001/00000201] dynopt_dct16_sve2_shared
Trace 0: 0x7f62cc143880 [80081009311/0000000000400a30/00000001/00000201] dynopt_dct16_sve2_shared
Trace 0: 0x7f62cc1439c0 [80081009311/0000000000400a34/00000001/00000201] dynopt_dct16_sve2_shared
Trace 0: 0x7f62cc143b00 [80081009311/0000000000400a38/00000001/00000201] dynopt_dct16_sve2_shared
Trace 0: 0x7f62cc143c80 [80081009311/0000000000400a3c/00000001/00000201] dynopt_dct16_sve2_shared
Trace 0: 0x7f62cc143dc0 [80081009311/0000000000400a40/00000001/00000201] dynopt_dct16_sve2_shared
Trace 0: 0x7f62cc143f00 [80081009311/0000000000400a44/00000001/00000201] dynopt_dct16_sve2_shared
Trace 0: 0x7f62cc144040 [80081009311/0000000000400a48/00000001/00000201] dynopt_dct16_sve2_shared
Trace 0: 0x7f62cc144180 [80081009311/0000000000400a4c/00000001/00000201] dynopt_dct16_sve2_shared
Trace 0: 0x7f62cc1442c0 [80081009311/0000000000400a50/00000001/00000201] dynopt_dct16_sve2_shared
Trace 0: 0x7f62cc144440 [80081009311/0000000000400a54/00000001/00000201] dynopt_dct16_sve2_shared
Trace 0: 0x7f62cc144580 [80081009311/0000000000400a58/00000001/00000201] dynopt_dct16_sve2_shared
Trace 0: 0x7f62cc1446c0 [80081009311/0000000000400a5c/00000001/00000201] dynopt_dct16_sve2_shared
Trace 0: 0x7f62cc144840 [80081009311/0000000000400a60/00000001/00000201] dynopt_dct16_sve2_shared
Trace 0: 0x7f62cc144980 [80081009311/0000000000400a64/00000001/00000201] dynopt_dct16_sve2_shared
Trace 0: 0x7f62cc144b00 [80081009311/0000000000400a68/00000001/00000201] dynopt_dct16_sve2_shared
Trace 0: 0x7f62cc144c40 [80081009311/0000000000400a6c/00000001/00000201] dynopt_dct16_sve2_shared
Trace 0: 0x7f62cc144d80 [80081009311/0000000000400a70/00000001/00000201] dynopt_dct16_sve2_shared
Trace 0: 0x7f62cc144f00 [80081009311/0000000000400a74/00000001/00000201] dynopt_dct16_sve2_shared
Trace 0: 0x7f62cc145040 [80081009311/0000000000400a78/00000001/00000201] dynopt_dct16_sve2_shared
Trace 0: 0x7f62cc145180 [80081009311/0000000000400a7c/00000001/00000201] dynopt_dct16_sve2_shared
Trace 0: 0x7f62cc1452c0 [80081009311/0000000000400a80/00000001/00000201] dynopt_dct16_sve2_shared
Trace 0: 0x7f62cc145440 [80081009311/0000000000400a84/00000001/00000201] dynopt_dct16_sve2_shared
Trace 0: 0x7f62cc145580 [80081009311/0000000000400a88/00000001/00000201] dynopt_dct16_sve2_shared
Trace 0: 0x7f62cc1456c0 [80081009311/0000000000400a8c/00000001/00000201] dynopt_dct16_sve2_shared
Trace 0: 0x7f62cc145800 [80081009311/0000000000400a90/00000001/00000201] dynopt_dct16_sve2_shared
Trace 0: 0x7f62cc145940 [80081009311/0000000000400a94/00000001/00000201] dynopt_dct16_sve2_shared
Trace 0: 0x7f62cc145ac0 [80081009311/0000000000400a98/00000001/00000201] dynopt_dct16_sve2_shared
Trace 0: 0x7f62cc145c00 [80081009311/0000000000400a9c/00000001/00000201] dynopt_dct16_sve2_shared
Trace 0: 0x7f62cc145d40 [80081009311/0000000000400aa0/00000001/00000201] dynopt_dct16_sve2_shared
Trace 0: 0x7f62cc145e80 [80081009311/0000000000400aa4/00000001/00000201] dynopt_dct16_sve2_shared
Trace 0: 0x7f62cc145fc0 [80081009311/0000000000400aa8/00000001/00000201] dynopt_dct16_sve2_shared
Trace 0: 0x7f62cc140980 [80081009311/0000000000400aac/00000001/00000201] dynopt_dct16_sve2_shared
Trace 0: 0x7f62cc140b00 [80081009311/0000000000400ab0/00000001/00000201] dynopt_dct16_sve2_shared
Trace 0: 0x7f62cc140c40 [80081009311/0000000000400ab4/00000001/00000201] dynopt_dct16_sve2_shared
Trace 0: 0x7f62cc140d80 [80081009311/0000000000400ab8/00000001/00000201] dynopt_dct16_sve2_shared
Trace 0: 0x7f62cc140ec0 [80081009311/0000000000400abc/00000001/00000201] dynopt_dct16_sve2_shared
Trace 0: 0x7f62cc141040 [80081009311/0000000000400ac0/00000001/00000201] dynopt_dct16_sve2_shared
Trace 0: 0x7f62cc141180 [80081009311/0000000000400ac4/00000001/00000201] dynopt_dct16_sve2_shared
Trace 0: 0x7f62cc1412c0 [80081009311/0000000000400ac8/00000001/00000201] dynopt_dct16_sve2_shared
Trace 0: 0x7f62cc141400 [80081009311/0000000000400acc/00000001/00000201] dynopt_dct16_sve2_shared
Trace 0: 0x7f62cc141580 [80081009311/0000000000400ad0/00000001/00000201] dynopt_dct16_sve2_shared
Trace 0: 0x7f62cc1416c0 [80081009311/0000000000400ad4/00000001/00000201] dynopt_dct16_sve2_shared
Trace 0: 0x7f62cc141800 [80081009311/0000000000400ad8/00000001/00000201] dynopt_dct16_sve2_shared
Trace 0: 0x7f62cc13c080 [80081009311/0000000000400adc/00000001/00000201] dynopt_dct16_sve2_shared
Trace 0: 0x7f62cc13c1c0 [80081009311/0000000000400ae0/00000001/00000201] dynopt_dct16_sve2_shared
Trace 0: 0x7f62cc13c300 [80081009311/0000000000400ae4/00000001/00000201] dynopt_dct16_sve2_shared
Trace 0: 0x7f62cc13c440 [80081009311/0000000000400ae8/00000001/00000201] dynopt_dct16_sve2_shared
Trace 0: 0x7f62cc13c580 [80081009311/0000000000400aec/00000001/00000201] dynopt_dct16_sve2_shared
Trace 0: 0x7f62cc13c6c0 [80081009311/0000000000400af0/00000001/00000201] dynopt_dct16_sve2_shared
Trace 0: 0x7f62cc13c800 [80081009311/0000000000400af4/00000001/00000201] dynopt_dct16_sve2_shared
Trace 0: 0x7f62cc13c940 [80081009311/0000000000400af8/00000001/00000201] dynopt_dct16_sve2_shared
Trace 0: 0x7f62cc13ca80 [80081009311/0000000000400afc/00000001/00000201] dynopt_dct16_sve2_shared
Trace 0: 0x7f62cc13cc00 [80081009311/0000000000400b00/00000001/00000201] dynopt_dct16_sve2_shared
Trace 0: 0x7f62cc13cd40 [80081009311/0000000000400b04/00000001/00000201] dynopt_dct16_sve2_shared
Trace 0: 0x7f62cc13ce80 [80081009311/0000000000400b08/00000001/00000201] dynopt_dct16_sve2_shared
Trace 0: 0x7f62cc13cfc0 [80081009311/0000000000400b0c/00000001/00000201] dynopt_dct16_sve2_shared
Trace 0: 0x7f62cc13d100 [80081009311/0000000000400b10/00000001/00000201] dynopt_dct16_sve2_shared
Trace 0: 0x7f62cc13d280 [80081009311/0000000000400b14/00000001/00000201] dynopt_dct16_sve2_shared
Trace 0: 0x7f62cc13d3c0 [80081009311/0000000000400b18/00000001/00000201] dynopt_dct16_sve2_shared
Trace 0: 0x7f62cc13d500 [80081009311/0000000000400b1c/00000001/00000201] dynopt_dct16_sve2_shared
Trace 0: 0x7f62cc13d640 [80081009311/0000000000400b20/00000001/00000201] dynopt_dct16_sve2_shared
Trace 0: 0x7f62cc13d780 [80081009311/0000000000400b24/00000001/00000201] dynopt_dct16_sve2_shared
Trace 0: 0x7f62cc13d8c0 [80081009311/0000000000400b28/00000001/00000201] dynopt_dct16_sve2_shared
Trace 0: 0x7f62cc13da00 [80081009311/0000000000400b2c/00000001/00000201] dynopt_dct16_sve2_shared
Trace 0: 0x7f62cc13db40 [80081009311/0000000000400b30/00000001/00000201] dynopt_dct16_sve2_shared
Trace 0: 0x7f62cc13dcc0 [80081009311/0000000000400b34/00000001/00000201] dynopt_dct16_sve2_shared
Trace 0: 0x7f62cc13de00 [80081009311/0000000000400b38/00000001/00000201] dynopt_dct16_sve2_shared
Trace 0: 0x7f62cc13df40 [80081009311/0000000000400b3c/00000001/00000201] dynopt_dct16_sve2_shared
Trace 0: 0x7f62cc13e0c0 [80081009311/0000000000400b40/00000001/00000201] dynopt_dct16_sve2_shared
Trace 0: 0x7f62cc13e240 [80081009311/0000000000400b44/00000001/00000201] dynopt_dct16_sve2_shared
Trace 0: 0x7f62cc13e380 [80081009311/0000000000400b48/00000001/00000201] dynopt_dct16_sve2_shared
Trace 0: 0x7f62cc13e4c0 [80081009311/0000000000400b4c/00000001/00000201] dynopt_dct16_sve2_shared
Trace 0: 0x7f62cc13e600 [80081009311/0000000000400b50/00000001/00000201] dynopt_dct16_sve2_shared
Trace 0: 0x7f62cc13e780 [80081009311/0000000000400b54/00000001/00000201] dynopt_dct16_sve2_shared
Trace 0: 0x7f62cc13e8c0 [80081009311/0000000000400b58/00000001/00000201] dynopt_dct16_sve2_shared
Trace 0: 0x7f62cc13ea00 [80081009311/0000000000400b5c/00000001/00000201] dynopt_dct16_sve2_shared
Trace 0: 0x7f62cc13eb40 [80081009311/0000000000400b60/00000001/00000201] dynopt_dct16_sve2_shared
Trace 0: 0x7f62cc13ec80 [80081009311/0000000000400b64/00000001/00000201] dynopt_dct16_sve2_shared
Trace 0: 0x7f62cc13edc0 [80081009311/0000000000400b68/00000001/00000201] dynopt_dct16_sve2_shared
Trace 0: 0x7f62cc13ef40 [80081009311/0000000000400b6c/00000001/00000201] dynopt_dct16_sve2_shared
Trace 0: 0x7f62cc13f080 [80081009311/0000000000400b70/00000001/00000201] dynopt_dct16_sve2_shared
Trace 0: 0x7f62cc13f1c0 [80081009311/0000000000400b74/00000001/00000201] dynopt_dct16_sve2_shared
Trace 0: 0x7f62cc13f340 [80081009311/0000000000400b78/00000001/00000201] dynopt_dct16_sve2_shared
Trace 0: 0x7f62cc13f480 [80081009311/0000000000400b7c/00000001/00000201] dynopt_dct16_sve2_shared
Trace 0: 0x7f62cc13f600 [80081009311/0000000000400b80/00000001/00000201] dynopt_dct16_sve2_shared
Trace 0: 0x7f62cc13f740 [80081009311/0000000000400b84/00000001/00000201] dynopt_dct16_sve2_shared
Trace 0: 0x7f62cc13f880 [80081009311/0000000000400b88/00000001/00000201] dynopt_dct16_sve2_shared
Trace 0: 0x7f62cc13fa00 [80081009311/0000000000400b8c/00000001/00000201] dynopt_dct16_sve2_shared
Trace 0: 0x7f62cc13fb40 [80081009311/0000000000400b90/00000001/00000201] dynopt_dct16_sve2_shared
Trace 0: 0x7f62cc13fc80 [80081009311/0000000000400b94/00000001/00000201] dynopt_dct16_sve2_shared
Trace 0: 0x7f62cc13fdc0 [80081009311/0000000000400b98/00000001/00000201] dynopt_dct16_sve2_shared
Trace 0: 0x7f62cc13ff00 [80081009311/0000000000400b9c/00000001/00000201] dynopt_dct16_sve2_shared
Trace 0: 0x7f62cc140040 [80081009311/0000000000400ba0/00000001/00000201] dynopt_dct16_sve2_shared
Trace 0: 0x7f62cc140180 [80081009311/0000000000400ba4/00000001/00000201] dynopt_dct16_sve2_shared
Trace 0: 0x7f62cc140300 [80081009311/0000000000400ba8/00000001/00000201] dynopt_dct16_sve2_shared
Trace 0: 0x7f62cc140480 [80081009311/0000000000400bac/00000001/00000201] dynopt_dct16_sve2_shared
Trace 0: 0x7f62cc1405c0 [80081009311/0000000000400bb0/00000001/00000201] dynopt_dct16_sve2_shared
Trace 0: 0x7f62cc140700 [80081009311/0000000000400bb4/00000001/00000201] dynopt_dct16_sve2_shared
Trace 0: 0x7f62cc140840 [80081009311/0000000000400bb8/00000001/00000201] dynopt_dct16_sve2_shared
Trace 0: 0x7f62cc140980 [80081009311/0000000000400aac/00000001/00000201] dynopt_dct16_sve2_shared
Trace 0: 0x7f62cc140b00 [80081009311/0000000000400ab0/00000001/00000201] dynopt_dct16_sve2_shared
Trace 0: 0x7f62cc140c40 [80081009311/0000000000400ab4/00000001/00000201] dynopt_dct16_sve2_shared
Trace 0: 0x7f62cc140d80 [80081009311/0000000000400ab8/00000001/00000201] dynopt_dct16_sve2_shared
Trace 0: 0x7f62cc140ec0 [80081009311/0000000000400abc/00000001/00000201] dynopt_dct16_sve2_shared
Trace 0: 0x7f62cc141040 [80081009311/0000000000400ac0/00000001/00000201] dynopt_dct16_sve2_shared
Trace 0: 0x7f62cc141180 [80081009311/0000000000400ac4/00000001/00000201] dynopt_dct16_sve2_shared
Trace 0: 0x7f62cc1412c0 [80081009311/0000000000400ac8/00000001/00000201] dynopt_dct16_sve2_shared
Trace 0: 0x7f62cc141400 [80081009311/0000000000400acc/00000001/00000201] dynopt_dct16_sve2_shared
Trace 0: 0x7f62cc141580 [80081009311/0000000000400ad0/00000001/00000201] dynopt_dct16_sve2_shared
Trace 0: 0x7f62cc1416c0 [80081009311/0000000000400ad4/00000001/00000201] dynopt_dct16_sve2_shared
Trace 0: 0x7f62cc141800 [80081009311/0000000000400ad8/00000001/00000201] dynopt_dct16_sve2_shared
Trace 0: 0x7f62cc13c080 [80081009311/0000000000400adc/00000001/00000201] dynopt_dct16_sve2_shared
Trace 0: 0x7f62cc13c1c0 [80081009311/0000000000400ae0/00000001/00000201] dynopt_dct16_sve2_shared
Trace 0: 0x7f62cc141940 [80081009311/00000000004009d0/00000001/00000201] dynopt_dct16_sve2_shared
Trace 0: 0x7f62cc141a80 [80081009311/00000000004009d4/00000001/00000201] dynopt_dct16_sve2_shared
Trace 0: 0x7f62cc141bc0 [80081009311/00000000004009d8/00000001/00000201] dynopt_dct16_sve2_shared
Trace 0: 0x7f62cc141d00 [80081009311/00000000004009dc/00000001/00000201] dynopt_dct16_sve2_shared
Trace 0: 0x7f62cc141e40 [80081009311/00000000004009e0/00000001/00000201] dynopt_dct16_sve2_shared
Trace 0: 0x7f62cc141f80 [80081009311/00000000004009e4/00000001/00000201] dynopt_dct16_sve2_shared
Trace 0: 0x7f62cc1420c0 [80081009311/00000000004009e8/00000001/00000201] dynopt_dct16_sve2_shared
Trace 0: 0x7f62cc142240 [80081009311/00000000004009ec/00000001/00000201] dynopt_dct16_sve2_shared
Trace 0: 0x7f62cc142380 [80081009311/00000000004009f0/00000001/00000201] dynopt_dct16_sve2_shared
Trace 0: 0x7f62cc1424c0 [80081009311/00000000004009f4/00000001/00000201] dynopt_dct16_sve2_shared
Trace 0: 0x7f62cc142600 [80081009311/00000000004009f8/00000001/00000201] dynopt_dct16_sve2_shared
Trace 0: 0x7f62cc142740 [80081009311/00000000004009fc/00000001/00000201] dynopt_dct16_sve2_shared
Trace 0: 0x7f62cc1428c0 [80081009311/0000000000400a00/00000001/00000201] dynopt_dct16_sve2_shared
Trace 0: 0x7f62cc142a00 [80081009311/0000000000400a04/00000001/00000201] dynopt_dct16_sve2_shared
Trace 0: 0x7f62cc142b40 [80081009311/0000000000400a08/00000001/00000201] dynopt_dct16_sve2_shared
Trace 0: 0x7f62cc142c80 [80081009311/0000000000400a0c/00000001/00000201] dynopt_dct16_sve2_shared
Trace 0: 0x7f62cc142dc0 [80081009311/0000000000400a10/00000001/00000201] dynopt_dct16_sve2_shared
Trace 0: 0x7f62cc142f00 [80081009311/0000000000400a14/00000001/00000201] dynopt_dct16_sve2_shared
Trace 0: 0x7f62cc143040 [80081009311/0000000000400a18/00000001/00000201] dynopt_dct16_sve2_shared
Trace 0: 0x7f62cc1431c0 [80081009311/0000000000400a1c/00000001/00000201] dynopt_dct16_sve2_shared
Trace 0: 0x7f62cc143300 [80081009311/0000000000400a20/00000001/00000201] dynopt_dct16_sve2_shared
Trace 0: 0x7f62cc143440 [80081009311/0000000000400a24/00000001/00000201] dynopt_dct16_sve2_shared
Trace 0: 0x7f62cc1435c0 [80081009311/0000000000400a28/00000001/00000201] dynopt_dct16_sve2_shared
Trace 0: 0x7f62cc143740 [80081009311/0000000000400a2c/00000001/00000201] dynopt_dct16_sve2_shared
Trace 0: 0x7f62cc143880 [80081009311/0000000000400a30/00000001/00000201] dynopt_dct16_sve2_shared
Trace 0: 0x7f62cc1439c0 [80081009311/0000000000400a34/00000001/00000201] dynopt_dct16_sve2_shared
Trace 0: 0x7f62cc143b00 [80081009311/0000000000400a38/00000001/00000201] dynopt_dct16_sve2_shared
Trace 0: 0x7f62cc143c80 [80081009311/0000000000400a3c/00000001/00000201] dynopt_dct16_sve2_shared
Trace 0: 0x7f62cc143dc0 [80081009311/0000000000400a40/00000001/00000201] dynopt_dct16_sve2_shared
Trace 0: 0x7f62cc143f00 [80081009311/0000000000400a44/00000001/00000201] dynopt_dct16_sve2_shared
Trace 0: 0x7f62cc144040 [80081009311/0000000000400a48/00000001/00000201] dynopt_dct16_sve2_shared
Trace 0: 0x7f62cc144180 [80081009311/0000000000400a4c/00000001/00000201] dynopt_dct16_sve2_shared
Trace 0: 0x7f62cc1442c0 [80081009311/0000000000400a50/00000001/00000201] dynopt_dct16_sve2_shared
Trace 0: 0x7f62cc144440 [80081009311/0000000000400a54/00000001/00000201] dynopt_dct16_sve2_shared
Trace 0: 0x7f62cc144580 [80081009311/0000000000400a58/00000001/00000201] dynopt_dct16_sve2_shared
Trace 0: 0x7f62cc1446c0 [80081009311/0000000000400a5c/00000001/00000201] dynopt_dct16_sve2_shared
Trace 0: 0x7f62cc144840 [80081009311/0000000000400a60/00000001/00000201] dynopt_dct16_sve2_shared
Trace 0: 0x7f62cc144980 [80081009311/0000000000400a64/00000001/00000201] dynopt_dct16_sve2_shared
Trace 0: 0x7f62cc144b00 [80081009311/0000000000400a68/00000001/00000201] dynopt_dct16_sve2_shared
Trace 0: 0x7f62cc144c40 [80081009311/0000000000400a6c/00000001/00000201] dynopt_dct16_sve2_shared
Trace 0: 0x7f62cc144d80 [80081009311/0000000000400a70/00000001/00000201] dynopt_dct16_sve2_shared
Trace 0: 0x7f62cc144f00 [80081009311/0000000000400a74/00000001/00000201] dynopt_dct16_sve2_shared
Trace 0: 0x7f62cc145040 [80081009311/0000000000400a78/00000001/00000201] dynopt_dct16_sve2_shared
Trace 0: 0x7f62cc145180 [80081009311/0000000000400a7c/00000001/00000201] dynopt_dct16_sve2_shared
Trace 0: 0x7f62cc1452c0 [80081009311/0000000000400a80/00000001/00000201] dynopt_dct16_sve2_shared
Trace 0: 0x7f62cc145440 [80081009311/0000000000400a84/00000001/00000201] dynopt_dct16_sve2_shared
Trace 0: 0x7f62cc145580 [80081009311/0000000000400a88/00000001/00000201] dynopt_dct16_sve2_shared
Trace 0: 0x7f62cc1456c0 [80081009311/0000000000400a8c/00000001/00000201] dynopt_dct16_sve2_shared
Trace 0: 0x7f62cc145800 [80081009311/0000000000400a90/00000001/00000201] dynopt_dct16_sve2_shared
Trace 0: 0x7f62cc145940 [80081009311/0000000000400a94/00000001/00000201] dynopt_dct16_sve2_shared
Trace 0: 0x7f62cc145ac0 [80081009311/0000000000400a98/00000001/00000201] dynopt_dct16_sve2_shared
Trace 0: 0x7f62cc145c00 [80081009311/0000000000400a9c/00000001/00000201] dynopt_dct16_sve2_shared
Trace 0: 0x7f62cc145d40 [80081009311/0000000000400aa0/00000001/00000201] dynopt_dct16_sve2_shared
Trace 0: 0x7f62cc145e80 [80081009311/0000000000400aa4/00000001/00000201] dynopt_dct16_sve2_shared
Trace 0: 0x7f62cc145fc0 [80081009311/0000000000400aa8/00000001/00000201] dynopt_dct16_sve2_shared
Trace 0: 0x7f62cc140980 [80081009311/0000000000400aac/00000001/00000201] dynopt_dct16_sve2_shared
Trace 0: 0x7f62cc140b00 [80081009311/0000000000400ab0/00000001/00000201] dynopt_dct16_sve2_shared
Trace 0: 0x7f62cc140c40 [80081009311/0000000000400ab4/00000001/00000201] dynopt_dct16_sve2_shared
Trace 0: 0x7f62cc140d80 [80081009311/0000000000400ab8/00000001/00000201] dynopt_dct16_sve2_shared
Trace 0: 0x7f62cc140ec0 [80081009311/0000000000400abc/00000001/00000201] dynopt_dct16_sve2_shared
Trace 0: 0x7f62cc141040 [80081009311/0000000000400ac0/00000001/00000201] dynopt_dct16_sve2_shared
Trace 0: 0x7f62cc141180 [80081009311/0000000000400ac4/00000001/00000201] dynopt_dct16_sve2_shared
Trace 0: 0x7f62cc1412c0 [80081009311/0000000000400ac8/00000001/00000201] dynopt_dct16_sve2_shared
Trace 0: 0x7f62cc141400 [80081009311/0000000000400acc/00000001/00000201] dynopt_dct16_sve2_shared
Trace 0: 0x7f62cc141580 [80081009311/0000000000400ad0/00000001/00000201] dynopt_dct16_sve2_shared
Trace 0: 0x7f62cc1416c0 [80081009311/0000000000400ad4/00000001/00000201] dynopt_dct16_sve2_shared
Trace 0: 0x7f62cc141800 [80081009311/0000000000400ad8/00000001/00000201] dynopt_dct16_sve2_shared
Trace 0: 0x7f62cc13c080 [80081009311/0000000000400adc/00000001/00000201] dynopt_dct16_sve2_shared
Trace 0: 0x7f62cc13c1c0 [80081009311/0000000000400ae0/00000001/00000201] dynopt_dct16_sve2_shared
Trace 0: 0x7f62cc13c300 [80081009311/0000000000400ae4/00000001/00000201] dynopt_dct16_sve2_shared
Trace 0: 0x7f62cc13c440 [80081009311/0000000000400ae8/00000001/00000201] dynopt_dct16_sve2_shared
Trace 0: 0x7f62cc13c580 [80081009311/0000000000400aec/00000001/00000201] dynopt_dct16_sve2_shared
Trace 0: 0x7f62cc13c6c0 [80081009311/0000000000400af0/00000001/00000201] dynopt_dct16_sve2_shared
Trace 0: 0x7f62cc13c800 [80081009311/0000000000400af4/00000001/00000201] dynopt_dct16_sve2_shared
Trace 0: 0x7f62cc13c940 [80081009311/0000000000400af8/00000001/00000201] dynopt_dct16_sve2_shared
Trace 0: 0x7f62cc13ca80 [80081009311/0000000000400afc/00000001/00000201] dynopt_dct16_sve2_shared
Trace 0: 0x7f62cc13cc00 [80081009311/0000000000400b00/00000001/00000201] dynopt_dct16_sve2_shared
Trace 0: 0x7f62cc13cd40 [80081009311/0000000000400b04/00000001/00000201] dynopt_dct16_sve2_shared
Trace 0: 0x7f62cc13ce80 [80081009311/0000000000400b08/00000001/00000201] dynopt_dct16_sve2_shared
Trace 0: 0x7f62cc13cfc0 [80081009311/0000000000400b0c/00000001/00000201] dynopt_dct16_sve2_shared
Trace 0: 0x7f62cc13d100 [80081009311/0000000000400b10/00000001/00000201] dynopt_dct16_sve2_shared
Trace 0: 0x7f62cc13d280 [80081009311/0000000000400b14/00000001/00000201] dynopt_dct16_sve2_shared
Trace 0: 0x7f62cc13d3c0 [80081009311/0000000000400b18/00000001/00000201] dynopt_dct16_sve2_shared
Trace 0: 0x7f62cc13d500 [80081009311/0000000000400b1c/00000001/00000201] dynopt_dct16_sve2_shared
Trace 0: 0x7f62cc13d640 [80081009311/0000000000400b20/00000001/00000201] dynopt_dct16_sve2_shared
Trace 0: 0x7f62cc13d780 [80081009311/0000000000400b24/00000001/00000201] dynopt_dct16_sve2_shared
Trace 0: 0x7f62cc13d8c0 [80081009311/0000000000400b28/00000001/00000201] dynopt_dct16_sve2_shared
Trace 0: 0x7f62cc13da00 [80081009311/0000000000400b2c/00000001/00000201] dynopt_dct16_sve2_shared
Trace 0: 0x7f62cc13db40 [80081009311/0000000000400b30/00000001/00000201] dynopt_dct16_sve2_shared
Trace 0: 0x7f62cc13dcc0 [80081009311/0000000000400b34/00000001/00000201] dynopt_dct16_sve2_shared
Trace 0: 0x7f62cc13de00 [80081009311/0000000000400b38/00000001/00000201] dynopt_dct16_sve2_shared
Trace 0: 0x7f62cc13df40 [80081009311/0000000000400b3c/00000001/00000201] dynopt_dct16_sve2_shared
Trace 0: 0x7f62cc13e0c0 [80081009311/0000000000400b40/00000001/00000201] dynopt_dct16_sve2_shared
Trace 0: 0x7f62cc13e240 [80081009311/0000000000400b44/00000001/00000201] dynopt_dct16_sve2_shared
Trace 0: 0x7f62cc13e380 [80081009311/0000000000400b48/00000001/00000201] dynopt_dct16_sve2_shared
Trace 0: 0x7f62cc13e4c0 [80081009311/0000000000400b4c/00000001/00000201] dynopt_dct16_sve2_shared
Trace 0: 0x7f62cc13e600 [80081009311/0000000000400b50/00000001/00000201] dynopt_dct16_sve2_shared
Trace 0: 0x7f62cc13e780 [80081009311/0000000000400b54/00000001/00000201] dynopt_dct16_sve2_shared
Trace 0: 0x7f62cc13e8c0 [80081009311/0000000000400b58/00000001/00000201] dynopt_dct16_sve2_shared
Trace 0: 0x7f62cc13ea00 [80081009311/0000000000400b5c/00000001/00000201] dynopt_dct16_sve2_shared
Trace 0: 0x7f62cc13eb40 [80081009311/0000000000400b60/00000001/00000201] dynopt_dct16_sve2_shared
Trace 0: 0x7f62cc13ec80 [80081009311/0000000000400b64/00000001/00000201] dynopt_dct16_sve2_shared
Trace 0: 0x7f62cc13edc0 [80081009311/0000000000400b68/00000001/00000201] dynopt_dct16_sve2_shared
Trace 0: 0x7f62cc13ef40 [80081009311/0000000000400b6c/00000001/00000201] dynopt_dct16_sve2_shared
Trace 0: 0x7f62cc13f080 [80081009311/0000000000400b70/00000001/00000201] dynopt_dct16_sve2_shared
Trace 0: 0x7f62cc13f1c0 [80081009311/0000000000400b74/00000001/00000201] dynopt_dct16_sve2_shared
Trace 0: 0x7f62cc13f340 [80081009311/0000000000400b78/00000001/00000201] dynopt_dct16_sve2_shared
Trace 0: 0x7f62cc13f480 [80081009311/0000000000400b7c/00000001/00000201] dynopt_dct16_sve2_shared
Trace 0: 0x7f62cc13f600 [80081009311/0000000000400b80/00000001/00000201] dynopt_dct16_sve2_shared
Trace 0: 0x7f62cc13f740 [80081009311/0000000000400b84/00000001/00000201] dynopt_dct16_sve2_shared
Trace 0: 0x7f62cc13f880 [80081009311/0000000000400b88/00000001/00000201] dynopt_dct16_sve2_shared
Trace 0: 0x7f62cc13fa00 [80081009311/0000000000400b8c/00000001/00000201] dynopt_dct16_sve2_shared
Trace 0: 0x7f62cc13fb40 [80081009311/0000000000400b90/00000001/00000201] dynopt_dct16_sve2_shared
Trace 0: 0x7f62cc13fc80 [80081009311/0000000000400b94/00000001/00000201] dynopt_dct16_sve2_shared
Trace 0: 0x7f62cc13fdc0 [80081009311/0000000000400b98/00000001/00000201] dynopt_dct16_sve2_shared
Trace 0: 0x7f62cc13ff00 [80081009311/0000000000400b9c/00000001/00000201] dynopt_dct16_sve2_shared
Trace 0: 0x7f62cc140040 [80081009311/0000000000400ba0/00000001/00000201] dynopt_dct16_sve2_shared
Trace 0: 0x7f62cc140180 [80081009311/0000000000400ba4/00000001/00000201] dynopt_dct16_sve2_shared
Trace 0: 0x7f62cc140300 [80081009311/0000000000400ba8/00000001/00000201] dynopt_dct16_sve2_shared
Trace 0: 0x7f62cc140480 [80081009311/0000000000400bac/00000001/00000201] dynopt_dct16_sve2_shared
Trace 0: 0x7f62cc1405c0 [80081009311/0000000000400bb0/00000001/00000201] dynopt_dct16_sve2_shared
Trace 0: 0x7f62cc140700 [80081009311/0000000000400bb4/00000001/00000201] dynopt_dct16_sve2_shared
Trace 0: 0x7f62cc140840 [80081009311/0000000000400bb8/00000001/00000201] dynopt_dct16_sve2_shared
Trace 0: 0x7f62cc140980 [80081009311/0000000000400aac/00000001/00000201] dynopt_dct16_sve2_shared
Trace 0: 0x7f62cc140b00 [80081009311/0000000000400ab0/00000001/00000201] dynopt_dct16_sve2_shared
Trace 0: 0x7f62cc140c40 [80081009311/0000000000400ab4/00000001/00000201] dynopt_dct16_sve2_shared
Trace 0: 0x7f62cc140d80 [80081009311/0000000000400ab8/00000001/00000201] dynopt_dct16_sve2_shared
Trace 0: 0x7f62cc140ec0 [80081009311/0000000000400abc/00000001/00000201] dynopt_dct16_sve2_shared
Trace 0: 0x7f62cc141040 [80081009311/0000000000400ac0/00000001/00000201] dynopt_dct16_sve2_shared
Trace 0: 0x7f62cc141180 [80081009311/0000000000400ac4/00000001/00000201] dynopt_dct16_sve2_shared
Trace 0: 0x7f62cc1412c0 [80081009311/0000000000400ac8/00000001/00000201] dynopt_dct16_sve2_shared
Trace 0: 0x7f62cc141400 [80081009311/0000000000400acc/00000001/00000201] dynopt_dct16_sve2_shared
Trace 0: 0x7f62cc141580 [80081009311/0000000000400ad0/00000001/00000201] dynopt_dct16_sve2_shared
Trace 0: 0x7f62cc1416c0 [80081009311/0000000000400ad4/00000001/00000201] dynopt_dct16_sve2_shared
Trace 0: 0x7f62cc141800 [80081009311/0000000000400ad8/00000001/00000201] dynopt_dct16_sve2_shared
Trace 0: 0x7f62cc13c080 [80081009311/0000000000400adc/00000001/00000201] dynopt_dct16_sve2_shared
Trace 0: 0x7f62cc13c1c0 [80081009311/0000000000400ae0/00000001/00000201] dynopt_dct16_sve2_shared
Trace 0: 0x7f62cc141940 [80081009311/00000000004009d0/00000001/00000201] dynopt_dct16_sve2_shared
Trace 0: 0x7f62cc141a80 [80081009311/00000000004009d4/00000001/00000201] dynopt_dct16_sve2_shared
Trace 0: 0x7f62cc141bc0 [80081009311/00000000004009d8/00000001/00000201] dynopt_dct16_sve2_shared
Trace 0: 0x7f62cc141d00 [80081009311/00000000004009dc/00000001/00000201] dynopt_dct16_sve2_shared
Trace 0: 0x7f62cc141e40 [80081009311/00000000004009e0/00000001/00000201] dynopt_dct16_sve2_shared
Trace 0: 0x7f62cc141f80 [80081009311/00000000004009e4/00000001/00000201] dynopt_dct16_sve2_shared
Trace 0: 0x7f62cc1420c0 [80081009311/00000000004009e8/00000001/00000201] dynopt_dct16_sve2_shared
Trace 0: 0x7f62cc142240 [80081009311/00000000004009ec/00000001/00000201] dynopt_dct16_sve2_shared
Trace 0: 0x7f62cc142380 [80081009311/00000000004009f0/00000001/00000201] dynopt_dct16_sve2_shared
Trace 0: 0x7f62cc1424c0 [80081009311/00000000004009f4/00000001/00000201] dynopt_dct16_sve2_shared
Trace 0: 0x7f62cc142600 [80081009311/00000000004009f8/00000001/00000201] dynopt_dct16_sve2_shared
Trace 0: 0x7f62cc142740 [80081009311/00000000004009fc/00000001/00000201] dynopt_dct16_sve2_shared
Trace 0: 0x7f62cc1428c0 [80081009311/0000000000400a00/00000001/00000201] dynopt_dct16_sve2_shared
Trace 0: 0x7f62cc142a00 [80081009311/0000000000400a04/00000001/00000201] dynopt_dct16_sve2_shared
Trace 0: 0x7f62cc142b40 [80081009311/0000000000400a08/00000001/00000201] dynopt_dct16_sve2_shared
Trace 0: 0x7f62cc142c80 [80081009311/0000000000400a0c/00000001/00000201] dynopt_dct16_sve2_shared
Trace 0: 0x7f62cc142dc0 [80081009311/0000000000400a10/00000001/00000201] dynopt_dct16_sve2_shared
Trace 0: 0x7f62cc142f00 [80081009311/0000000000400a14/00000001/00000201] dynopt_dct16_sve2_shared
Trace 0: 0x7f62cc143040 [80081009311/0000000000400a18/00000001/00000201] dynopt_dct16_sve2_shared
Trace 0: 0x7f62cc1431c0 [80081009311/0000000000400a1c/00000001/00000201] dynopt_dct16_sve2_shared
Trace 0: 0x7f62cc143300 [80081009311/0000000000400a20/00000001/00000201] dynopt_dct16_sve2_shared
Trace 0: 0x7f62cc143440 [80081009311/0000000000400a24/00000001/00000201] dynopt_dct16_sve2_shared
Trace 0: 0x7f62cc1435c0 [80081009311/0000000000400a28/00000001/00000201] dynopt_dct16_sve2_shared
Trace 0: 0x7f62cc143740 [80081009311/0000000000400a2c/00000001/00000201] dynopt_dct16_sve2_shared
Trace 0: 0x7f62cc143880 [80081009311/0000000000400a30/00000001/00000201] dynopt_dct16_sve2_shared
Trace 0: 0x7f62cc1439c0 [80081009311/0000000000400a34/00000001/00000201] dynopt_dct16_sve2_shared
Trace 0: 0x7f62cc143b00 [80081009311/0000000000400a38/00000001/00000201] dynopt_dct16_sve2_shared
Trace 0: 0x7f62cc143c80 [80081009311/0000000000400a3c/00000001/00000201] dynopt_dct16_sve2_shared
Trace 0: 0x7f62cc143dc0 [80081009311/0000000000400a40/00000001/00000201] dynopt_dct16_sve2_shared
Trace 0: 0x7f62cc143f00 [80081009311/0000000000400a44/00000001/00000201] dynopt_dct16_sve2_shared
Trace 0: 0x7f62cc144040 [80081009311/0000000000400a48/00000001/00000201] dynopt_dct16_sve2_shared
Trace 0: 0x7f62cc144180 [80081009311/0000000000400a4c/00000001/00000201] dynopt_dct16_sve2_shared
Trace 0: 0x7f62cc1442c0 [80081009311/0000000000400a50/00000001/00000201] dynopt_dct16_sve2_shared
Trace 0: 0x7f62cc144440 [80081009311/0000000000400a54/00000001/00000201] dynopt_dct16_sve2_shared
Trace 0: 0x7f62cc144580 [80081009311/0000000000400a58/00000001/00000201] dynopt_dct16_sve2_shared
Trace 0: 0x7f62cc1446c0 [80081009311/0000000000400a5c/00000001/00000201] dynopt_dct16_sve2_shared
Trace 0: 0x7f62cc144840 [80081009311/0000000000400a60/00000001/00000201] dynopt_dct16_sve2_shared
Trace 0: 0x7f62cc144980 [80081009311/0000000000400a64/00000001/00000201] dynopt_dct16_sve2_shared
Trace 0: 0x7f62cc144b00 [80081009311/0000000000400a68/00000001/00000201] dynopt_dct16_sve2_shared
Trace 0: 0x7f62cc144c40 [80081009311/0000000000400a6c/00000001/00000201] dynopt_dct16_sve2_shared
Trace 0: 0x7f62cc144d80 [80081009311/0000000000400a70/00000001/00000201] dynopt_dct16_sve2_shared
Trace 0: 0x7f62cc144f00 [80081009311/0000000000400a74/00000001/00000201] dynopt_dct16_sve2_shared
Trace 0: 0x7f62cc145040 [80081009311/0000000000400a78/00000001/00000201] dynopt_dct16_sve2_shared
Trace 0: 0x7f62cc145180 [80081009311/0000000000400a7c/00000001/00000201] dynopt_dct16_sve2_shared
Trace 0: 0x7f62cc1452c0 [80081009311/0000000000400a80/00000001/00000201] dynopt_dct16_sve2_shared
Trace 0: 0x7f62cc145440 [80081009311/0000000000400a84/00000001/00000201] dynopt_dct16_sve2_shared
Trace 0: 0x7f62cc145580 [80081009311/0000000000400a88/00000001/00000201] dynopt_dct16_sve2_shared
Trace 0: 0x7f62cc1456c0 [80081009311/0000000000400a8c/00000001/00000201] dynopt_dct16_sve2_shared
Trace 0: 0x7f62cc145800 [80081009311/0000000000400a90/00000001/00000201] dynopt_dct16_sve2_shared
Trace 0: 0x7f62cc145940 [80081009311/0000000000400a94/00000001/00000201] dynopt_dct16_sve2_shared
Trace 0: 0x7f62cc145ac0 [80081009311/0000000000400a98/00000001/00000201] dynopt_dct16_sve2_shared
Trace 0: 0x7f62cc145c00 [80081009311/0000000000400a9c/00000001/00000201] dynopt_dct16_sve2_shared
Trace 0: 0x7f62cc145d40 [80081009311/0000000000400aa0/00000001/00000201] dynopt_dct16_sve2_shared
Trace 0: 0x7f62cc145e80 [80081009311/0000000000400aa4/00000001/00000201] dynopt_dct16_sve2_shared
Trace 0: 0x7f62cc145fc0 [80081009311/0000000000400aa8/00000001/00000201] dynopt_dct16_sve2_shared
Trace 0: 0x7f62cc140980 [80081009311/0000000000400aac/00000001/00000201] dynopt_dct16_sve2_shared
Trace 0: 0x7f62cc140b00 [80081009311/0000000000400ab0/00000001/00000201] dynopt_dct16_sve2_shared
Trace 0: 0x7f62cc140c40 [80081009311/0000000000400ab4/00000001/00000201] dynopt_dct16_sve2_shared
Trace 0: 0x7f62cc140d80 [80081009311/0000000000400ab8/00000001/00000201] dynopt_dct16_sve2_shared
Trace 0: 0x7f62cc140ec0 [80081009311/0000000000400abc/00000001/00000201] dynopt_dct16_sve2_shared
Trace 0: 0x7f62cc141040 [80081009311/0000000000400ac0/00000001/00000201] dynopt_dct16_sve2_shared
Trace 0: 0x7f62cc141180 [80081009311/0000000000400ac4/00000001/00000201] dynopt_dct16_sve2_shared
Trace 0: 0x7f62cc1412c0 [80081009311/0000000000400ac8/00000001/00000201] dynopt_dct16_sve2_shared
Trace 0: 0x7f62cc141400 [80081009311/0000000000400acc/00000001/00000201] dynopt_dct16_sve2_shared
Trace 0: 0x7f62cc141580 [80081009311/0000000000400ad0/00000001/00000201] dynopt_dct16_sve2_shared
Trace 0: 0x7f62cc1416c0 [80081009311/0000000000400ad4/00000001/00000201] dynopt_dct16_sve2_shared
Trace 0: 0x7f62cc141800 [80081009311/0000000000400ad8/00000001/00000201] dynopt_dct16_sve2_shared
Trace 0: 0x7f62cc13c080 [80081009311/0000000000400adc/00000001/00000201] dynopt_dct16_sve2_shared
Trace 0: 0x7f62cc13c1c0 [80081009311/0000000000400ae0/00000001/00000201] dynopt_dct16_sve2_shared
Trace 0: 0x7f62cc13c300 [80081009311/0000000000400ae4/00000001/00000201] dynopt_dct16_sve2_shared
Trace 0: 0x7f62cc13c440 [80081009311/0000000000400ae8/00000001/00000201] dynopt_dct16_sve2_shared
Trace 0: 0x7f62cc13c580 [80081009311/0000000000400aec/00000001/00000201] dynopt_dct16_sve2_shared
Trace 0: 0x7f62cc13c6c0 [80081009311/0000000000400af0/00000001/00000201] dynopt_dct16_sve2_shared
Trace 0: 0x7f62cc13c800 [80081009311/0000000000400af4/00000001/00000201] dynopt_dct16_sve2_shared
Trace 0: 0x7f62cc13c940 [80081009311/0000000000400af8/00000001/00000201] dynopt_dct16_sve2_shared
Trace 0: 0x7f62cc13ca80 [80081009311/0000000000400afc/00000001/00000201] dynopt_dct16_sve2_shared
Trace 0: 0x7f62cc13cc00 [80081009311/0000000000400b00/00000001/00000201] dynopt_dct16_sve2_shared
Trace 0: 0x7f62cc13cd40 [80081009311/0000000000400b04/00000001/00000201] dynopt_dct16_sve2_shared
Trace 0: 0x7f62cc13ce80 [80081009311/0000000000400b08/00000001/00000201] dynopt_dct16_sve2_shared
Trace 0: 0x7f62cc13cfc0 [80081009311/0000000000400b0c/00000001/00000201] dynopt_dct16_sve2_shared
Trace 0: 0x7f62cc13d100 [80081009311/0000000000400b10/00000001/00000201] dynopt_dct16_sve2_shared
Trace 0: 0x7f62cc13d280 [80081009311/0000000000400b14/00000001/00000201] dynopt_dct16_sve2_shared
Trace 0: 0x7f62cc13d3c0 [80081009311/0000000000400b18/00000001/00000201] dynopt_dct16_sve2_shared
Trace 0: 0x7f62cc13d500 [80081009311/0000000000400b1c/00000001/00000201] dynopt_dct16_sve2_shared
Trace 0: 0x7f62cc13d640 [80081009311/0000000000400b20/00000001/00000201] dynopt_dct16_sve2_shared
Trace 0: 0x7f62cc13d780 [80081009311/0000000000400b24/00000001/00000201] dynopt_dct16_sve2_shared
Trace 0: 0x7f62cc13d8c0 [80081009311/0000000000400b28/00000001/00000201] dynopt_dct16_sve2_shared
Trace 0: 0x7f62cc13da00 [80081009311/0000000000400b2c/00000001/00000201] dynopt_dct16_sve2_shared
Trace 0: 0x7f62cc13db40 [80081009311/0000000000400b30/00000001/00000201] dynopt_dct16_sve2_shared
Trace 0: 0x7f62cc13dcc0 [80081009311/0000000000400b34/00000001/00000201] dynopt_dct16_sve2_shared
Trace 0: 0x7f62cc13de00 [80081009311/0000000000400b38/00000001/00000201] dynopt_dct16_sve2_shared
Trace 0: 0x7f62cc13df40 [80081009311/0000000000400b3c/00000001/00000201] dynopt_dct16_sve2_shared
Trace 0: 0x7f62cc13e0c0 [80081009311/0000000000400b40/00000001/00000201] dynopt_dct16_sve2_shared
Trace 0: 0x7f62cc13e240 [80081009311/0000000000400b44/00000001/00000201] dynopt_dct16_sve2_shared
Trace 0: 0x7f62cc13e380 [80081009311/0000000000400b48/00000001/00000201] dynopt_dct16_sve2_shared
Trace 0: 0x7f62cc13e4c0 [80081009311/0000000000400b4c/00000001/00000201] dynopt_dct16_sve2_shared
Trace 0: 0x7f62cc13e600 [80081009311/0000000000400b50/00000001/00000201] dynopt_dct16_sve2_shared
Trace 0: 0x7f62cc13e780 [80081009311/0000000000400b54/00000001/00000201] dynopt_dct16_sve2_shared
Trace 0: 0x7f62cc13e8c0 [80081009311/0000000000400b58/00000001/00000201] dynopt_dct16_sve2_shared
Trace 0: 0x7f62cc13ea00 [80081009311/0000000000400b5c/00000001/00000201] dynopt_dct16_sve2_shared
Trace 0: 0x7f62cc13eb40 [80081009311/0000000000400b60/00000001/00000201] dynopt_dct16_sve2_shared
Trace 0: 0x7f62cc13ec80 [80081009311/0000000000400b64/00000001/00000201] dynopt_dct16_sve2_shared
Trace 0: 0x7f62cc13edc0 [80081009311/0000000000400b68/00000001/00000201] dynopt_dct16_sve2_shared
Trace 0: 0x7f62cc13ef40 [80081009311/0000000000400b6c/00000001/00000201] dynopt_dct16_sve2_shared
Trace 0: 0x7f62cc13f080 [80081009311/0000000000400b70/00000001/00000201] dynopt_dct16_sve2_shared
Trace 0: 0x7f62cc13f1c0 [80081009311/0000000000400b74/00000001/00000201] dynopt_dct16_sve2_shared
Trace 0: 0x7f62cc13f340 [80081009311/0000000000400b78/00000001/00000201] dynopt_dct16_sve2_shared
Trace 0: 0x7f62cc13f480 [80081009311/0000000000400b7c/00000001/00000201] dynopt_dct16_sve2_shared
Trace 0: 0x7f62cc13f600 [80081009311/0000000000400b80/00000001/00000201] dynopt_dct16_sve2_shared
Trace 0: 0x7f62cc13f740 [80081009311/0000000000400b84/00000001/00000201] dynopt_dct16_sve2_shared
Trace 0: 0x7f62cc13f880 [80081009311/0000000000400b88/00000001/00000201] dynopt_dct16_sve2_shared
Trace 0: 0x7f62cc13fa00 [80081009311/0000000000400b8c/00000001/00000201] dynopt_dct16_sve2_shared
Trace 0: 0x7f62cc13fb40 [80081009311/0000000000400b90/00000001/00000201] dynopt_dct16_sve2_shared
Trace 0: 0x7f62cc13fc80 [80081009311/0000000000400b94/00000001/00000201] dynopt_dct16_sve2_shared
Trace 0: 0x7f62cc13fdc0 [80081009311/0000000000400b98/00000001/00000201] dynopt_dct16_sve2_shared
Trace 0: 0x7f62cc13ff00 [80081009311/0000000000400b9c/00000001/00000201] dynopt_dct16_sve2_shared
Trace 0: 0x7f62cc140040 [80081009311/0000000000400ba0/00000001/00000201] dynopt_dct16_sve2_shared
Trace 0: 0x7f62cc140180 [80081009311/0000000000400ba4/00000001/00000201] dynopt_dct16_sve2_shared
Trace 0: 0x7f62cc140300 [80081009311/0000000000400ba8/00000001/00000201] dynopt_dct16_sve2_shared
Trace 0: 0x7f62cc140480 [80081009311/0000000000400bac/00000001/00000201] dynopt_dct16_sve2_shared
Trace 0: 0x7f62cc1405c0 [80081009311/0000000000400bb0/00000001/00000201] dynopt_dct16_sve2_shared
Trace 0: 0x7f62cc140700 [80081009311/0000000000400bb4/00000001/00000201] dynopt_dct16_sve2_shared
Trace 0: 0x7f62cc140840 [80081009311/0000000000400bb8/00000001/00000201] dynopt_dct16_sve2_shared
Trace 0: 0x7f62cc140980 [80081009311/0000000000400aac/00000001/00000201] dynopt_dct16_sve2_shared
Trace 0: 0x7f62cc140b00 [80081009311/0000000000400ab0/00000001/00000201] dynopt_dct16_sve2_shared
Trace 0: 0x7f62cc140c40 [80081009311/0000000000400ab4/00000001/00000201] dynopt_dct16_sve2_shared
Trace 0: 0x7f62cc140d80 [80081009311/0000000000400ab8/00000001/00000201] dynopt_dct16_sve2_shared
Trace 0: 0x7f62cc140ec0 [80081009311/0000000000400abc/00000001/00000201] dynopt_dct16_sve2_shared
Trace 0: 0x7f62cc141040 [80081009311/0000000000400ac0/00000001/00000201] dynopt_dct16_sve2_shared
Trace 0: 0x7f62cc141180 [80081009311/0000000000400ac4/00000001/00000201] dynopt_dct16_sve2_shared
Trace 0: 0x7f62cc1412c0 [80081009311/0000000000400ac8/00000001/00000201] dynopt_dct16_sve2_shared
Trace 0: 0x7f62cc141400 [80081009311/0000000000400acc/00000001/00000201] dynopt_dct16_sve2_shared
Trace 0: 0x7f62cc141580 [80081009311/0000000000400ad0/00000001/00000201] dynopt_dct16_sve2_shared
Trace 0: 0x7f62cc1416c0 [80081009311/0000000000400ad4/00000001/00000201] dynopt_dct16_sve2_shared
Trace 0: 0x7f62cc141800 [80081009311/0000000000400ad8/00000001/00000201] dynopt_dct16_sve2_shared
Trace 0: 0x7f62cc13c080 [80081009311/0000000000400adc/00000001/00000201] dynopt_dct16_sve2_shared
Trace 0: 0x7f62cc13c1c0 [80081009311/0000000000400ae0/00000001/00000201] dynopt_dct16_sve2_shared
Trace 0: 0x7f62cc141940 [80081009311/00000000004009d0/00000001/00000201] dynopt_dct16_sve2_shared
Trace 0: 0x7f62cc141a80 [80081009311/00000000004009d4/00000001/00000201] dynopt_dct16_sve2_shared
Trace 0: 0x7f62cc141bc0 [80081009311/00000000004009d8/00000001/00000201] dynopt_dct16_sve2_shared
Trace 0: 0x7f62cc141d00 [80081009311/00000000004009dc/00000001/00000201] dynopt_dct16_sve2_shared
Trace 0: 0x7f62cc141e40 [80081009311/00000000004009e0/00000001/00000201] dynopt_dct16_sve2_shared
Trace 0: 0x7f62cc141f80 [80081009311/00000000004009e4/00000001/00000201] dynopt_dct16_sve2_shared
Trace 0: 0x7f62cc1420c0 [80081009311/00000000004009e8/00000001/00000201] dynopt_dct16_sve2_shared
Trace 0: 0x7f62cc142240 [80081009311/00000000004009ec/00000001/00000201] dynopt_dct16_sve2_shared
Trace 0: 0x7f62cc142380 [80081009311/00000000004009f0/00000001/00000201] dynopt_dct16_sve2_shared
Trace 0: 0x7f62cc1424c0 [80081009311/00000000004009f4/00000001/00000201] dynopt_dct16_sve2_shared
Trace 0: 0x7f62cc142600 [80081009311/00000000004009f8/00000001/00000201] dynopt_dct16_sve2_shared
Trace 0: 0x7f62cc142740 [80081009311/00000000004009fc/00000001/00000201] dynopt_dct16_sve2_shared
Trace 0: 0x7f62cc1428c0 [80081009311/0000000000400a00/00000001/00000201] dynopt_dct16_sve2_shared
Trace 0: 0x7f62cc142a00 [80081009311/0000000000400a04/00000001/00000201] dynopt_dct16_sve2_shared
Trace 0: 0x7f62cc142b40 [80081009311/0000000000400a08/00000001/00000201] dynopt_dct16_sve2_shared
Trace 0: 0x7f62cc142c80 [80081009311/0000000000400a0c/00000001/00000201] dynopt_dct16_sve2_shared
Trace 0: 0x7f62cc142dc0 [80081009311/0000000000400a10/00000001/00000201] dynopt_dct16_sve2_shared
Trace 0: 0x7f62cc142f00 [80081009311/0000000000400a14/00000001/00000201] dynopt_dct16_sve2_shared
Trace 0: 0x7f62cc143040 [80081009311/0000000000400a18/00000001/00000201] dynopt_dct16_sve2_shared
Trace 0: 0x7f62cc1431c0 [80081009311/0000000000400a1c/00000001/00000201] dynopt_dct16_sve2_shared
Trace 0: 0x7f62cc143300 [80081009311/0000000000400a20/00000001/00000201] dynopt_dct16_sve2_shared
Trace 0: 0x7f62cc143440 [80081009311/0000000000400a24/00000001/00000201] dynopt_dct16_sve2_shared
Trace 0: 0x7f62cc1435c0 [80081009311/0000000000400a28/00000001/00000201] dynopt_dct16_sve2_shared
Trace 0: 0x7f62cc143740 [80081009311/0000000000400a2c/00000001/00000201] dynopt_dct16_sve2_shared
Trace 0: 0x7f62cc143880 [80081009311/0000000000400a30/00000001/00000201] dynopt_dct16_sve2_shared
Trace 0: 0x7f62cc1439c0 [80081009311/0000000000400a34/00000001/00000201] dynopt_dct16_sve2_shared
Trace 0: 0x7f62cc143b00 [80081009311/0000000000400a38/00000001/00000201] dynopt_dct16_sve2_shared
Trace 0: 0x7f62cc143c80 [80081009311/0000000000400a3c/00000001/00000201] dynopt_dct16_sve2_shared
Trace 0: 0x7f62cc143dc0 [80081009311/0000000000400a40/00000001/00000201] dynopt_dct16_sve2_shared
Trace 0: 0x7f62cc143f00 [80081009311/0000000000400a44/00000001/00000201] dynopt_dct16_sve2_shared
Trace 0: 0x7f62cc144040 [80081009311/0000000000400a48/00000001/00000201] dynopt_dct16_sve2_shared
Trace 0: 0x7f62cc144180 [80081009311/0000000000400a4c/00000001/00000201] dynopt_dct16_sve2_shared
Trace 0: 0x7f62cc1442c0 [80081009311/0000000000400a50/00000001/00000201] dynopt_dct16_sve2_shared
Trace 0: 0x7f62cc144440 [80081009311/0000000000400a54/00000001/00000201] dynopt_dct16_sve2_shared
Trace 0: 0x7f62cc144580 [80081009311/0000000000400a58/00000001/00000201] dynopt_dct16_sve2_shared
Trace 0: 0x7f62cc1446c0 [80081009311/0000000000400a5c/00000001/00000201] dynopt_dct16_sve2_shared
Trace 0: 0x7f62cc144840 [80081009311/0000000000400a60/00000001/00000201] dynopt_dct16_sve2_shared
Trace 0: 0x7f62cc144980 [80081009311/0000000000400a64/00000001/00000201] dynopt_dct16_sve2_shared
Trace 0: 0x7f62cc144b00 [80081009311/0000000000400a68/00000001/00000201] dynopt_dct16_sve2_shared
Trace 0: 0x7f62cc144c40 [80081009311/0000000000400a6c/00000001/00000201] dynopt_dct16_sve2_shared
Trace 0: 0x7f62cc144d80 [80081009311/0000000000400a70/00000001/00000201] dynopt_dct16_sve2_shared
Trace 0: 0x7f62cc144f00 [80081009311/0000000000400a74/00000001/00000201] dynopt_dct16_sve2_shared
Trace 0: 0x7f62cc145040 [80081009311/0000000000400a78/00000001/00000201] dynopt_dct16_sve2_shared
Trace 0: 0x7f62cc145180 [80081009311/0000000000400a7c/00000001/00000201] dynopt_dct16_sve2_shared
Trace 0: 0x7f62cc1452c0 [80081009311/0000000000400a80/00000001/00000201] dynopt_dct16_sve2_shared
Trace 0: 0x7f62cc145440 [80081009311/0000000000400a84/00000001/00000201] dynopt_dct16_sve2_shared
Trace 0: 0x7f62cc145580 [80081009311/0000000000400a88/00000001/00000201] dynopt_dct16_sve2_shared
Trace 0: 0x7f62cc1456c0 [80081009311/0000000000400a8c/00000001/00000201] dynopt_dct16_sve2_shared
Trace 0: 0x7f62cc145800 [80081009311/0000000000400a90/00000001/00000201] dynopt_dct16_sve2_shared
Trace 0: 0x7f62cc145940 [80081009311/0000000000400a94/00000001/00000201] dynopt_dct16_sve2_shared
Trace 0: 0x7f62cc145ac0 [80081009311/0000000000400a98/00000001/00000201] dynopt_dct16_sve2_shared
Trace 0: 0x7f62cc145c00 [80081009311/0000000000400a9c/00000001/00000201] dynopt_dct16_sve2_shared
Trace 0: 0x7f62cc145d40 [80081009311/0000000000400aa0/00000001/00000201] dynopt_dct16_sve2_shared
Trace 0: 0x7f62cc145e80 [80081009311/0000000000400aa4/00000001/00000201] dynopt_dct16_sve2_shared
Trace 0: 0x7f62cc145fc0 [80081009311/0000000000400aa8/00000001/00000201] dynopt_dct16_sve2_shared
Trace 0: 0x7f62cc140980 [80081009311/0000000000400aac/00000001/00000201] dynopt_dct16_sve2_shared
Trace 0: 0x7f62cc140b00 [80081009311/0000000000400ab0/00000001/00000201] dynopt_dct16_sve2_shared
Trace 0: 0x7f62cc140c40 [80081009311/0000000000400ab4/00000001/00000201] dynopt_dct16_sve2_shared
Trace 0: 0x7f62cc140d80 [80081009311/0000000000400ab8/00000001/00000201] dynopt_dct16_sve2_shared
Trace 0: 0x7f62cc140ec0 [80081009311/0000000000400abc/00000001/00000201] dynopt_dct16_sve2_shared
Trace 0: 0x7f62cc141040 [80081009311/0000000000400ac0/00000001/00000201] dynopt_dct16_sve2_shared
Trace 0: 0x7f62cc141180 [80081009311/0000000000400ac4/00000001/00000201] dynopt_dct16_sve2_shared
Trace 0: 0x7f62cc1412c0 [80081009311/0000000000400ac8/00000001/00000201] dynopt_dct16_sve2_shared
Trace 0: 0x7f62cc141400 [80081009311/0000000000400acc/00000001/00000201] dynopt_dct16_sve2_shared
Trace 0: 0x7f62cc141580 [80081009311/0000000000400ad0/00000001/00000201] dynopt_dct16_sve2_shared
Trace 0: 0x7f62cc1416c0 [80081009311/0000000000400ad4/00000001/00000201] dynopt_dct16_sve2_shared
Trace 0: 0x7f62cc141800 [80081009311/0000000000400ad8/00000001/00000201] dynopt_dct16_sve2_shared
----------------
IN: dynopt_dct16_sve2_shared
0x00400bbc:  9116c0c0  add      x0, x6, #0x5b0

Trace 0: 0x7f62cc146140 [80081009311/0000000000400bbc/00000001/00000201] dynopt_dct16_sve2_shared
----------------
IN: dynopt_dct16_sve2_shared
0x00400bc0:  043f50e8  addvl    x8, sp, #7

Trace 0: 0x7f62cc146280 [80081009311/0000000000400bc0/00000001/00000201] dynopt_dct16_sve2_shared
----------------
IN: dynopt_dct16_sve2_shared
0x00400bc4:  043f50e7  addvl    x7, sp, #7

Trace 0: 0x7f62cc1463c0 [80081009311/0000000000400bc4/00000001/00000201] dynopt_dct16_sve2_shared
----------------
IN: dynopt_dct16_sve2_shared
0x00400bc8:  91050108  add      x8, x8, #0x140

Trace 0: 0x7f62cc146500 [80081009311/0000000000400bc8/00000001/00000201] dynopt_dct16_sve2_shared
----------------
IN: dynopt_dct16_sve2_shared
0x00400bcc:  910900e7  add      x7, x7, #0x240

Trace 0: 0x7f62cc146640 [80081009311/0000000000400bcc/00000001/00000201] dynopt_dct16_sve2_shared
----------------
IN: dynopt_dct16_sve2_shared
0x00400bd0:  043f50eb  addvl    x11, sp, #7

Trace 0: 0x7f62cc146780 [80081009311/0000000000400bd0/00000001/00000201] dynopt_dct16_sve2_shared
----------------
IN: dynopt_dct16_sve2_shared
0x00400bd4:  043f50ea  addvl    x10, sp, #7

Trace 0: 0x7f62cc1468c0 [80081009311/0000000000400bd4/00000001/00000201] dynopt_dct16_sve2_shared
----------------
IN: dynopt_dct16_sve2_shared
0x00400bd8:  aa0703e5  mov      x5, x7

Trace 0: 0x7f62cc146a00 [80081009311/0000000000400bd8/00000001/00000201] dynopt_dct16_sve2_shared
----------------
IN: dynopt_dct16_sve2_shared
0x00400bdc:  ad49781f  ldp      q31, q30, [x0, #0x120]

Trace 0: 0x7f62cc146b40 [80081009311/0000000000400bdc/00000001/00000201] dynopt_dct16_sve2_shared
----------------
IN: dynopt_dct16_sve2_shared
0x00400be0:  aa0803e3  mov      x3, x8

Trace 0: 0x7f62cc146cc0 [80081009311/0000000000400be0/00000001/00000201] dynopt_dct16_sve2_shared
----------------
IN: dynopt_dct16_sve2_shared
0x00400be4:  9101016b  add      x11, x11, #0x40

Trace 0: 0x7f62cc146e00 [80081009311/0000000000400be4/00000001/00000201] dynopt_dct16_sve2_shared
----------------
IN: dynopt_dct16_sve2_shared
0x00400be8:  9103014a  add      x10, x10, #0xc0

Trace 0: 0x7f62cc146f40 [80081009311/0000000000400be8/00000001/00000201] dynopt_dct16_sve2_shared
----------------
IN: dynopt_dct16_sve2_shared
0x00400bec:  52800002  mov      w2, #0

Trace 0: 0x7f62cc147080 [80081009311/0000000000400bec/00000001/00000201] dynopt_dct16_sve2_shared
----------------
IN: dynopt_dct16_sve2_shared
0x00400bf0:  ad40709d  ldp      q29, q28, [x4]

Trace 0: 0x7f62cc1471c0 [80081009311/0000000000400bf0/00000001/00000201] dynopt_dct16_sve2_shared
----------------
IN: dynopt_dct16_sve2_shared
0x00400bf4:  13017c40  asr      w0, w2, #1

Trace 0: 0x7f62cc147340 [80081009311/0000000000400bf4/00000001/00000201] dynopt_dct16_sve2_shared
----------------
IN: dynopt_dct16_sve2_shared
0x00400bf8:  ad410c9b  ldp      q27, q3, [x4, #0x20]

Trace 0: 0x7f62cc147480 [80081009311/0000000000400bf8/00000001/00000201] dynopt_dct16_sve2_shared
----------------
IN: dynopt_dct16_sve2_shared
0x00400bfc:  937c7c00  sbfiz    x0, x0, #4, #0x20

Trace 0: 0x7f62cc147600 [80081009311/0000000000400bfc/00000001/00000201] dynopt_dct16_sve2_shared
----------------
IN: dynopt_dct16_sve2_shared
0x00400c00:  4e1f139c  tbx      v28.16b, {v28.16b}, v31.16b

Trace 0: 0x7f62cc147740 [80081009311/0000000000400c00/00000001/00000201] dynopt_dct16_sve2_shared
----------------
IN: dynopt_dct16_sve2_shared
0x00400c04:  11000842  add      w2, w2, #2

Trace 0: 0x7f62cc147880 [80081009311/0000000000400c04/00000001/00000201] dynopt_dct16_sve2_shared
----------------
IN: dynopt_dct16_sve2_shared
0x00400c08:  91010084  add      x4, x4, #0x40

Trace 0: 0x7f62cc1479c0 [80081009311/0000000000400c08/00000001/00000201] dynopt_dct16_sve2_shared
----------------
IN: dynopt_dct16_sve2_shared
0x00400c0c:  4e1f1063  tbx      v3.16b, {v3.16b}, v31.16b

Trace 0: 0x7f62cc147b00 [80081009311/0000000000400c0c/00000001/00000201] dynopt_dct16_sve2_shared
----------------
IN: dynopt_dct16_sve2_shared
0x00400c10:  4e7c03a0  saddl2   v0.4s, v29.8h, v28.8h

Trace 0: 0x7f62cc147c40 [80081009311/0000000000400c10/00000001/00000201] dynopt_dct16_sve2_shared
----------------
IN: dynopt_dct16_sve2_shared
0x00400c14:  0e7c03b9  saddl    v25.4s, v29.4h, v28.4h

Trace 0: 0x7f62cc147dc0 [80081009311/0000000000400c14/00000001/00000201] dynopt_dct16_sve2_shared
----------------
IN: dynopt_dct16_sve2_shared
0x00400c18:  4e630376  saddl2   v22.4s, v27.8h, v3.8h

Trace 0: 0x7f62cc147f40 [80081009311/0000000000400c18/00000001/00000201] dynopt_dct16_sve2_shared
----------------
IN: dynopt_dct16_sve2_shared
0x00400c1c:  0e630377  saddl    v23.4s, v27.4h, v3.4h

Trace 0: 0x7f62cc1480c0 [80081009311/0000000000400c1c/00000001/00000201] dynopt_dct16_sve2_shared
----------------
IN: dynopt_dct16_sve2_shared
0x00400c20:  4e1e1000  tbx      v0.16b, {v0.16b}, v30.16b

Trace 0: 0x7f62cc148240 [80081009311/0000000000400c20/00000001/00000201] dynopt_dct16_sve2_shared
----------------
IN: dynopt_dct16_sve2_shared
0x00400c24:  6e7c87bc  sub      v28.8h, v29.8h, v28.8h

Trace 0: 0x7f62cc148380 [80081009311/0000000000400c24/00000001/00000201] dynopt_dct16_sve2_shared
----------------
IN: dynopt_dct16_sve2_shared
0x00400c28:  4e1e12d6  tbx      v22.16b, {v22.16b}, v30.16b

Trace 0: 0x7f62cc1484c0 [80081009311/0000000000400c28/00000001/00000201] dynopt_dct16_sve2_shared
----------------
IN: dynopt_dct16_sve2_shared
0x00400c2c:  6e638763  sub      v3.8h, v27.8h, v3.8h

Trace 0: 0x7f62cc148600 [80081009311/0000000000400c2c/00000001/00000201] dynopt_dct16_sve2_shared
----------------
IN: dynopt_dct16_sve2_shared
0x00400c30:  6ea08722  sub      v2.4s, v25.4s, v0.4s

Trace 0: 0x7f62cc148740 [80081009311/0000000000400c30/00000001/00000201] dynopt_dct16_sve2_shared
----------------
IN: dynopt_dct16_sve2_shared
0x00400c34:  4ea08720  add      v0.4s, v25.4s, v0.4s

Trace 0: 0x7f62cc148880 [80081009311/0000000000400c34/00000001/00000201] dynopt_dct16_sve2_shared
----------------
IN: dynopt_dct16_sve2_shared
0x00400c38:  6eb686e1  sub      v1.4s, v23.4s, v22.4s

Trace 0: 0x7f62cc1489c0 [80081009311/0000000000400c38/00000001/00000201] dynopt_dct16_sve2_shared
----------------
IN: dynopt_dct16_sve2_shared
0x00400c3c:  4eb686f6  add      v22.4s, v23.4s, v22.4s

Trace 0: 0x7f62cc148b00 [80081009311/0000000000400c3c/00000001/00000201] dynopt_dct16_sve2_shared
----------------
IN: dynopt_dct16_sve2_shared
0x00400c40:  ac810c7c  stp      q28, q3, [x3], #0x20

Trace 0: 0x7f62cc148c40 [80081009311/0000000000400c40/00000001/00000201] dynopt_dct16_sve2_shared
----------------
IN: dynopt_dct16_sve2_shared
0x00400c44:  ac8104a2  stp      q2, q1, [x5], #0x20

Trace 0: 0x7f62cc148dc0 [80081009311/0000000000400c44/00000001/00000201] dynopt_dct16_sve2_shared
----------------
IN: dynopt_dct16_sve2_shared
0x00400c48:  4ed6381a  zip1     v26.2d, v0.2d, v22.2d

Trace 0: 0x7f62cc148f40 [80081009311/0000000000400c48/00000001/00000201] dynopt_dct16_sve2_shared
----------------
IN: dynopt_dct16_sve2_shared
0x00400c4c:  4ed67816  zip2     v22.2d, v0.2d, v22.2d

Trace 0: 0x7f62cc149080 [80081009311/0000000000400c4c/00000001/00000201] dynopt_dct16_sve2_shared
----------------
IN: dynopt_dct16_sve2_shared
0x00400c50:  4ea00ad6  rev64    v22.4s, v22.4s

Trace 0: 0x7f62cc1491c0 [80081009311/0000000000400c50/00000001/00000201] dynopt_dct16_sve2_shared
----------------
IN: dynopt_dct16_sve2_shared
0x00400c54:  4eba86d8  add      v24.4s, v22.4s, v26.4s

Trace 0: 0x7f62cc149300 [80081009311/0000000000400c54/00000001/00000201] dynopt_dct16_sve2_shared
----------------
IN: dynopt_dct16_sve2_shared
0x00400c58:  6eb68756  sub      v22.4s, v26.4s, v22.4s

Trace 0: 0x7f62cc149440 [80081009311/0000000000400c58/00000001/00000201] dynopt_dct16_sve2_shared
----------------
IN: dynopt_dct16_sve2_shared
0x00400c5c:  3ca06978  str      q24, [x11, x0]

Trace 0: 0x7f62cc149580 [80081009311/0000000000400c5c/00000001/00000201] dynopt_dct16_sve2_shared
----------------
IN: dynopt_dct16_sve2_shared
0x00400c60:  3ca06956  str      q22, [x10, x0]

Trace 0: 0x7f62cc1496c0 [80081009311/0000000000400c60/00000001/00000201] dynopt_dct16_sve2_shared
----------------
IN: dynopt_dct16_sve2_shared
0x00400c64:  7100405f  cmp      w2, #0x10

Trace 0: 0x7f62cc149800 [80081009311/0000000000400c64/00000001/00000201] dynopt_dct16_sve2_shared
----------------
IN: dynopt_dct16_sve2_shared
0x00400c68:  54fffc41  b.ne     #0x400bf0

Trace 0: 0x7f62cc149940 [80081009311/0000000000400c68/00000001/00000201] dynopt_dct16_sve2_shared
Trace 0: 0x7f62cc1471c0 [80081009311/0000000000400bf0/00000001/00000201] dynopt_dct16_sve2_shared
Trace 0: 0x7f62cc147340 [80081009311/0000000000400bf4/00000001/00000201] dynopt_dct16_sve2_shared
Trace 0: 0x7f62cc147480 [80081009311/0000000000400bf8/00000001/00000201] dynopt_dct16_sve2_shared
Trace 0: 0x7f62cc147600 [80081009311/0000000000400bfc/00000001/00000201] dynopt_dct16_sve2_shared
Trace 0: 0x7f62cc147740 [80081009311/0000000000400c00/00000001/00000201] dynopt_dct16_sve2_shared
Trace 0: 0x7f62cc147880 [80081009311/0000000000400c04/00000001/00000201] dynopt_dct16_sve2_shared
Trace 0: 0x7f62cc1479c0 [80081009311/0000000000400c08/00000001/00000201] dynopt_dct16_sve2_shared
Trace 0: 0x7f62cc147b00 [80081009311/0000000000400c0c/00000001/00000201] dynopt_dct16_sve2_shared
Trace 0: 0x7f62cc147c40 [80081009311/0000000000400c10/00000001/00000201] dynopt_dct16_sve2_shared
Trace 0: 0x7f62cc147dc0 [80081009311/0000000000400c14/00000001/00000201] dynopt_dct16_sve2_shared
Trace 0: 0x7f62cc147f40 [80081009311/0000000000400c18/00000001/00000201] dynopt_dct16_sve2_shared
Trace 0: 0x7f62cc1480c0 [80081009311/0000000000400c1c/00000001/00000201] dynopt_dct16_sve2_shared
Trace 0: 0x7f62cc148240 [80081009311/0000000000400c20/00000001/00000201] dynopt_dct16_sve2_shared
Trace 0: 0x7f62cc148380 [80081009311/0000000000400c24/00000001/00000201] dynopt_dct16_sve2_shared
Trace 0: 0x7f62cc1484c0 [80081009311/0000000000400c28/00000001/00000201] dynopt_dct16_sve2_shared
Trace 0: 0x7f62cc148600 [80081009311/0000000000400c2c/00000001/00000201] dynopt_dct16_sve2_shared
Trace 0: 0x7f62cc148740 [80081009311/0000000000400c30/00000001/00000201] dynopt_dct16_sve2_shared
Trace 0: 0x7f62cc148880 [80081009311/0000000000400c34/00000001/00000201] dynopt_dct16_sve2_shared
Trace 0: 0x7f62cc1489c0 [80081009311/0000000000400c38/00000001/00000201] dynopt_dct16_sve2_shared
Trace 0: 0x7f62cc148b00 [80081009311/0000000000400c3c/00000001/00000201] dynopt_dct16_sve2_shared
Trace 0: 0x7f62cc148c40 [80081009311/0000000000400c40/00000001/00000201] dynopt_dct16_sve2_shared
Trace 0: 0x7f62cc148dc0 [80081009311/0000000000400c44/00000001/00000201] dynopt_dct16_sve2_shared
Trace 0: 0x7f62cc148f40 [80081009311/0000000000400c48/00000001/00000201] dynopt_dct16_sve2_shared
Trace 0: 0x7f62cc149080 [80081009311/0000000000400c4c/00000001/00000201] dynopt_dct16_sve2_shared
Trace 0: 0x7f62cc1491c0 [80081009311/0000000000400c50/00000001/00000201] dynopt_dct16_sve2_shared
Trace 0: 0x7f62cc149300 [80081009311/0000000000400c54/00000001/00000201] dynopt_dct16_sve2_shared
Trace 0: 0x7f62cc149440 [80081009311/0000000000400c58/00000001/00000201] dynopt_dct16_sve2_shared
Trace 0: 0x7f62cc149580 [80081009311/0000000000400c5c/00000001/00000201] dynopt_dct16_sve2_shared
Trace 0: 0x7f62cc1496c0 [80081009311/0000000000400c60/00000001/00000201] dynopt_dct16_sve2_shared
Trace 0: 0x7f62cc149800 [80081009311/0000000000400c64/00000001/00000201] dynopt_dct16_sve2_shared
Trace 0: 0x7f62cc149940 [80081009311/0000000000400c68/00000001/00000201] dynopt_dct16_sve2_shared
Trace 0: 0x7f62cc1471c0 [80081009311/0000000000400bf0/00000001/00000201] dynopt_dct16_sve2_shared
Trace 0: 0x7f62cc147340 [80081009311/0000000000400bf4/00000001/00000201] dynopt_dct16_sve2_shared
Trace 0: 0x7f62cc147480 [80081009311/0000000000400bf8/00000001/00000201] dynopt_dct16_sve2_shared
Trace 0: 0x7f62cc147600 [80081009311/0000000000400bfc/00000001/00000201] dynopt_dct16_sve2_shared
Trace 0: 0x7f62cc147740 [80081009311/0000000000400c00/00000001/00000201] dynopt_dct16_sve2_shared
Trace 0: 0x7f62cc147880 [80081009311/0000000000400c04/00000001/00000201] dynopt_dct16_sve2_shared
Trace 0: 0x7f62cc1479c0 [80081009311/0000000000400c08/00000001/00000201] dynopt_dct16_sve2_shared
Trace 0: 0x7f62cc147b00 [80081009311/0000000000400c0c/00000001/00000201] dynopt_dct16_sve2_shared
Trace 0: 0x7f62cc147c40 [80081009311/0000000000400c10/00000001/00000201] dynopt_dct16_sve2_shared
Trace 0: 0x7f62cc147dc0 [80081009311/0000000000400c14/00000001/00000201] dynopt_dct16_sve2_shared
Trace 0: 0x7f62cc147f40 [80081009311/0000000000400c18/00000001/00000201] dynopt_dct16_sve2_shared
Trace 0: 0x7f62cc1480c0 [80081009311/0000000000400c1c/00000001/00000201] dynopt_dct16_sve2_shared
Trace 0: 0x7f62cc148240 [80081009311/0000000000400c20/00000001/00000201] dynopt_dct16_sve2_shared
Trace 0: 0x7f62cc148380 [80081009311/0000000000400c24/00000001/00000201] dynopt_dct16_sve2_shared
Trace 0: 0x7f62cc1484c0 [80081009311/0000000000400c28/00000001/00000201] dynopt_dct16_sve2_shared
Trace 0: 0x7f62cc148600 [80081009311/0000000000400c2c/00000001/00000201] dynopt_dct16_sve2_shared
Trace 0: 0x7f62cc148740 [80081009311/0000000000400c30/00000001/00000201] dynopt_dct16_sve2_shared
Trace 0: 0x7f62cc148880 [80081009311/0000000000400c34/00000001/00000201] dynopt_dct16_sve2_shared
Trace 0: 0x7f62cc1489c0 [80081009311/0000000000400c38/00000001/00000201] dynopt_dct16_sve2_shared
Trace 0: 0x7f62cc148b00 [80081009311/0000000000400c3c/00000001/00000201] dynopt_dct16_sve2_shared
Trace 0: 0x7f62cc148c40 [80081009311/0000000000400c40/00000001/00000201] dynopt_dct16_sve2_shared
Trace 0: 0x7f62cc148dc0 [80081009311/0000000000400c44/00000001/00000201] dynopt_dct16_sve2_shared
Trace 0: 0x7f62cc148f40 [80081009311/0000000000400c48/00000001/00000201] dynopt_dct16_sve2_shared
Trace 0: 0x7f62cc149080 [80081009311/0000000000400c4c/00000001/00000201] dynopt_dct16_sve2_shared
Trace 0: 0x7f62cc1491c0 [80081009311/0000000000400c50/00000001/00000201] dynopt_dct16_sve2_shared
Trace 0: 0x7f62cc149300 [80081009311/0000000000400c54/00000001/00000201] dynopt_dct16_sve2_shared
Trace 0: 0x7f62cc149440 [80081009311/0000000000400c58/00000001/00000201] dynopt_dct16_sve2_shared
Trace 0: 0x7f62cc149580 [80081009311/0000000000400c5c/00000001/00000201] dynopt_dct16_sve2_shared
Trace 0: 0x7f62cc1496c0 [80081009311/0000000000400c60/00000001/00000201] dynopt_dct16_sve2_shared
Trace 0: 0x7f62cc149800 [80081009311/0000000000400c64/00000001/00000201] dynopt_dct16_sve2_shared
Trace 0: 0x7f62cc149940 [80081009311/0000000000400c68/00000001/00000201] dynopt_dct16_sve2_shared
Trace 0: 0x7f62cc1471c0 [80081009311/0000000000400bf0/00000001/00000201] dynopt_dct16_sve2_shared
Trace 0: 0x7f62cc147340 [80081009311/0000000000400bf4/00000001/00000201] dynopt_dct16_sve2_shared
Trace 0: 0x7f62cc147480 [80081009311/0000000000400bf8/00000001/00000201] dynopt_dct16_sve2_shared
Trace 0: 0x7f62cc147600 [80081009311/0000000000400bfc/00000001/00000201] dynopt_dct16_sve2_shared
Trace 0: 0x7f62cc147740 [80081009311/0000000000400c00/00000001/00000201] dynopt_dct16_sve2_shared
Trace 0: 0x7f62cc147880 [80081009311/0000000000400c04/00000001/00000201] dynopt_dct16_sve2_shared
Trace 0: 0x7f62cc1479c0 [80081009311/0000000000400c08/00000001/00000201] dynopt_dct16_sve2_shared
Trace 0: 0x7f62cc147b00 [80081009311/0000000000400c0c/00000001/00000201] dynopt_dct16_sve2_shared
Trace 0: 0x7f62cc147c40 [80081009311/0000000000400c10/00000001/00000201] dynopt_dct16_sve2_shared
Trace 0: 0x7f62cc147dc0 [80081009311/0000000000400c14/00000001/00000201] dynopt_dct16_sve2_shared
Trace 0: 0x7f62cc147f40 [80081009311/0000000000400c18/00000001/00000201] dynopt_dct16_sve2_shared
Trace 0: 0x7f62cc1480c0 [80081009311/0000000000400c1c/00000001/00000201] dynopt_dct16_sve2_shared
Trace 0: 0x7f62cc148240 [80081009311/0000000000400c20/00000001/00000201] dynopt_dct16_sve2_shared
Trace 0: 0x7f62cc148380 [80081009311/0000000000400c24/00000001/00000201] dynopt_dct16_sve2_shared
Trace 0: 0x7f62cc1484c0 [80081009311/0000000000400c28/00000001/00000201] dynopt_dct16_sve2_shared
Trace 0: 0x7f62cc148600 [80081009311/0000000000400c2c/00000001/00000201] dynopt_dct16_sve2_shared
Trace 0: 0x7f62cc148740 [80081009311/0000000000400c30/00000001/00000201] dynopt_dct16_sve2_shared
Trace 0: 0x7f62cc148880 [80081009311/0000000000400c34/00000001/00000201] dynopt_dct16_sve2_shared
Trace 0: 0x7f62cc1489c0 [80081009311/0000000000400c38/00000001/00000201] dynopt_dct16_sve2_shared
Trace 0: 0x7f62cc148b00 [80081009311/0000000000400c3c/00000001/00000201] dynopt_dct16_sve2_shared
Trace 0: 0x7f62cc148c40 [80081009311/0000000000400c40/00000001/00000201] dynopt_dct16_sve2_shared
Trace 0: 0x7f62cc148dc0 [80081009311/0000000000400c44/00000001/00000201] dynopt_dct16_sve2_shared
Trace 0: 0x7f62cc148f40 [80081009311/0000000000400c48/00000001/00000201] dynopt_dct16_sve2_shared
Trace 0: 0x7f62cc149080 [80081009311/0000000000400c4c/00000001/00000201] dynopt_dct16_sve2_shared
Trace 0: 0x7f62cc1491c0 [80081009311/0000000000400c50/00000001/00000201] dynopt_dct16_sve2_shared
Trace 0: 0x7f62cc149300 [80081009311/0000000000400c54/00000001/00000201] dynopt_dct16_sve2_shared
Trace 0: 0x7f62cc149440 [80081009311/0000000000400c58/00000001/00000201] dynopt_dct16_sve2_shared
Trace 0: 0x7f62cc149580 [80081009311/0000000000400c5c/00000001/00000201] dynopt_dct16_sve2_shared
Trace 0: 0x7f62cc1496c0 [80081009311/0000000000400c60/00000001/00000201] dynopt_dct16_sve2_shared
Trace 0: 0x7f62cc149800 [80081009311/0000000000400c64/00000001/00000201] dynopt_dct16_sve2_shared
Trace 0: 0x7f62cc149940 [80081009311/0000000000400c68/00000001/00000201] dynopt_dct16_sve2_shared
Trace 0: 0x7f62cc1471c0 [80081009311/0000000000400bf0/00000001/00000201] dynopt_dct16_sve2_shared
Trace 0: 0x7f62cc147340 [80081009311/0000000000400bf4/00000001/00000201] dynopt_dct16_sve2_shared
Trace 0: 0x7f62cc147480 [80081009311/0000000000400bf8/00000001/00000201] dynopt_dct16_sve2_shared
Trace 0: 0x7f62cc147600 [80081009311/0000000000400bfc/00000001/00000201] dynopt_dct16_sve2_shared
Trace 0: 0x7f62cc147740 [80081009311/0000000000400c00/00000001/00000201] dynopt_dct16_sve2_shared
Trace 0: 0x7f62cc147880 [80081009311/0000000000400c04/00000001/00000201] dynopt_dct16_sve2_shared
Trace 0: 0x7f62cc1479c0 [80081009311/0000000000400c08/00000001/00000201] dynopt_dct16_sve2_shared
Trace 0: 0x7f62cc147b00 [80081009311/0000000000400c0c/00000001/00000201] dynopt_dct16_sve2_shared
Trace 0: 0x7f62cc147c40 [80081009311/0000000000400c10/00000001/00000201] dynopt_dct16_sve2_shared
Trace 0: 0x7f62cc147dc0 [80081009311/0000000000400c14/00000001/00000201] dynopt_dct16_sve2_shared
Trace 0: 0x7f62cc147f40 [80081009311/0000000000400c18/00000001/00000201] dynopt_dct16_sve2_shared
Trace 0: 0x7f62cc1480c0 [80081009311/0000000000400c1c/00000001/00000201] dynopt_dct16_sve2_shared
Trace 0: 0x7f62cc148240 [80081009311/0000000000400c20/00000001/00000201] dynopt_dct16_sve2_shared
Trace 0: 0x7f62cc148380 [80081009311/0000000000400c24/00000001/00000201] dynopt_dct16_sve2_shared
Trace 0: 0x7f62cc1484c0 [80081009311/0000000000400c28/00000001/00000201] dynopt_dct16_sve2_shared
Trace 0: 0x7f62cc148600 [80081009311/0000000000400c2c/00000001/00000201] dynopt_dct16_sve2_shared
Trace 0: 0x7f62cc148740 [80081009311/0000000000400c30/00000001/00000201] dynopt_dct16_sve2_shared
Trace 0: 0x7f62cc148880 [80081009311/0000000000400c34/00000001/00000201] dynopt_dct16_sve2_shared
Trace 0: 0x7f62cc1489c0 [80081009311/0000000000400c38/00000001/00000201] dynopt_dct16_sve2_shared
Trace 0: 0x7f62cc148b00 [80081009311/0000000000400c3c/00000001/00000201] dynopt_dct16_sve2_shared
Trace 0: 0x7f62cc148c40 [80081009311/0000000000400c40/00000001/00000201] dynopt_dct16_sve2_shared
Trace 0: 0x7f62cc148dc0 [80081009311/0000000000400c44/00000001/00000201] dynopt_dct16_sve2_shared
Trace 0: 0x7f62cc148f40 [80081009311/0000000000400c48/00000001/00000201] dynopt_dct16_sve2_shared
Trace 0: 0x7f62cc149080 [80081009311/0000000000400c4c/00000001/00000201] dynopt_dct16_sve2_shared
Trace 0: 0x7f62cc1491c0 [80081009311/0000000000400c50/00000001/00000201] dynopt_dct16_sve2_shared
Trace 0: 0x7f62cc149300 [80081009311/0000000000400c54/00000001/00000201] dynopt_dct16_sve2_shared
Trace 0: 0x7f62cc149440 [80081009311/0000000000400c58/00000001/00000201] dynopt_dct16_sve2_shared
Trace 0: 0x7f62cc149580 [80081009311/0000000000400c5c/00000001/00000201] dynopt_dct16_sve2_shared
Trace 0: 0x7f62cc1496c0 [80081009311/0000000000400c60/00000001/00000201] dynopt_dct16_sve2_shared
Trace 0: 0x7f62cc149800 [80081009311/0000000000400c64/00000001/00000201] dynopt_dct16_sve2_shared
Trace 0: 0x7f62cc149940 [80081009311/0000000000400c68/00000001/00000201] dynopt_dct16_sve2_shared
Trace 0: 0x7f62cc1471c0 [80081009311/0000000000400bf0/00000001/00000201] dynopt_dct16_sve2_shared
Trace 0: 0x7f62cc147340 [80081009311/0000000000400bf4/00000001/00000201] dynopt_dct16_sve2_shared
Trace 0: 0x7f62cc147480 [80081009311/0000000000400bf8/00000001/00000201] dynopt_dct16_sve2_shared
Trace 0: 0x7f62cc147600 [80081009311/0000000000400bfc/00000001/00000201] dynopt_dct16_sve2_shared
Trace 0: 0x7f62cc147740 [80081009311/0000000000400c00/00000001/00000201] dynopt_dct16_sve2_shared
Trace 0: 0x7f62cc147880 [80081009311/0000000000400c04/00000001/00000201] dynopt_dct16_sve2_shared
Trace 0: 0x7f62cc1479c0 [80081009311/0000000000400c08/00000001/00000201] dynopt_dct16_sve2_shared
Trace 0: 0x7f62cc147b00 [80081009311/0000000000400c0c/00000001/00000201] dynopt_dct16_sve2_shared
Trace 0: 0x7f62cc147c40 [80081009311/0000000000400c10/00000001/00000201] dynopt_dct16_sve2_shared
Trace 0: 0x7f62cc147dc0 [80081009311/0000000000400c14/00000001/00000201] dynopt_dct16_sve2_shared
Trace 0: 0x7f62cc147f40 [80081009311/0000000000400c18/00000001/00000201] dynopt_dct16_sve2_shared
Trace 0: 0x7f62cc1480c0 [80081009311/0000000000400c1c/00000001/00000201] dynopt_dct16_sve2_shared
Trace 0: 0x7f62cc148240 [80081009311/0000000000400c20/00000001/00000201] dynopt_dct16_sve2_shared
Trace 0: 0x7f62cc148380 [80081009311/0000000000400c24/00000001/00000201] dynopt_dct16_sve2_shared
Trace 0: 0x7f62cc1484c0 [80081009311/0000000000400c28/00000001/00000201] dynopt_dct16_sve2_shared
Trace 0: 0x7f62cc148600 [80081009311/0000000000400c2c/00000001/00000201] dynopt_dct16_sve2_shared
Trace 0: 0x7f62cc148740 [80081009311/0000000000400c30/00000001/00000201] dynopt_dct16_sve2_shared
Trace 0: 0x7f62cc148880 [80081009311/0000000000400c34/00000001/00000201] dynopt_dct16_sve2_shared
Trace 0: 0x7f62cc1489c0 [80081009311/0000000000400c38/00000001/00000201] dynopt_dct16_sve2_shared
Trace 0: 0x7f62cc148b00 [80081009311/0000000000400c3c/00000001/00000201] dynopt_dct16_sve2_shared
Trace 0: 0x7f62cc148c40 [80081009311/0000000000400c40/00000001/00000201] dynopt_dct16_sve2_shared
Trace 0: 0x7f62cc148dc0 [80081009311/0000000000400c44/00000001/00000201] dynopt_dct16_sve2_shared
Trace 0: 0x7f62cc148f40 [80081009311/0000000000400c48/00000001/00000201] dynopt_dct16_sve2_shared
Trace 0: 0x7f62cc149080 [80081009311/0000000000400c4c/00000001/00000201] dynopt_dct16_sve2_shared
Trace 0: 0x7f62cc1491c0 [80081009311/0000000000400c50/00000001/00000201] dynopt_dct16_sve2_shared
Trace 0: 0x7f62cc149300 [80081009311/0000000000400c54/00000001/00000201] dynopt_dct16_sve2_shared
Trace 0: 0x7f62cc149440 [80081009311/0000000000400c58/00000001/00000201] dynopt_dct16_sve2_shared
Trace 0: 0x7f62cc149580 [80081009311/0000000000400c5c/00000001/00000201] dynopt_dct16_sve2_shared
Trace 0: 0x7f62cc1496c0 [80081009311/0000000000400c60/00000001/00000201] dynopt_dct16_sve2_shared
Trace 0: 0x7f62cc149800 [80081009311/0000000000400c64/00000001/00000201] dynopt_dct16_sve2_shared
Trace 0: 0x7f62cc149940 [80081009311/0000000000400c68/00000001/00000201] dynopt_dct16_sve2_shared
Trace 0: 0x7f62cc1471c0 [80081009311/0000000000400bf0/00000001/00000201] dynopt_dct16_sve2_shared
Trace 0: 0x7f62cc147340 [80081009311/0000000000400bf4/00000001/00000201] dynopt_dct16_sve2_shared
Trace 0: 0x7f62cc147480 [80081009311/0000000000400bf8/00000001/00000201] dynopt_dct16_sve2_shared
Trace 0: 0x7f62cc147600 [80081009311/0000000000400bfc/00000001/00000201] dynopt_dct16_sve2_shared
Trace 0: 0x7f62cc147740 [80081009311/0000000000400c00/00000001/00000201] dynopt_dct16_sve2_shared
Trace 0: 0x7f62cc147880 [80081009311/0000000000400c04/00000001/00000201] dynopt_dct16_sve2_shared
Trace 0: 0x7f62cc1479c0 [80081009311/0000000000400c08/00000001/00000201] dynopt_dct16_sve2_shared
Trace 0: 0x7f62cc147b00 [80081009311/0000000000400c0c/00000001/00000201] dynopt_dct16_sve2_shared
Trace 0: 0x7f62cc147c40 [80081009311/0000000000400c10/00000001/00000201] dynopt_dct16_sve2_shared
Trace 0: 0x7f62cc147dc0 [80081009311/0000000000400c14/00000001/00000201] dynopt_dct16_sve2_shared
Trace 0: 0x7f62cc147f40 [80081009311/0000000000400c18/00000001/00000201] dynopt_dct16_sve2_shared
Trace 0: 0x7f62cc1480c0 [80081009311/0000000000400c1c/00000001/00000201] dynopt_dct16_sve2_shared
Trace 0: 0x7f62cc148240 [80081009311/0000000000400c20/00000001/00000201] dynopt_dct16_sve2_shared
Trace 0: 0x7f62cc148380 [80081009311/0000000000400c24/00000001/00000201] dynopt_dct16_sve2_shared
Trace 0: 0x7f62cc1484c0 [80081009311/0000000000400c28/00000001/00000201] dynopt_dct16_sve2_shared
Trace 0: 0x7f62cc148600 [80081009311/0000000000400c2c/00000001/00000201] dynopt_dct16_sve2_shared
Trace 0: 0x7f62cc148740 [80081009311/0000000000400c30/00000001/00000201] dynopt_dct16_sve2_shared
Trace 0: 0x7f62cc148880 [80081009311/0000000000400c34/00000001/00000201] dynopt_dct16_sve2_shared
Trace 0: 0x7f62cc1489c0 [80081009311/0000000000400c38/00000001/00000201] dynopt_dct16_sve2_shared
Trace 0: 0x7f62cc148b00 [80081009311/0000000000400c3c/00000001/00000201] dynopt_dct16_sve2_shared
Trace 0: 0x7f62cc148c40 [80081009311/0000000000400c40/00000001/00000201] dynopt_dct16_sve2_shared
Trace 0: 0x7f62cc148dc0 [80081009311/0000000000400c44/00000001/00000201] dynopt_dct16_sve2_shared
Trace 0: 0x7f62cc148f40 [80081009311/0000000000400c48/00000001/00000201] dynopt_dct16_sve2_shared
Trace 0: 0x7f62cc149080 [80081009311/0000000000400c4c/00000001/00000201] dynopt_dct16_sve2_shared
Trace 0: 0x7f62cc1491c0 [80081009311/0000000000400c50/00000001/00000201] dynopt_dct16_sve2_shared
Trace 0: 0x7f62cc149300 [80081009311/0000000000400c54/00000001/00000201] dynopt_dct16_sve2_shared
Trace 0: 0x7f62cc149440 [80081009311/0000000000400c58/00000001/00000201] dynopt_dct16_sve2_shared
Trace 0: 0x7f62cc149580 [80081009311/0000000000400c5c/00000001/00000201] dynopt_dct16_sve2_shared
Trace 0: 0x7f62cc1496c0 [80081009311/0000000000400c60/00000001/00000201] dynopt_dct16_sve2_shared
Trace 0: 0x7f62cc149800 [80081009311/0000000000400c64/00000001/00000201] dynopt_dct16_sve2_shared
Trace 0: 0x7f62cc149940 [80081009311/0000000000400c68/00000001/00000201] dynopt_dct16_sve2_shared
Trace 0: 0x7f62cc1471c0 [80081009311/0000000000400bf0/00000001/00000201] dynopt_dct16_sve2_shared
Trace 0: 0x7f62cc147340 [80081009311/0000000000400bf4/00000001/00000201] dynopt_dct16_sve2_shared
Trace 0: 0x7f62cc147480 [80081009311/0000000000400bf8/00000001/00000201] dynopt_dct16_sve2_shared
Trace 0: 0x7f62cc147600 [80081009311/0000000000400bfc/00000001/00000201] dynopt_dct16_sve2_shared
Trace 0: 0x7f62cc147740 [80081009311/0000000000400c00/00000001/00000201] dynopt_dct16_sve2_shared
Trace 0: 0x7f62cc147880 [80081009311/0000000000400c04/00000001/00000201] dynopt_dct16_sve2_shared
Trace 0: 0x7f62cc1479c0 [80081009311/0000000000400c08/00000001/00000201] dynopt_dct16_sve2_shared
Trace 0: 0x7f62cc147b00 [80081009311/0000000000400c0c/00000001/00000201] dynopt_dct16_sve2_shared
Trace 0: 0x7f62cc147c40 [80081009311/0000000000400c10/00000001/00000201] dynopt_dct16_sve2_shared
Trace 0: 0x7f62cc147dc0 [80081009311/0000000000400c14/00000001/00000201] dynopt_dct16_sve2_shared
Trace 0: 0x7f62cc147f40 [80081009311/0000000000400c18/00000001/00000201] dynopt_dct16_sve2_shared
Trace 0: 0x7f62cc1480c0 [80081009311/0000000000400c1c/00000001/00000201] dynopt_dct16_sve2_shared
Trace 0: 0x7f62cc148240 [80081009311/0000000000400c20/00000001/00000201] dynopt_dct16_sve2_shared
Trace 0: 0x7f62cc148380 [80081009311/0000000000400c24/00000001/00000201] dynopt_dct16_sve2_shared
Trace 0: 0x7f62cc1484c0 [80081009311/0000000000400c28/00000001/00000201] dynopt_dct16_sve2_shared
Trace 0: 0x7f62cc148600 [80081009311/0000000000400c2c/00000001/00000201] dynopt_dct16_sve2_shared
Trace 0: 0x7f62cc148740 [80081009311/0000000000400c30/00000001/00000201] dynopt_dct16_sve2_shared
Trace 0: 0x7f62cc148880 [80081009311/0000000000400c34/00000001/00000201] dynopt_dct16_sve2_shared
Trace 0: 0x7f62cc1489c0 [80081009311/0000000000400c38/00000001/00000201] dynopt_dct16_sve2_shared
Trace 0: 0x7f62cc148b00 [80081009311/0000000000400c3c/00000001/00000201] dynopt_dct16_sve2_shared
Trace 0: 0x7f62cc148c40 [80081009311/0000000000400c40/00000001/00000201] dynopt_dct16_sve2_shared
Trace 0: 0x7f62cc148dc0 [80081009311/0000000000400c44/00000001/00000201] dynopt_dct16_sve2_shared
Trace 0: 0x7f62cc148f40 [80081009311/0000000000400c48/00000001/00000201] dynopt_dct16_sve2_shared
Trace 0: 0x7f62cc149080 [80081009311/0000000000400c4c/00000001/00000201] dynopt_dct16_sve2_shared
Trace 0: 0x7f62cc1491c0 [80081009311/0000000000400c50/00000001/00000201] dynopt_dct16_sve2_shared
Trace 0: 0x7f62cc149300 [80081009311/0000000000400c54/00000001/00000201] dynopt_dct16_sve2_shared
Trace 0: 0x7f62cc149440 [80081009311/0000000000400c58/00000001/00000201] dynopt_dct16_sve2_shared
Trace 0: 0x7f62cc149580 [80081009311/0000000000400c5c/00000001/00000201] dynopt_dct16_sve2_shared
Trace 0: 0x7f62cc1496c0 [80081009311/0000000000400c60/00000001/00000201] dynopt_dct16_sve2_shared
Trace 0: 0x7f62cc149800 [80081009311/0000000000400c64/00000001/00000201] dynopt_dct16_sve2_shared
Trace 0: 0x7f62cc149940 [80081009311/0000000000400c68/00000001/00000201] dynopt_dct16_sve2_shared
----------------
IN: dynopt_dct16_sve2_shared
0x00400c6c:  91090029  add      x9, x1, #0x240

Trace 0: 0x7f62cc149a80 [80081009311/0000000000400c6c/00000001/00000201] dynopt_dct16_sve2_shared
----------------
IN: dynopt_dct16_sve2_shared
0x00400c70:  91088023  add      x3, x1, #0x220

Trace 0: 0x7f62cc149bc0 [80081009311/0000000000400c70/00000001/00000201] dynopt_dct16_sve2_shared
----------------
IN: dynopt_dct16_sve2_shared
0x00400c74:  2f00e415  movi     d21, #0000000000000000

Trace 0: 0x7f62cc149d00 [80081009311/0000000000400c74/00000001/00000201] dynopt_dct16_sve2_shared
----------------
IN: dynopt_dct16_sve2_shared
0x00400c78:  9116c0c4  add      x4, x6, #0x5b0

Trace 0: 0x7f62cc149e40 [80081009311/0000000000400c78/00000001/00000201] dynopt_dct16_sve2_shared
----------------
IN: dynopt_dct16_sve2_shared
0x00400c7c:  52800005  mov      w5, #0

Trace 0: 0x7f62cc149f80 [80081009311/0000000000400c7c/00000001/00000201] dynopt_dct16_sve2_shared
----------------
IN: dynopt_dct16_sve2_shared
0x00400c80:  ad405d18  ldp      q24, q23, [x8]

Trace 0: 0x7f62cc14a0c0 [80081009311/0000000000400c80/00000001/00000201] dynopt_dct16_sve2_shared
----------------
IN: dynopt_dct16_sve2_shared
0x00400c84:  91074082  add      x2, x4, #0x1d0

Trace 0: 0x7f62cc14a240 [80081009311/0000000000400c84/00000001/00000201] dynopt_dct16_sve2_shared
----------------
IN: dynopt_dct16_sve2_shared
0x00400c88:  ad410916  ldp      q22, q2, [x8, #0x20]

Trace 0: 0x7f62cc14a380 [80081009311/0000000000400c88/00000001/00000201] dynopt_dct16_sve2_shared
----------------
IN: dynopt_dct16_sve2_shared
0x00400c8c:  91008020  add      x0, x1, #0x20

Trace 0: 0x7f62cc14a500 [80081009311/0000000000400c8c/00000001/00000201] dynopt_dct16_sve2_shared
----------------
IN: dynopt_dct16_sve2_shared
0x00400c90:  3cc20450  ldr      q16, [x2], #0x20

Trace 0: 0x7f62cc14a640 [80081009311/0000000000400c90/00000001/00000201] dynopt_dct16_sve2_shared
----------------
IN: dynopt_dct16_sve2_shared
0x00400c94:  0420bea1  movprfx  z1, z21

Trace 0: 0x7f62cc14a7c0 [80081009311/0000000000400c94/00000001/00000201] dynopt_dct16_sve2_shared
----------------
IN: dynopt_dct16_sve2_shared
0x00400c98:  44d80201  sdot     z1.d, z16.h, z24.h

Trace 0: 0x7f62cc14a900 [80081009311/0000000000400c98/00000001/00000201] dynopt_dct16_sve2_shared
----------------
IN: dynopt_dct16_sve2_shared
0x00400c9c:  0420bebe  movprfx  z30, z21

Trace 0: 0x7f62cc14aa40 [80081009311/0000000000400c9c/00000001/00000201] dynopt_dct16_sve2_shared
----------------
IN: dynopt_dct16_sve2_shared
0x00400ca0:  44d7021e  sdot     z30.d, z16.h, z23.h

Trace 0: 0x7f62cc14ab80 [80081009311/0000000000400ca0/00000001/00000201] dynopt_dct16_sve2_shared
----------------
IN: dynopt_dct16_sve2_shared
0x00400ca4:  0420bea0  movprfx  z0, z21

Trace 0: 0x7f62cc14acc0 [80081009311/0000000000400ca4/00000001/00000201] dynopt_dct16_sve2_shared
----------------
IN: dynopt_dct16_sve2_shared
0x00400ca8:  44d60200  sdot     z0.d, z16.h, z22.h

Trace 0: 0x7f62cc14ae00 [80081009311/0000000000400ca8/00000001/00000201] dynopt_dct16_sve2_shared
----------------
IN: dynopt_dct16_sve2_shared
0x00400cac:  0420bebd  movprfx  z29, z21

Trace 0: 0x7f62cc14af40 [80081009311/0000000000400cac/00000001/00000201] dynopt_dct16_sve2_shared
----------------
IN: dynopt_dct16_sve2_shared
0x00400cb0:  44c2021d  sdot     z29.d, z16.h, z2.h

Trace 0: 0x7f62cc14b080 [80081009311/0000000000400cb0/00000001/00000201] dynopt_dct16_sve2_shared
----------------
IN: dynopt_dct16_sve2_shared
0x00400cb4:  4e9e183e  uzp1     v30.4s, v1.4s, v30.4s

Trace 0: 0x7f62cc14b1c0 [80081009311/0000000000400cb4/00000001/00000201] dynopt_dct16_sve2_shared
----------------
IN: dynopt_dct16_sve2_shared
0x00400cb8:  4e9d181d  uzp1     v29.4s, v0.4s, v29.4s

Trace 0: 0x7f62cc14b340 [80081009311/0000000000400cb8/00000001/00000201] dynopt_dct16_sve2_shared
----------------
IN: dynopt_dct16_sve2_shared
0x00400cbc:  4ebdbfdd  addp     v29.4s, v30.4s, v29.4s

Trace 0: 0x7f62cc14b4c0 [80081009311/0000000000400cbc/00000001/00000201] dynopt_dct16_sve2_shared
----------------
IN: dynopt_dct16_sve2_shared
0x00400cc0:  0f168fbd  rshrn    v29.4h, v29.4s, #0xa

Trace 0: 0x7f62cc14b600 [80081009311/0000000000400cc0/00000001/00000201] dynopt_dct16_sve2_shared
----------------
IN: dynopt_dct16_sve2_shared
0x00400cc4:  fc04041d  str      d29, [x0], #0x40

Trace 0: 0x7f62cc14b7c0 [80081009311/0000000000400cc4/00000001/00000201] dynopt_dct16_sve2_shared
----------------
IN: dynopt_dct16_sve2_shared
0x00400cc8:  eb00007f  cmp      x3, x0

Trace 0: 0x7f62cc14b900 [80081009311/0000000000400cc8/00000001/00000201] dynopt_dct16_sve2_shared
----------------
IN: dynopt_dct16_sve2_shared
0x00400ccc:  54fffe21  b.ne     #0x400c90

Trace 0: 0x7f62cc14ba80 [80081009311/0000000000400ccc/00000001/00000201] dynopt_dct16_sve2_shared
Trace 0: 0x7f62cc14a640 [80081009311/0000000000400c90/00000001/00000201] dynopt_dct16_sve2_shared
Trace 0: 0x7f62cc14a7c0 [80081009311/0000000000400c94/00000001/00000201] dynopt_dct16_sve2_shared
Trace 0: 0x7f62cc14a900 [80081009311/0000000000400c98/00000001/00000201] dynopt_dct16_sve2_shared
Trace 0: 0x7f62cc14aa40 [80081009311/0000000000400c9c/00000001/00000201] dynopt_dct16_sve2_shared
Trace 0: 0x7f62cc14ab80 [80081009311/0000000000400ca0/00000001/00000201] dynopt_dct16_sve2_shared
Trace 0: 0x7f62cc14acc0 [80081009311/0000000000400ca4/00000001/00000201] dynopt_dct16_sve2_shared
Trace 0: 0x7f62cc14ae00 [80081009311/0000000000400ca8/00000001/00000201] dynopt_dct16_sve2_shared
Trace 0: 0x7f62cc14af40 [80081009311/0000000000400cac/00000001/00000201] dynopt_dct16_sve2_shared
Trace 0: 0x7f62cc14b080 [80081009311/0000000000400cb0/00000001/00000201] dynopt_dct16_sve2_shared
Trace 0: 0x7f62cc14b1c0 [80081009311/0000000000400cb4/00000001/00000201] dynopt_dct16_sve2_shared
Trace 0: 0x7f62cc14b340 [80081009311/0000000000400cb8/00000001/00000201] dynopt_dct16_sve2_shared
Trace 0: 0x7f62cc14b4c0 [80081009311/0000000000400cbc/00000001/00000201] dynopt_dct16_sve2_shared
Trace 0: 0x7f62cc14b600 [80081009311/0000000000400cc0/00000001/00000201] dynopt_dct16_sve2_shared
Trace 0: 0x7f62cc14b7c0 [80081009311/0000000000400cc4/00000001/00000201] dynopt_dct16_sve2_shared
Trace 0: 0x7f62cc14b900 [80081009311/0000000000400cc8/00000001/00000201] dynopt_dct16_sve2_shared
Trace 0: 0x7f62cc14ba80 [80081009311/0000000000400ccc/00000001/00000201] dynopt_dct16_sve2_shared
Trace 0: 0x7f62cc14a640 [80081009311/0000000000400c90/00000001/00000201] dynopt_dct16_sve2_shared
Trace 0: 0x7f62cc14a7c0 [80081009311/0000000000400c94/00000001/00000201] dynopt_dct16_sve2_shared
Trace 0: 0x7f62cc14a900 [80081009311/0000000000400c98/00000001/00000201] dynopt_dct16_sve2_shared
Trace 0: 0x7f62cc14aa40 [80081009311/0000000000400c9c/00000001/00000201] dynopt_dct16_sve2_shared
Trace 0: 0x7f62cc14ab80 [80081009311/0000000000400ca0/00000001/00000201] dynopt_dct16_sve2_shared
Trace 0: 0x7f62cc14acc0 [80081009311/0000000000400ca4/00000001/00000201] dynopt_dct16_sve2_shared
Trace 0: 0x7f62cc14ae00 [80081009311/0000000000400ca8/00000001/00000201] dynopt_dct16_sve2_shared
Trace 0: 0x7f62cc14af40 [80081009311/0000000000400cac/00000001/00000201] dynopt_dct16_sve2_shared
Trace 0: 0x7f62cc14b080 [80081009311/0000000000400cb0/00000001/00000201] dynopt_dct16_sve2_shared
Trace 0: 0x7f62cc14b1c0 [80081009311/0000000000400cb4/00000001/00000201] dynopt_dct16_sve2_shared
Trace 0: 0x7f62cc14b340 [80081009311/0000000000400cb8/00000001/00000201] dynopt_dct16_sve2_shared
Trace 0: 0x7f62cc14b4c0 [80081009311/0000000000400cbc/00000001/00000201] dynopt_dct16_sve2_shared
Trace 0: 0x7f62cc14b600 [80081009311/0000000000400cc0/00000001/00000201] dynopt_dct16_sve2_shared
Trace 0: 0x7f62cc14b7c0 [80081009311/0000000000400cc4/00000001/00000201] dynopt_dct16_sve2_shared
Trace 0: 0x7f62cc14b900 [80081009311/0000000000400cc8/00000001/00000201] dynopt_dct16_sve2_shared
Trace 0: 0x7f62cc14ba80 [80081009311/0000000000400ccc/00000001/00000201] dynopt_dct16_sve2_shared
Trace 0: 0x7f62cc14a640 [80081009311/0000000000400c90/00000001/00000201] dynopt_dct16_sve2_shared
Trace 0: 0x7f62cc14a7c0 [80081009311/0000000000400c94/00000001/00000201] dynopt_dct16_sve2_shared
Trace 0: 0x7f62cc14a900 [80081009311/0000000000400c98/00000001/00000201] dynopt_dct16_sve2_shared
Trace 0: 0x7f62cc14aa40 [80081009311/0000000000400c9c/00000001/00000201] dynopt_dct16_sve2_shared
Trace 0: 0x7f62cc14ab80 [80081009311/0000000000400ca0/00000001/00000201] dynopt_dct16_sve2_shared
Trace 0: 0x7f62cc14acc0 [80081009311/0000000000400ca4/00000001/00000201] dynopt_dct16_sve2_shared
Trace 0: 0x7f62cc14ae00 [80081009311/0000000000400ca8/00000001/00000201] dynopt_dct16_sve2_shared
Trace 0: 0x7f62cc14af40 [80081009311/0000000000400cac/00000001/00000201] dynopt_dct16_sve2_shared
Trace 0: 0x7f62cc14b080 [80081009311/0000000000400cb0/00000001/00000201] dynopt_dct16_sve2_shared
Trace 0: 0x7f62cc14b1c0 [80081009311/0000000000400cb4/00000001/00000201] dynopt_dct16_sve2_shared
Trace 0: 0x7f62cc14b340 [80081009311/0000000000400cb8/00000001/00000201] dynopt_dct16_sve2_shared
Trace 0: 0x7f62cc14b4c0 [80081009311/0000000000400cbc/00000001/00000201] dynopt_dct16_sve2_shared
Trace 0: 0x7f62cc14b600 [80081009311/0000000000400cc0/00000001/00000201] dynopt_dct16_sve2_shared
Trace 0: 0x7f62cc14b7c0 [80081009311/0000000000400cc4/00000001/00000201] dynopt_dct16_sve2_shared
Trace 0: 0x7f62cc14b900 [80081009311/0000000000400cc8/00000001/00000201] dynopt_dct16_sve2_shared
Trace 0: 0x7f62cc14ba80 [80081009311/0000000000400ccc/00000001/00000201] dynopt_dct16_sve2_shared
Trace 0: 0x7f62cc14a640 [80081009311/0000000000400c90/00000001/00000201] dynopt_dct16_sve2_shared
Trace 0: 0x7f62cc14a7c0 [80081009311/0000000000400c94/00000001/00000201] dynopt_dct16_sve2_shared
Trace 0: 0x7f62cc14a900 [80081009311/0000000000400c98/00000001/00000201] dynopt_dct16_sve2_shared
Trace 0: 0x7f62cc14aa40 [80081009311/0000000000400c9c/00000001/00000201] dynopt_dct16_sve2_shared
Trace 0: 0x7f62cc14ab80 [80081009311/0000000000400ca0/00000001/00000201] dynopt_dct16_sve2_shared
Trace 0: 0x7f62cc14acc0 [80081009311/0000000000400ca4/00000001/00000201] dynopt_dct16_sve2_shared
Trace 0: 0x7f62cc14ae00 [80081009311/0000000000400ca8/00000001/00000201] dynopt_dct16_sve2_shared
Trace 0: 0x7f62cc14af40 [80081009311/0000000000400cac/00000001/00000201] dynopt_dct16_sve2_shared
Trace 0: 0x7f62cc14b080 [80081009311/0000000000400cb0/00000001/00000201] dynopt_dct16_sve2_shared
Trace 0: 0x7f62cc14b1c0 [80081009311/0000000000400cb4/00000001/00000201] dynopt_dct16_sve2_shared
Trace 0: 0x7f62cc14b340 [80081009311/0000000000400cb8/00000001/00000201] dynopt_dct16_sve2_shared
Trace 0: 0x7f62cc14b4c0 [80081009311/0000000000400cbc/00000001/00000201] dynopt_dct16_sve2_shared
Trace 0: 0x7f62cc14b600 [80081009311/0000000000400cc0/00000001/00000201] dynopt_dct16_sve2_shared
Trace 0: 0x7f62cc14b7c0 [80081009311/0000000000400cc4/00000001/00000201] dynopt_dct16_sve2_shared
Trace 0: 0x7f62cc14b900 [80081009311/0000000000400cc8/00000001/00000201] dynopt_dct16_sve2_shared
Trace 0: 0x7f62cc14ba80 [80081009311/0000000000400ccc/00000001/00000201] dynopt_dct16_sve2_shared
Trace 0: 0x7f62cc14a640 [80081009311/0000000000400c90/00000001/00000201] dynopt_dct16_sve2_shared
Trace 0: 0x7f62cc14a7c0 [80081009311/0000000000400c94/00000001/00000201] dynopt_dct16_sve2_shared
Trace 0: 0x7f62cc14a900 [80081009311/0000000000400c98/00000001/00000201] dynopt_dct16_sve2_shared
Trace 0: 0x7f62cc14aa40 [80081009311/0000000000400c9c/00000001/00000201] dynopt_dct16_sve2_shared
Trace 0: 0x7f62cc14ab80 [80081009311/0000000000400ca0/00000001/00000201] dynopt_dct16_sve2_shared
Trace 0: 0x7f62cc14acc0 [80081009311/0000000000400ca4/00000001/00000201] dynopt_dct16_sve2_shared
Trace 0: 0x7f62cc14ae00 [80081009311/0000000000400ca8/00000001/00000201] dynopt_dct16_sve2_shared
Trace 0: 0x7f62cc14af40 [80081009311/0000000000400cac/00000001/00000201] dynopt_dct16_sve2_shared
Trace 0: 0x7f62cc14b080 [80081009311/0000000000400cb0/00000001/00000201] dynopt_dct16_sve2_shared
Trace 0: 0x7f62cc14b1c0 [80081009311/0000000000400cb4/00000001/00000201] dynopt_dct16_sve2_shared
Trace 0: 0x7f62cc14b340 [80081009311/0000000000400cb8/00000001/00000201] dynopt_dct16_sve2_shared
Trace 0: 0x7f62cc14b4c0 [80081009311/0000000000400cbc/00000001/00000201] dynopt_dct16_sve2_shared
Trace 0: 0x7f62cc14b600 [80081009311/0000000000400cc0/00000001/00000201] dynopt_dct16_sve2_shared
Trace 0: 0x7f62cc14b7c0 [80081009311/0000000000400cc4/00000001/00000201] dynopt_dct16_sve2_shared
Trace 0: 0x7f62cc14b900 [80081009311/0000000000400cc8/00000001/00000201] dynopt_dct16_sve2_shared
Trace 0: 0x7f62cc14ba80 [80081009311/0000000000400ccc/00000001/00000201] dynopt_dct16_sve2_shared
Trace 0: 0x7f62cc14a640 [80081009311/0000000000400c90/00000001/00000201] dynopt_dct16_sve2_shared
Trace 0: 0x7f62cc14a7c0 [80081009311/0000000000400c94/00000001/00000201] dynopt_dct16_sve2_shared
Trace 0: 0x7f62cc14a900 [80081009311/0000000000400c98/00000001/00000201] dynopt_dct16_sve2_shared
Trace 0: 0x7f62cc14aa40 [80081009311/0000000000400c9c/00000001/00000201] dynopt_dct16_sve2_shared
Trace 0: 0x7f62cc14ab80 [80081009311/0000000000400ca0/00000001/00000201] dynopt_dct16_sve2_shared
Trace 0: 0x7f62cc14acc0 [80081009311/0000000000400ca4/00000001/00000201] dynopt_dct16_sve2_shared
Trace 0: 0x7f62cc14ae00 [80081009311/0000000000400ca8/00000001/00000201] dynopt_dct16_sve2_shared
Trace 0: 0x7f62cc14af40 [80081009311/0000000000400cac/00000001/00000201] dynopt_dct16_sve2_shared
Trace 0: 0x7f62cc14b080 [80081009311/0000000000400cb0/00000001/00000201] dynopt_dct16_sve2_shared
Trace 0: 0x7f62cc14b1c0 [80081009311/0000000000400cb4/00000001/00000201] dynopt_dct16_sve2_shared
Trace 0: 0x7f62cc14b340 [80081009311/0000000000400cb8/00000001/00000201] dynopt_dct16_sve2_shared
Trace 0: 0x7f62cc14b4c0 [80081009311/0000000000400cbc/00000001/00000201] dynopt_dct16_sve2_shared
Trace 0: 0x7f62cc14b600 [80081009311/0000000000400cc0/00000001/00000201] dynopt_dct16_sve2_shared
Trace 0: 0x7f62cc14b7c0 [80081009311/0000000000400cc4/00000001/00000201] dynopt_dct16_sve2_shared
Trace 0: 0x7f62cc14b900 [80081009311/0000000000400cc8/00000001/00000201] dynopt_dct16_sve2_shared
Trace 0: 0x7f62cc14ba80 [80081009311/0000000000400ccc/00000001/00000201] dynopt_dct16_sve2_shared
Trace 0: 0x7f62cc14a640 [80081009311/0000000000400c90/00000001/00000201] dynopt_dct16_sve2_shared
Trace 0: 0x7f62cc14a7c0 [80081009311/0000000000400c94/00000001/00000201] dynopt_dct16_sve2_shared
Trace 0: 0x7f62cc14a900 [80081009311/0000000000400c98/00000001/00000201] dynopt_dct16_sve2_shared
Trace 0: 0x7f62cc14aa40 [80081009311/0000000000400c9c/00000001/00000201] dynopt_dct16_sve2_shared
Trace 0: 0x7f62cc14ab80 [80081009311/0000000000400ca0/00000001/00000201] dynopt_dct16_sve2_shared
Trace 0: 0x7f62cc14acc0 [80081009311/0000000000400ca4/00000001/00000201] dynopt_dct16_sve2_shared
Trace 0: 0x7f62cc14ae00 [80081009311/0000000000400ca8/00000001/00000201] dynopt_dct16_sve2_shared
Trace 0: 0x7f62cc14af40 [80081009311/0000000000400cac/00000001/00000201] dynopt_dct16_sve2_shared
Trace 0: 0x7f62cc14b080 [80081009311/0000000000400cb0/00000001/00000201] dynopt_dct16_sve2_shared
Trace 0: 0x7f62cc14b1c0 [80081009311/0000000000400cb4/00000001/00000201] dynopt_dct16_sve2_shared
Trace 0: 0x7f62cc14b340 [80081009311/0000000000400cb8/00000001/00000201] dynopt_dct16_sve2_shared
Trace 0: 0x7f62cc14b4c0 [80081009311/0000000000400cbc/00000001/00000201] dynopt_dct16_sve2_shared
Trace 0: 0x7f62cc14b600 [80081009311/0000000000400cc0/00000001/00000201] dynopt_dct16_sve2_shared
Trace 0: 0x7f62cc14b7c0 [80081009311/0000000000400cc4/00000001/00000201] dynopt_dct16_sve2_shared
Trace 0: 0x7f62cc14b900 [80081009311/0000000000400cc8/00000001/00000201] dynopt_dct16_sve2_shared
Trace 0: 0x7f62cc14ba80 [80081009311/0000000000400ccc/00000001/00000201] dynopt_dct16_sve2_shared
----------------
IN: dynopt_dct16_sve2_shared
0x00400cd0:  3dc05099  ldr      q25, [x4, #0x140]

Trace 0: 0x7f62cc14bbc0 [80081009311/0000000000400cd0/00000001/00000201] dynopt_dct16_sve2_shared
----------------
IN: dynopt_dct16_sve2_shared
0x00400cd4:  91058082  add      x2, x4, #0x160

Trace 0: 0x7f62cc14bd00 [80081009311/0000000000400cd4/00000001/00000201] dynopt_dct16_sve2_shared
----------------
IN: dynopt_dct16_sve2_shared
0x00400cd8:  ad4050ff  ldp      q31, q20, [x7]

Trace 0: 0x7f62cc14be40 [80081009311/0000000000400cd8/00000001/00000201] dynopt_dct16_sve2_shared
----------------
IN: dynopt_dct16_sve2_shared
0x00400cdc:  91030020  add      x0, x1, #0xc0

Trace 0: 0x7f62cc14bfc0 [80081009311/0000000000400cdc/00000001/00000201] dynopt_dct16_sve2_shared
----------------
IN: dynopt_dct16_sve2_shared
0x00400ce0:  ad4148f3  ldp      q19, q18, [x7, #0x20]

Trace 0: 0x7f62cc14c100 [80081009311/0000000000400ce0/00000001/00000201] dynopt_dct16_sve2_shared
----------------
IN: dynopt_dct16_sve2_shared
0x00400ce4:  4eb99ffc  mul      v28.4s, v31.4s, v25.4s

Trace 0: 0x7f62cc14c280 [80081009311/0000000000400ce4/00000001/00000201] dynopt_dct16_sve2_shared
----------------
IN: dynopt_dct16_sve2_shared
0x00400ce8:  4eb99e9b  mul      v27.4s, v20.4s, v25.4s

Trace 0: 0x7f62cc14c3c0 [80081009311/0000000000400ce8/00000001/00000201] dynopt_dct16_sve2_shared
----------------
IN: dynopt_dct16_sve2_shared
0x00400cec:  4eb99e7a  mul      v26.4s, v19.4s, v25.4s

Trace 0: 0x7f62cc14c500 [80081009311/0000000000400cec/00000001/00000201] dynopt_dct16_sve2_shared
----------------
IN: dynopt_dct16_sve2_shared
0x00400cf0:  4eb99e59  mul      v25.4s, v18.4s, v25.4s

Trace 0: 0x7f62cc14c640 [80081009311/0000000000400cf0/00000001/00000201] dynopt_dct16_sve2_shared
----------------
IN: dynopt_dct16_sve2_shared
0x00400cf4:  4ebbbf9b  addp     v27.4s, v28.4s, v27.4s

Trace 0: 0x7f62cc14c780 [80081009311/0000000000400cf4/00000001/00000201] dynopt_dct16_sve2_shared
----------------
IN: dynopt_dct16_sve2_shared
0x00400cf8:  4eb9bf59  addp     v25.4s, v26.4s, v25.4s

Trace 0: 0x7f62cc14c8c0 [80081009311/0000000000400cf8/00000001/00000201] dynopt_dct16_sve2_shared
----------------
IN: dynopt_dct16_sve2_shared
0x00400cfc:  4eb9bf79  addp     v25.4s, v27.4s, v25.4s

Trace 0: 0x7f62cc14ca00 [80081009311/0000000000400cfc/00000001/00000201] dynopt_dct16_sve2_shared
----------------
IN: dynopt_dct16_sve2_shared
0x00400d00:  0f168f39  rshrn    v25.4h, v25.4s, #0xa

Trace 0: 0x7f62cc14cb40 [80081009311/0000000000400d00/00000001/00000201] dynopt_dct16_sve2_shared
----------------
IN: dynopt_dct16_sve2_shared
0x00400d04:  fd002039  str      d25, [x1, #0x40]

Trace 0: 0x7f62cc14cd00 [80081009311/0000000000400d04/00000001/00000201] dynopt_dct16_sve2_shared
----------------
IN: dynopt_dct16_sve2_shared
0x00400d08:  3cc10443  ldr      q3, [x2], #0x10

Trace 0: 0x7f62cc14ce40 [80081009311/0000000000400d08/00000001/00000201] dynopt_dct16_sve2_shared
----------------
IN: dynopt_dct16_sve2_shared
0x00400d0c:  4ea39ff8  mul      v24.4s, v31.4s, v3.4s

Trace 0: 0x7f62cc14cfc0 [80081009311/0000000000400d0c/00000001/00000201] dynopt_dct16_sve2_shared
----------------
IN: dynopt_dct16_sve2_shared
0x00400d10:  4ea39e97  mul      v23.4s, v20.4s, v3.4s

Trace 0: 0x7f62cc14d100 [80081009311/0000000000400d10/00000001/00000201] dynopt_dct16_sve2_shared
----------------
IN: dynopt_dct16_sve2_shared
0x00400d14:  4ea39e76  mul      v22.4s, v19.4s, v3.4s

Trace 0: 0x7f62cc14d240 [80081009311/0000000000400d14/00000001/00000201] dynopt_dct16_sve2_shared
----------------
IN: dynopt_dct16_sve2_shared
0x00400d18:  4ea39e43  mul      v3.4s, v18.4s, v3.4s

Trace 0: 0x7f62cc14d380 [80081009311/0000000000400d18/00000001/00000201] dynopt_dct16_sve2_shared
----------------
IN: dynopt_dct16_sve2_shared
0x00400d1c:  4eb7bf17  addp     v23.4s, v24.4s, v23.4s

Trace 0: 0x7f62cc14d4c0 [80081009311/0000000000400d1c/00000001/00000201] dynopt_dct16_sve2_shared
----------------
IN: dynopt_dct16_sve2_shared
0x00400d20:  4ea3bec3  addp     v3.4s, v22.4s, v3.4s

Trace 0: 0x7f62cc14d600 [80081009311/0000000000400d20/00000001/00000201] dynopt_dct16_sve2_shared
----------------
IN: dynopt_dct16_sve2_shared
0x00400d24:  4ea3bee3  addp     v3.4s, v23.4s, v3.4s

Trace 0: 0x7f62cc14d740 [80081009311/0000000000400d24/00000001/00000201] dynopt_dct16_sve2_shared
----------------
IN: dynopt_dct16_sve2_shared
0x00400d28:  0f168c63  rshrn    v3.4h, v3.4s, #0xa

Trace 0: 0x7f62cc14d880 [80081009311/0000000000400d28/00000001/00000201] dynopt_dct16_sve2_shared
----------------
IN: dynopt_dct16_sve2_shared
0x00400d2c:  fc080403  str      d3, [x0], #0x80

Trace 0: 0x7f62cc14da40 [80081009311/0000000000400d2c/00000001/00000201] dynopt_dct16_sve2_shared
----------------
IN: dynopt_dct16_sve2_shared
0x00400d30:  eb09001f  cmp      x0, x9

Trace 0: 0x7f62cc14db80 [80081009311/0000000000400d30/00000001/00000201] dynopt_dct16_sve2_shared
----------------
IN: dynopt_dct16_sve2_shared
0x00400d34:  54fffea1  b.ne     #0x400d08

Trace 0: 0x7f62cc14dd00 [80081009311/0000000000400d34/00000001/00000201] dynopt_dct16_sve2_shared
Trace 0: 0x7f62cc14ce40 [80081009311/0000000000400d08/00000001/00000201] dynopt_dct16_sve2_shared
Trace 0: 0x7f62cc14cfc0 [80081009311/0000000000400d0c/00000001/00000201] dynopt_dct16_sve2_shared
Trace 0: 0x7f62cc14d100 [80081009311/0000000000400d10/00000001/00000201] dynopt_dct16_sve2_shared
Trace 0: 0x7f62cc14d240 [80081009311/0000000000400d14/00000001/00000201] dynopt_dct16_sve2_shared
Trace 0: 0x7f62cc14d380 [80081009311/0000000000400d18/00000001/00000201] dynopt_dct16_sve2_shared
Trace 0: 0x7f62cc14d4c0 [80081009311/0000000000400d1c/00000001/00000201] dynopt_dct16_sve2_shared
Trace 0: 0x7f62cc14d600 [80081009311/0000000000400d20/00000001/00000201] dynopt_dct16_sve2_shared
Trace 0: 0x7f62cc14d740 [80081009311/0000000000400d24/00000001/00000201] dynopt_dct16_sve2_shared
Trace 0: 0x7f62cc14d880 [80081009311/0000000000400d28/00000001/00000201] dynopt_dct16_sve2_shared
Trace 0: 0x7f62cc14da40 [80081009311/0000000000400d2c/00000001/00000201] dynopt_dct16_sve2_shared
Trace 0: 0x7f62cc14db80 [80081009311/0000000000400d30/00000001/00000201] dynopt_dct16_sve2_shared
Trace 0: 0x7f62cc14dd00 [80081009311/0000000000400d34/00000001/00000201] dynopt_dct16_sve2_shared
Trace 0: 0x7f62cc14ce40 [80081009311/0000000000400d08/00000001/00000201] dynopt_dct16_sve2_shared
Trace 0: 0x7f62cc14cfc0 [80081009311/0000000000400d0c/00000001/00000201] dynopt_dct16_sve2_shared
Trace 0: 0x7f62cc14d100 [80081009311/0000000000400d10/00000001/00000201] dynopt_dct16_sve2_shared
Trace 0: 0x7f62cc14d240 [80081009311/0000000000400d14/00000001/00000201] dynopt_dct16_sve2_shared
Trace 0: 0x7f62cc14d380 [80081009311/0000000000400d18/00000001/00000201] dynopt_dct16_sve2_shared
Trace 0: 0x7f62cc14d4c0 [80081009311/0000000000400d1c/00000001/00000201] dynopt_dct16_sve2_shared
Trace 0: 0x7f62cc14d600 [80081009311/0000000000400d20/00000001/00000201] dynopt_dct16_sve2_shared
Trace 0: 0x7f62cc14d740 [80081009311/0000000000400d24/00000001/00000201] dynopt_dct16_sve2_shared
Trace 0: 0x7f62cc14d880 [80081009311/0000000000400d28/00000001/00000201] dynopt_dct16_sve2_shared
Trace 0: 0x7f62cc14da40 [80081009311/0000000000400d2c/00000001/00000201] dynopt_dct16_sve2_shared
Trace 0: 0x7f62cc14db80 [80081009311/0000000000400d30/00000001/00000201] dynopt_dct16_sve2_shared
Trace 0: 0x7f62cc14dd00 [80081009311/0000000000400d34/00000001/00000201] dynopt_dct16_sve2_shared
----------------
IN: dynopt_dct16_sve2_shared
0x00400d38:  13017ca2  asr      w2, w5, #1

Trace 0: 0x7f62cc14de40 [80081009311/0000000000400d38/00000001/00000201] dynopt_dct16_sve2_shared
----------------
IN: dynopt_dct16_sve2_shared
0x00400d3c:  110010a5  add      w5, w5, #4

Trace 0: 0x7f62cc14df80 [80081009311/0000000000400d3c/00000001/00000201] dynopt_dct16_sve2_shared
----------------
IN: dynopt_dct16_sve2_shared
0x00400d40:  3dc06c86  ldr      q6, [x4, #0x1b0]

Trace 0: 0x7f62cc14e0c0 [80081009311/0000000000400d40/00000001/00000201] dynopt_dct16_sve2_shared
----------------
IN: dynopt_dct16_sve2_shared
0x00400d44:  937c7c46  sbfiz    x6, x2, #4, #0x20

Trace 0: 0x7f62cc14e200 [80081009311/0000000000400d44/00000001/00000201] dynopt_dct16_sve2_shared
----------------
IN: dynopt_dct16_sve2_shared
0x00400d48:  11000442  add      w2, w2, #1

Trace 0: 0x7f62cc14e340 [80081009311/0000000000400d48/00000001/00000201] dynopt_dct16_sve2_shared
----------------
IN: dynopt_dct16_sve2_shared
0x00400d4c:  91010108  add      x8, x8, #0x40

Trace 0: 0x7f62cc14e480 [80081009311/0000000000400d4c/00000001/00000201] dynopt_dct16_sve2_shared
----------------
IN: dynopt_dct16_sve2_shared
0x00400d50:  ad4c8081  ldp      q1, q0, [x4, #0x190]

Trace 0: 0x7f62cc14e5c0 [80081009311/0000000000400d50/00000001/00000201] dynopt_dct16_sve2_shared
----------------
IN: dynopt_dct16_sve2_shared
0x00400d54:  937c7c42  sbfiz    x2, x2, #4, #0x20

Trace 0: 0x7f62cc14e740 [80081009311/0000000000400d54/00000001/00000201] dynopt_dct16_sve2_shared
----------------
IN: dynopt_dct16_sve2_shared
0x00400d58:  3ce66965  ldr      q5, [x11, x6]

Trace 0: 0x7f62cc14e880 [80081009311/0000000000400d58/00000001/00000201] dynopt_dct16_sve2_shared
----------------
IN: dynopt_dct16_sve2_shared
0x00400d5c:  91002009  add      x9, x0, #8

Trace 0: 0x7f62cc14e9c0 [80081009311/0000000000400d5c/00000001/00000201] dynopt_dct16_sve2_shared
----------------
IN: dynopt_dct16_sve2_shared
0x00400d60:  3ce26971  ldr      q17, [x11, x2]

Trace 0: 0x7f62cc14eb00 [80081009311/0000000000400d60/00000001/00000201] dynopt_dct16_sve2_shared
----------------
IN: dynopt_dct16_sve2_shared
0x00400d64:  910100e7  add      x7, x7, #0x40

Trace 0: 0x7f62cc14ec40 [80081009311/0000000000400d64/00000001/00000201] dynopt_dct16_sve2_shared
----------------
IN: dynopt_dct16_sve2_shared
0x00400d68:  3ce66950  ldr      q16, [x10, x6]

Trace 0: 0x7f62cc14ed80 [80081009311/0000000000400d68/00000001/00000201] dynopt_dct16_sve2_shared
----------------
IN: dynopt_dct16_sve2_shared
0x00400d6c:  91002063  add      x3, x3, #8

Trace 0: 0x7f62cc14eec0 [80081009311/0000000000400d6c/00000001/00000201] dynopt_dct16_sve2_shared
----------------
IN: dynopt_dct16_sve2_shared
0x00400d70:  3ce26947  ldr      q7, [x10, x2]

Trace 0: 0x7f62cc14f000 [80081009311/0000000000400d70/00000001/00000201] dynopt_dct16_sve2_shared
----------------
IN: dynopt_dct16_sve2_shared
0x00400d74:  91002021  add      x1, x1, #8

Trace 0: 0x7f62cc14f140 [80081009311/0000000000400d74/00000001/00000201] dynopt_dct16_sve2_shared
----------------
IN: dynopt_dct16_sve2_shared
0x00400d78:  4ea19e04  mul      v4.4s, v16.4s, v1.4s

Trace 0: 0x7f62cc14f280 [80081009311/0000000000400d78/00000001/00000201] dynopt_dct16_sve2_shared
----------------
IN: dynopt_dct16_sve2_shared
0x00400d7c:  4eb1bca2  addp     v2.4s, v5.4s, v17.4s

Trace 0: 0x7f62cc14f3c0 [80081009311/0000000000400d7c/00000001/00000201] dynopt_dct16_sve2_shared
----------------
IN: dynopt_dct16_sve2_shared
0x00400d80:  4ea69e10  mul      v16.4s, v16.4s, v6.4s

Trace 0: 0x7f62cc14f500 [80081009311/0000000000400d80/00000001/00000201] dynopt_dct16_sve2_shared
----------------
IN: dynopt_dct16_sve2_shared
0x00400d84:  4ea09ca5  mul      v5.4s, v5.4s, v0.4s

Trace 0: 0x7f62cc14f640 [80081009311/0000000000400d84/00000001/00000201] dynopt_dct16_sve2_shared
----------------
IN: dynopt_dct16_sve2_shared
0x00400d88:  4ea19ce1  mul      v1.4s, v7.4s, v1.4s

Trace 0: 0x7f62cc14f780 [80081009311/0000000000400d88/00000001/00000201] dynopt_dct16_sve2_shared
----------------
IN: dynopt_dct16_sve2_shared
0x00400d8c:  4ea09e20  mul      v0.4s, v17.4s, v0.4s

Trace 0: 0x7f62cc14f8c0 [80081009311/0000000000400d8c/00000001/00000201] dynopt_dct16_sve2_shared
----------------
IN: dynopt_dct16_sve2_shared
0x00400d90:  4ea69ce6  mul      v6.4s, v7.4s, v6.4s

Trace 0: 0x7f62cc14fa00 [80081009311/0000000000400d90/00000001/00000201] dynopt_dct16_sve2_shared
----------------
IN: dynopt_dct16_sve2_shared
0x00400d94:  4f265442  shl      v2.4s, v2.4s, #6

Trace 0: 0x7f62cc14fb40 [80081009311/0000000000400d94/00000001/00000201] dynopt_dct16_sve2_shared
----------------
IN: dynopt_dct16_sve2_shared
0x00400d98:  4ea1bc81  addp     v1.4s, v4.4s, v1.4s

Trace 0: 0x7f62cc14fc80 [80081009311/0000000000400d98/00000001/00000201] dynopt_dct16_sve2_shared
----------------
IN: dynopt_dct16_sve2_shared
0x00400d9c:  4ea0bca0  addp     v0.4s, v5.4s, v0.4s

Trace 0: 0x7f62cc14fdc0 [80081009311/0000000000400d9c/00000001/00000201] dynopt_dct16_sve2_shared
----------------
IN: dynopt_dct16_sve2_shared
0x00400da0:  4ea6be06  addp     v6.4s, v16.4s, v6.4s

Trace 0: 0x7f62cc14ff00 [80081009311/0000000000400da0/00000001/00000201] dynopt_dct16_sve2_shared
----------------
IN: dynopt_dct16_sve2_shared
0x00400da4:  0f168c42  rshrn    v2.4h, v2.4s, #0xa

Trace 0: 0x7f62cc150040 [80081009311/0000000000400da4/00000001/00000201] dynopt_dct16_sve2_shared
----------------
IN: dynopt_dct16_sve2_shared
0x00400da8:  0f168c21  rshrn    v1.4h, v1.4s, #0xa

Trace 0: 0x7f62cc150200 [80081009311/0000000000400da8/00000001/00000201] dynopt_dct16_sve2_shared
----------------
IN: dynopt_dct16_sve2_shared
0x00400dac:  0f168c00  rshrn    v0.4h, v0.4s, #0xa

Trace 0: 0x7f62cc1503c0 [80081009311/0000000000400dac/00000001/00000201] dynopt_dct16_sve2_shared
----------------
IN: dynopt_dct16_sve2_shared
0x00400db0:  0f168cc6  rshrn    v6.4h, v6.4s, #0xa

Trace 0: 0x7f62cc150580 [80081009311/0000000000400db0/00000001/00000201] dynopt_dct16_sve2_shared
----------------
IN: dynopt_dct16_sve2_shared
0x00400db4:  fc1f8022  stur     d2, [x1, #-8]

Trace 0: 0x7f62cc150740 [80081009311/0000000000400db4/00000001/00000201] dynopt_dct16_sve2_shared
----------------
IN: dynopt_dct16_sve2_shared
0x00400db8:  fd003c21  str      d1, [x1, #0x78]

Trace 0: 0x7f62cc150880 [80081009311/0000000000400db8/00000001/00000201] dynopt_dct16_sve2_shared
----------------
IN: dynopt_dct16_sve2_shared
0x00400dbc:  fd007c20  str      d0, [x1, #0xf8]

Trace 0: 0x7f62cc1509c0 [80081009311/0000000000400dbc/00000001/00000201] dynopt_dct16_sve2_shared
----------------
IN: dynopt_dct16_sve2_shared
0x00400dc0:  fd00bc26  str      d6, [x1, #0x178]

Trace 0: 0x7f62cc150b00 [80081009311/0000000000400dc0/00000001/00000201] dynopt_dct16_sve2_shared
----------------
IN: dynopt_dct16_sve2_shared
0x00400dc4:  710040bf  cmp      w5, #0x10

Trace 0: 0x7f62cc150c40 [80081009311/0000000000400dc4/00000001/00000201] dynopt_dct16_sve2_shared
----------------
IN: dynopt_dct16_sve2_shared
0x00400dc8:  54fff5c1  b.ne     #0x400c80

Trace 0: 0x7f62cc150d80 [80081009311/0000000000400dc8/00000001/00000201] dynopt_dct16_sve2_shared
Trace 0: 0x7f62cc14a0c0 [80081009311/0000000000400c80/00000001/00000201] dynopt_dct16_sve2_shared
Trace 0: 0x7f62cc14a240 [80081009311/0000000000400c84/00000001/00000201] dynopt_dct16_sve2_shared
Trace 0: 0x7f62cc14a380 [80081009311/0000000000400c88/00000001/00000201] dynopt_dct16_sve2_shared
Trace 0: 0x7f62cc14a500 [80081009311/0000000000400c8c/00000001/00000201] dynopt_dct16_sve2_shared
Trace 0: 0x7f62cc14a640 [80081009311/0000000000400c90/00000001/00000201] dynopt_dct16_sve2_shared
Trace 0: 0x7f62cc14a7c0 [80081009311/0000000000400c94/00000001/00000201] dynopt_dct16_sve2_shared
Trace 0: 0x7f62cc14a900 [80081009311/0000000000400c98/00000001/00000201] dynopt_dct16_sve2_shared
Trace 0: 0x7f62cc14aa40 [80081009311/0000000000400c9c/00000001/00000201] dynopt_dct16_sve2_shared
Trace 0: 0x7f62cc14ab80 [80081009311/0000000000400ca0/00000001/00000201] dynopt_dct16_sve2_shared
Trace 0: 0x7f62cc14acc0 [80081009311/0000000000400ca4/00000001/00000201] dynopt_dct16_sve2_shared
Trace 0: 0x7f62cc14ae00 [80081009311/0000000000400ca8/00000001/00000201] dynopt_dct16_sve2_shared
Trace 0: 0x7f62cc14af40 [80081009311/0000000000400cac/00000001/00000201] dynopt_dct16_sve2_shared
Trace 0: 0x7f62cc14b080 [80081009311/0000000000400cb0/00000001/00000201] dynopt_dct16_sve2_shared
Trace 0: 0x7f62cc14b1c0 [80081009311/0000000000400cb4/00000001/00000201] dynopt_dct16_sve2_shared
Trace 0: 0x7f62cc14b340 [80081009311/0000000000400cb8/00000001/00000201] dynopt_dct16_sve2_shared
Trace 0: 0x7f62cc14b4c0 [80081009311/0000000000400cbc/00000001/00000201] dynopt_dct16_sve2_shared
Trace 0: 0x7f62cc14b600 [80081009311/0000000000400cc0/00000001/00000201] dynopt_dct16_sve2_shared
Trace 0: 0x7f62cc14b7c0 [80081009311/0000000000400cc4/00000001/00000201] dynopt_dct16_sve2_shared
Trace 0: 0x7f62cc14b900 [80081009311/0000000000400cc8/00000001/00000201] dynopt_dct16_sve2_shared
Trace 0: 0x7f62cc14ba80 [80081009311/0000000000400ccc/00000001/00000201] dynopt_dct16_sve2_shared
Trace 0: 0x7f62cc14a640 [80081009311/0000000000400c90/00000001/00000201] dynopt_dct16_sve2_shared
Trace 0: 0x7f62cc14a7c0 [80081009311/0000000000400c94/00000001/00000201] dynopt_dct16_sve2_shared
Trace 0: 0x7f62cc14a900 [80081009311/0000000000400c98/00000001/00000201] dynopt_dct16_sve2_shared
Trace 0: 0x7f62cc14aa40 [80081009311/0000000000400c9c/00000001/00000201] dynopt_dct16_sve2_shared
Trace 0: 0x7f62cc14ab80 [80081009311/0000000000400ca0/00000001/00000201] dynopt_dct16_sve2_shared
Trace 0: 0x7f62cc14acc0 [80081009311/0000000000400ca4/00000001/00000201] dynopt_dct16_sve2_shared
Trace 0: 0x7f62cc14ae00 [80081009311/0000000000400ca8/00000001/00000201] dynopt_dct16_sve2_shared
Trace 0: 0x7f62cc14af40 [80081009311/0000000000400cac/00000001/00000201] dynopt_dct16_sve2_shared
Trace 0: 0x7f62cc14b080 [80081009311/0000000000400cb0/00000001/00000201] dynopt_dct16_sve2_shared
Trace 0: 0x7f62cc14b1c0 [80081009311/0000000000400cb4/00000001/00000201] dynopt_dct16_sve2_shared
Trace 0: 0x7f62cc14b340 [80081009311/0000000000400cb8/00000001/00000201] dynopt_dct16_sve2_shared
Trace 0: 0x7f62cc14b4c0 [80081009311/0000000000400cbc/00000001/00000201] dynopt_dct16_sve2_shared
Trace 0: 0x7f62cc14b600 [80081009311/0000000000400cc0/00000001/00000201] dynopt_dct16_sve2_shared
Trace 0: 0x7f62cc14b7c0 [80081009311/0000000000400cc4/00000001/00000201] dynopt_dct16_sve2_shared
Trace 0: 0x7f62cc14b900 [80081009311/0000000000400cc8/00000001/00000201] dynopt_dct16_sve2_shared
Trace 0: 0x7f62cc14ba80 [80081009311/0000000000400ccc/00000001/00000201] dynopt_dct16_sve2_shared
Trace 0: 0x7f62cc14a640 [80081009311/0000000000400c90/00000001/00000201] dynopt_dct16_sve2_shared
Trace 0: 0x7f62cc14a7c0 [80081009311/0000000000400c94/00000001/00000201] dynopt_dct16_sve2_shared
Trace 0: 0x7f62cc14a900 [80081009311/0000000000400c98/00000001/00000201] dynopt_dct16_sve2_shared
Trace 0: 0x7f62cc14aa40 [80081009311/0000000000400c9c/00000001/00000201] dynopt_dct16_sve2_shared
Trace 0: 0x7f62cc14ab80 [80081009311/0000000000400ca0/00000001/00000201] dynopt_dct16_sve2_shared
Trace 0: 0x7f62cc14acc0 [80081009311/0000000000400ca4/00000001/00000201] dynopt_dct16_sve2_shared
Trace 0: 0x7f62cc14ae00 [80081009311/0000000000400ca8/00000001/00000201] dynopt_dct16_sve2_shared
Trace 0: 0x7f62cc14af40 [80081009311/0000000000400cac/00000001/00000201] dynopt_dct16_sve2_shared
Trace 0: 0x7f62cc14b080 [80081009311/0000000000400cb0/00000001/00000201] dynopt_dct16_sve2_shared
Trace 0: 0x7f62cc14b1c0 [80081009311/0000000000400cb4/00000001/00000201] dynopt_dct16_sve2_shared
Trace 0: 0x7f62cc14b340 [80081009311/0000000000400cb8/00000001/00000201] dynopt_dct16_sve2_shared
Trace 0: 0x7f62cc14b4c0 [80081009311/0000000000400cbc/00000001/00000201] dynopt_dct16_sve2_shared
Trace 0: 0x7f62cc14b600 [80081009311/0000000000400cc0/00000001/00000201] dynopt_dct16_sve2_shared
Trace 0: 0x7f62cc14b7c0 [80081009311/0000000000400cc4/00000001/00000201] dynopt_dct16_sve2_shared
Trace 0: 0x7f62cc14b900 [80081009311/0000000000400cc8/00000001/00000201] dynopt_dct16_sve2_shared
Trace 0: 0x7f62cc14ba80 [80081009311/0000000000400ccc/00000001/00000201] dynopt_dct16_sve2_shared
Trace 0: 0x7f62cc14a640 [80081009311/0000000000400c90/00000001/00000201] dynopt_dct16_sve2_shared
Trace 0: 0x7f62cc14a7c0 [80081009311/0000000000400c94/00000001/00000201] dynopt_dct16_sve2_shared
Trace 0: 0x7f62cc14a900 [80081009311/0000000000400c98/00000001/00000201] dynopt_dct16_sve2_shared
Trace 0: 0x7f62cc14aa40 [80081009311/0000000000400c9c/00000001/00000201] dynopt_dct16_sve2_shared
Trace 0: 0x7f62cc14ab80 [80081009311/0000000000400ca0/00000001/00000201] dynopt_dct16_sve2_shared
Trace 0: 0x7f62cc14acc0 [80081009311/0000000000400ca4/00000001/00000201] dynopt_dct16_sve2_shared
Trace 0: 0x7f62cc14ae00 [80081009311/0000000000400ca8/00000001/00000201] dynopt_dct16_sve2_shared
Trace 0: 0x7f62cc14af40 [80081009311/0000000000400cac/00000001/00000201] dynopt_dct16_sve2_shared
Trace 0: 0x7f62cc14b080 [80081009311/0000000000400cb0/00000001/00000201] dynopt_dct16_sve2_shared
Trace 0: 0x7f62cc14b1c0 [80081009311/0000000000400cb4/00000001/00000201] dynopt_dct16_sve2_shared
Trace 0: 0x7f62cc14b340 [80081009311/0000000000400cb8/00000001/00000201] dynopt_dct16_sve2_shared
Trace 0: 0x7f62cc14b4c0 [80081009311/0000000000400cbc/00000001/00000201] dynopt_dct16_sve2_shared
Trace 0: 0x7f62cc14b600 [80081009311/0000000000400cc0/00000001/00000201] dynopt_dct16_sve2_shared
Trace 0: 0x7f62cc14b7c0 [80081009311/0000000000400cc4/00000001/00000201] dynopt_dct16_sve2_shared
Trace 0: 0x7f62cc14b900 [80081009311/0000000000400cc8/00000001/00000201] dynopt_dct16_sve2_shared
Trace 0: 0x7f62cc14ba80 [80081009311/0000000000400ccc/00000001/00000201] dynopt_dct16_sve2_shared
Trace 0: 0x7f62cc14a640 [80081009311/0000000000400c90/00000001/00000201] dynopt_dct16_sve2_shared
Trace 0: 0x7f62cc14a7c0 [80081009311/0000000000400c94/00000001/00000201] dynopt_dct16_sve2_shared
Trace 0: 0x7f62cc14a900 [80081009311/0000000000400c98/00000001/00000201] dynopt_dct16_sve2_shared
Trace 0: 0x7f62cc14aa40 [80081009311/0000000000400c9c/00000001/00000201] dynopt_dct16_sve2_shared
Trace 0: 0x7f62cc14ab80 [80081009311/0000000000400ca0/00000001/00000201] dynopt_dct16_sve2_shared
Trace 0: 0x7f62cc14acc0 [80081009311/0000000000400ca4/00000001/00000201] dynopt_dct16_sve2_shared
Trace 0: 0x7f62cc14ae00 [80081009311/0000000000400ca8/00000001/00000201] dynopt_dct16_sve2_shared
Trace 0: 0x7f62cc14af40 [80081009311/0000000000400cac/00000001/00000201] dynopt_dct16_sve2_shared
Trace 0: 0x7f62cc14b080 [80081009311/0000000000400cb0/00000001/00000201] dynopt_dct16_sve2_shared
Trace 0: 0x7f62cc14b1c0 [80081009311/0000000000400cb4/00000001/00000201] dynopt_dct16_sve2_shared
Trace 0: 0x7f62cc14b340 [80081009311/0000000000400cb8/00000001/00000201] dynopt_dct16_sve2_shared
Trace 0: 0x7f62cc14b4c0 [80081009311/0000000000400cbc/00000001/00000201] dynopt_dct16_sve2_shared
Trace 0: 0x7f62cc14b600 [80081009311/0000000000400cc0/00000001/00000201] dynopt_dct16_sve2_shared
Trace 0: 0x7f62cc14b7c0 [80081009311/0000000000400cc4/00000001/00000201] dynopt_dct16_sve2_shared
Trace 0: 0x7f62cc14b900 [80081009311/0000000000400cc8/00000001/00000201] dynopt_dct16_sve2_shared
Trace 0: 0x7f62cc14ba80 [80081009311/0000000000400ccc/00000001/00000201] dynopt_dct16_sve2_shared
Trace 0: 0x7f62cc14a640 [80081009311/0000000000400c90/00000001/00000201] dynopt_dct16_sve2_shared
Trace 0: 0x7f62cc14a7c0 [80081009311/0000000000400c94/00000001/00000201] dynopt_dct16_sve2_shared
Trace 0: 0x7f62cc14a900 [80081009311/0000000000400c98/00000001/00000201] dynopt_dct16_sve2_shared
Trace 0: 0x7f62cc14aa40 [80081009311/0000000000400c9c/00000001/00000201] dynopt_dct16_sve2_shared
Trace 0: 0x7f62cc14ab80 [80081009311/0000000000400ca0/00000001/00000201] dynopt_dct16_sve2_shared
Trace 0: 0x7f62cc14acc0 [80081009311/0000000000400ca4/00000001/00000201] dynopt_dct16_sve2_shared
Trace 0: 0x7f62cc14ae00 [80081009311/0000000000400ca8/00000001/00000201] dynopt_dct16_sve2_shared
Trace 0: 0x7f62cc14af40 [80081009311/0000000000400cac/00000001/00000201] dynopt_dct16_sve2_shared
Trace 0: 0x7f62cc14b080 [80081009311/0000000000400cb0/00000001/00000201] dynopt_dct16_sve2_shared
Trace 0: 0x7f62cc14b1c0 [80081009311/0000000000400cb4/00000001/00000201] dynopt_dct16_sve2_shared
Trace 0: 0x7f62cc14b340 [80081009311/0000000000400cb8/00000001/00000201] dynopt_dct16_sve2_shared
Trace 0: 0x7f62cc14b4c0 [80081009311/0000000000400cbc/00000001/00000201] dynopt_dct16_sve2_shared
Trace 0: 0x7f62cc14b600 [80081009311/0000000000400cc0/00000001/00000201] dynopt_dct16_sve2_shared
Trace 0: 0x7f62cc14b7c0 [80081009311/0000000000400cc4/00000001/00000201] dynopt_dct16_sve2_shared
Trace 0: 0x7f62cc14b900 [80081009311/0000000000400cc8/00000001/00000201] dynopt_dct16_sve2_shared
Trace 0: 0x7f62cc14ba80 [80081009311/0000000000400ccc/00000001/00000201] dynopt_dct16_sve2_shared
Trace 0: 0x7f62cc14a640 [80081009311/0000000000400c90/00000001/00000201] dynopt_dct16_sve2_shared
Trace 0: 0x7f62cc14a7c0 [80081009311/0000000000400c94/00000001/00000201] dynopt_dct16_sve2_shared
Trace 0: 0x7f62cc14a900 [80081009311/0000000000400c98/00000001/00000201] dynopt_dct16_sve2_shared
Trace 0: 0x7f62cc14aa40 [80081009311/0000000000400c9c/00000001/00000201] dynopt_dct16_sve2_shared
Trace 0: 0x7f62cc14ab80 [80081009311/0000000000400ca0/00000001/00000201] dynopt_dct16_sve2_shared
Trace 0: 0x7f62cc14acc0 [80081009311/0000000000400ca4/00000001/00000201] dynopt_dct16_sve2_shared
Trace 0: 0x7f62cc14ae00 [80081009311/0000000000400ca8/00000001/00000201] dynopt_dct16_sve2_shared
Trace 0: 0x7f62cc14af40 [80081009311/0000000000400cac/00000001/00000201] dynopt_dct16_sve2_shared
Trace 0: 0x7f62cc14b080 [80081009311/0000000000400cb0/00000001/00000201] dynopt_dct16_sve2_shared
Trace 0: 0x7f62cc14b1c0 [80081009311/0000000000400cb4/00000001/00000201] dynopt_dct16_sve2_shared
Trace 0: 0x7f62cc14b340 [80081009311/0000000000400cb8/00000001/00000201] dynopt_dct16_sve2_shared
Trace 0: 0x7f62cc14b4c0 [80081009311/0000000000400cbc/00000001/00000201] dynopt_dct16_sve2_shared
Trace 0: 0x7f62cc14b600 [80081009311/0000000000400cc0/00000001/00000201] dynopt_dct16_sve2_shared
Trace 0: 0x7f62cc14b7c0 [80081009311/0000000000400cc4/00000001/00000201] dynopt_dct16_sve2_shared
Trace 0: 0x7f62cc14b900 [80081009311/0000000000400cc8/00000001/00000201] dynopt_dct16_sve2_shared
Trace 0: 0x7f62cc14ba80 [80081009311/0000000000400ccc/00000001/00000201] dynopt_dct16_sve2_shared
Trace 0: 0x7f62cc14a640 [80081009311/0000000000400c90/00000001/00000201] dynopt_dct16_sve2_shared
Trace 0: 0x7f62cc14a7c0 [80081009311/0000000000400c94/00000001/00000201] dynopt_dct16_sve2_shared
Trace 0: 0x7f62cc14a900 [80081009311/0000000000400c98/00000001/00000201] dynopt_dct16_sve2_shared
Trace 0: 0x7f62cc14aa40 [80081009311/0000000000400c9c/00000001/00000201] dynopt_dct16_sve2_shared
Trace 0: 0x7f62cc14ab80 [80081009311/0000000000400ca0/00000001/00000201] dynopt_dct16_sve2_shared
Trace 0: 0x7f62cc14acc0 [80081009311/0000000000400ca4/00000001/00000201] dynopt_dct16_sve2_shared
Trace 0: 0x7f62cc14ae00 [80081009311/0000000000400ca8/00000001/00000201] dynopt_dct16_sve2_shared
Trace 0: 0x7f62cc14af40 [80081009311/0000000000400cac/00000001/00000201] dynopt_dct16_sve2_shared
Trace 0: 0x7f62cc14b080 [80081009311/0000000000400cb0/00000001/00000201] dynopt_dct16_sve2_shared
Trace 0: 0x7f62cc14b1c0 [80081009311/0000000000400cb4/00000001/00000201] dynopt_dct16_sve2_shared
Trace 0: 0x7f62cc14b340 [80081009311/0000000000400cb8/00000001/00000201] dynopt_dct16_sve2_shared
Trace 0: 0x7f62cc14b4c0 [80081009311/0000000000400cbc/00000001/00000201] dynopt_dct16_sve2_shared
Trace 0: 0x7f62cc14b600 [80081009311/0000000000400cc0/00000001/00000201] dynopt_dct16_sve2_shared
Trace 0: 0x7f62cc14b7c0 [80081009311/0000000000400cc4/00000001/00000201] dynopt_dct16_sve2_shared
Trace 0: 0x7f62cc14b900 [80081009311/0000000000400cc8/00000001/00000201] dynopt_dct16_sve2_shared
Trace 0: 0x7f62cc14ba80 [80081009311/0000000000400ccc/00000001/00000201] dynopt_dct16_sve2_shared
Trace 0: 0x7f62cc14bbc0 [80081009311/0000000000400cd0/00000001/00000201] dynopt_dct16_sve2_shared
Trace 0: 0x7f62cc14bd00 [80081009311/0000000000400cd4/00000001/00000201] dynopt_dct16_sve2_shared
Trace 0: 0x7f62cc14be40 [80081009311/0000000000400cd8/00000001/00000201] dynopt_dct16_sve2_shared
Trace 0: 0x7f62cc14bfc0 [80081009311/0000000000400cdc/00000001/00000201] dynopt_dct16_sve2_shared
Trace 0: 0x7f62cc14c100 [80081009311/0000000000400ce0/00000001/00000201] dynopt_dct16_sve2_shared
Trace 0: 0x7f62cc14c280 [80081009311/0000000000400ce4/00000001/00000201] dynopt_dct16_sve2_shared
Trace 0: 0x7f62cc14c3c0 [80081009311/0000000000400ce8/00000001/00000201] dynopt_dct16_sve2_shared
Trace 0: 0x7f62cc14c500 [80081009311/0000000000400cec/00000001/00000201] dynopt_dct16_sve2_shared
Trace 0: 0x7f62cc14c640 [80081009311/0000000000400cf0/00000001/00000201] dynopt_dct16_sve2_shared
Trace 0: 0x7f62cc14c780 [80081009311/0000000000400cf4/00000001/00000201] dynopt_dct16_sve2_shared
Trace 0: 0x7f62cc14c8c0 [80081009311/0000000000400cf8/00000001/00000201] dynopt_dct16_sve2_shared
Trace 0: 0x7f62cc14ca00 [80081009311/0000000000400cfc/00000001/00000201] dynopt_dct16_sve2_shared
Trace 0: 0x7f62cc14cb40 [80081009311/0000000000400d00/00000001/00000201] dynopt_dct16_sve2_shared
Trace 0: 0x7f62cc14cd00 [80081009311/0000000000400d04/00000001/00000201] dynopt_dct16_sve2_shared
Trace 0: 0x7f62cc14ce40 [80081009311/0000000000400d08/00000001/00000201] dynopt_dct16_sve2_shared
Trace 0: 0x7f62cc14cfc0 [80081009311/0000000000400d0c/00000001/00000201] dynopt_dct16_sve2_shared
Trace 0: 0x7f62cc14d100 [80081009311/0000000000400d10/00000001/00000201] dynopt_dct16_sve2_shared
Trace 0: 0x7f62cc14d240 [80081009311/0000000000400d14/00000001/00000201] dynopt_dct16_sve2_shared
Trace 0: 0x7f62cc14d380 [80081009311/0000000000400d18/00000001/00000201] dynopt_dct16_sve2_shared
Trace 0: 0x7f62cc14d4c0 [80081009311/0000000000400d1c/00000001/00000201] dynopt_dct16_sve2_shared
Trace 0: 0x7f62cc14d600 [80081009311/0000000000400d20/00000001/00000201] dynopt_dct16_sve2_shared
Trace 0: 0x7f62cc14d740 [80081009311/0000000000400d24/00000001/00000201] dynopt_dct16_sve2_shared
Trace 0: 0x7f62cc14d880 [80081009311/0000000000400d28/00000001/00000201] dynopt_dct16_sve2_shared
Trace 0: 0x7f62cc14da40 [80081009311/0000000000400d2c/00000001/00000201] dynopt_dct16_sve2_shared
Trace 0: 0x7f62cc14db80 [80081009311/0000000000400d30/00000001/00000201] dynopt_dct16_sve2_shared
Trace 0: 0x7f62cc14dd00 [80081009311/0000000000400d34/00000001/00000201] dynopt_dct16_sve2_shared
Trace 0: 0x7f62cc14ce40 [80081009311/0000000000400d08/00000001/00000201] dynopt_dct16_sve2_shared
Trace 0: 0x7f62cc14cfc0 [80081009311/0000000000400d0c/00000001/00000201] dynopt_dct16_sve2_shared
Trace 0: 0x7f62cc14d100 [80081009311/0000000000400d10/00000001/00000201] dynopt_dct16_sve2_shared
Trace 0: 0x7f62cc14d240 [80081009311/0000000000400d14/00000001/00000201] dynopt_dct16_sve2_shared
Trace 0: 0x7f62cc14d380 [80081009311/0000000000400d18/00000001/00000201] dynopt_dct16_sve2_shared
Trace 0: 0x7f62cc14d4c0 [80081009311/0000000000400d1c/00000001/00000201] dynopt_dct16_sve2_shared
Trace 0: 0x7f62cc14d600 [80081009311/0000000000400d20/00000001/00000201] dynopt_dct16_sve2_shared
Trace 0: 0x7f62cc14d740 [80081009311/0000000000400d24/00000001/00000201] dynopt_dct16_sve2_shared
Trace 0: 0x7f62cc14d880 [80081009311/0000000000400d28/00000001/00000201] dynopt_dct16_sve2_shared
Trace 0: 0x7f62cc14da40 [80081009311/0000000000400d2c/00000001/00000201] dynopt_dct16_sve2_shared
Trace 0: 0x7f62cc14db80 [80081009311/0000000000400d30/00000001/00000201] dynopt_dct16_sve2_shared
Trace 0: 0x7f62cc14dd00 [80081009311/0000000000400d34/00000001/00000201] dynopt_dct16_sve2_shared
Trace 0: 0x7f62cc14ce40 [80081009311/0000000000400d08/00000001/00000201] dynopt_dct16_sve2_shared
Trace 0: 0x7f62cc14cfc0 [80081009311/0000000000400d0c/00000001/00000201] dynopt_dct16_sve2_shared
Trace 0: 0x7f62cc14d100 [80081009311/0000000000400d10/00000001/00000201] dynopt_dct16_sve2_shared
Trace 0: 0x7f62cc14d240 [80081009311/0000000000400d14/00000001/00000201] dynopt_dct16_sve2_shared
Trace 0: 0x7f62cc14d380 [80081009311/0000000000400d18/00000001/00000201] dynopt_dct16_sve2_shared
Trace 0: 0x7f62cc14d4c0 [80081009311/0000000000400d1c/00000001/00000201] dynopt_dct16_sve2_shared
Trace 0: 0x7f62cc14d600 [80081009311/0000000000400d20/00000001/00000201] dynopt_dct16_sve2_shared
Trace 0: 0x7f62cc14d740 [80081009311/0000000000400d24/00000001/00000201] dynopt_dct16_sve2_shared
Trace 0: 0x7f62cc14d880 [80081009311/0000000000400d28/00000001/00000201] dynopt_dct16_sve2_shared
Trace 0: 0x7f62cc14da40 [80081009311/0000000000400d2c/00000001/00000201] dynopt_dct16_sve2_shared
Trace 0: 0x7f62cc14db80 [80081009311/0000000000400d30/00000001/00000201] dynopt_dct16_sve2_shared
Trace 0: 0x7f62cc14dd00 [80081009311/0000000000400d34/00000001/00000201] dynopt_dct16_sve2_shared
Trace 0: 0x7f62cc14de40 [80081009311/0000000000400d38/00000001/00000201] dynopt_dct16_sve2_shared
Trace 0: 0x7f62cc14df80 [80081009311/0000000000400d3c/00000001/00000201] dynopt_dct16_sve2_shared
Trace 0: 0x7f62cc14e0c0 [80081009311/0000000000400d40/00000001/00000201] dynopt_dct16_sve2_shared
Trace 0: 0x7f62cc14e200 [80081009311/0000000000400d44/00000001/00000201] dynopt_dct16_sve2_shared
Trace 0: 0x7f62cc14e340 [80081009311/0000000000400d48/00000001/00000201] dynopt_dct16_sve2_shared
Trace 0: 0x7f62cc14e480 [80081009311/0000000000400d4c/00000001/00000201] dynopt_dct16_sve2_shared
Trace 0: 0x7f62cc14e5c0 [80081009311/0000000000400d50/00000001/00000201] dynopt_dct16_sve2_shared
Trace 0: 0x7f62cc14e740 [80081009311/0000000000400d54/00000001/00000201] dynopt_dct16_sve2_shared
Trace 0: 0x7f62cc14e880 [80081009311/0000000000400d58/00000001/00000201] dynopt_dct16_sve2_shared
Trace 0: 0x7f62cc14e9c0 [80081009311/0000000000400d5c/00000001/00000201] dynopt_dct16_sve2_shared
Trace 0: 0x7f62cc14eb00 [80081009311/0000000000400d60/00000001/00000201] dynopt_dct16_sve2_shared
Trace 0: 0x7f62cc14ec40 [80081009311/0000000000400d64/00000001/00000201] dynopt_dct16_sve2_shared
Trace 0: 0x7f62cc14ed80 [80081009311/0000000000400d68/00000001/00000201] dynopt_dct16_sve2_shared
Trace 0: 0x7f62cc14eec0 [80081009311/0000000000400d6c/00000001/00000201] dynopt_dct16_sve2_shared
Trace 0: 0x7f62cc14f000 [80081009311/0000000000400d70/00000001/00000201] dynopt_dct16_sve2_shared
Trace 0: 0x7f62cc14f140 [80081009311/0000000000400d74/00000001/00000201] dynopt_dct16_sve2_shared
Trace 0: 0x7f62cc14f280 [80081009311/0000000000400d78/00000001/00000201] dynopt_dct16_sve2_shared
Trace 0: 0x7f62cc14f3c0 [80081009311/0000000000400d7c/00000001/00000201] dynopt_dct16_sve2_shared
Trace 0: 0x7f62cc14f500 [80081009311/0000000000400d80/00000001/00000201] dynopt_dct16_sve2_shared
Trace 0: 0x7f62cc14f640 [80081009311/0000000000400d84/00000001/00000201] dynopt_dct16_sve2_shared
Trace 0: 0x7f62cc14f780 [80081009311/0000000000400d88/00000001/00000201] dynopt_dct16_sve2_shared
Trace 0: 0x7f62cc14f8c0 [80081009311/0000000000400d8c/00000001/00000201] dynopt_dct16_sve2_shared
Trace 0: 0x7f62cc14fa00 [80081009311/0000000000400d90/00000001/00000201] dynopt_dct16_sve2_shared
Trace 0: 0x7f62cc14fb40 [80081009311/0000000000400d94/00000001/00000201] dynopt_dct16_sve2_shared
Trace 0: 0x7f62cc14fc80 [80081009311/0000000000400d98/00000001/00000201] dynopt_dct16_sve2_shared
Trace 0: 0x7f62cc14fdc0 [80081009311/0000000000400d9c/00000001/00000201] dynopt_dct16_sve2_shared
Trace 0: 0x7f62cc14ff00 [80081009311/0000000000400da0/00000001/00000201] dynopt_dct16_sve2_shared
Trace 0: 0x7f62cc150040 [80081009311/0000000000400da4/00000001/00000201] dynopt_dct16_sve2_shared
Trace 0: 0x7f62cc150200 [80081009311/0000000000400da8/00000001/00000201] dynopt_dct16_sve2_shared
Trace 0: 0x7f62cc1503c0 [80081009311/0000000000400dac/00000001/00000201] dynopt_dct16_sve2_shared
Trace 0: 0x7f62cc150580 [80081009311/0000000000400db0/00000001/00000201] dynopt_dct16_sve2_shared
Trace 0: 0x7f62cc150740 [80081009311/0000000000400db4/00000001/00000201] dynopt_dct16_sve2_shared
Trace 0: 0x7f62cc150880 [80081009311/0000000000400db8/00000001/00000201] dynopt_dct16_sve2_shared
Trace 0: 0x7f62cc1509c0 [80081009311/0000000000400dbc/00000001/00000201] dynopt_dct16_sve2_shared
Trace 0: 0x7f62cc150b00 [80081009311/0000000000400dc0/00000001/00000201] dynopt_dct16_sve2_shared
Trace 0: 0x7f62cc150c40 [80081009311/0000000000400dc4/00000001/00000201] dynopt_dct16_sve2_shared
Trace 0: 0x7f62cc150d80 [80081009311/0000000000400dc8/00000001/00000201] dynopt_dct16_sve2_shared
Trace 0: 0x7f62cc14a0c0 [80081009311/0000000000400c80/00000001/00000201] dynopt_dct16_sve2_shared
Trace 0: 0x7f62cc14a240 [80081009311/0000000000400c84/00000001/00000201] dynopt_dct16_sve2_shared
Trace 0: 0x7f62cc14a380 [80081009311/0000000000400c88/00000001/00000201] dynopt_dct16_sve2_shared
Trace 0: 0x7f62cc14a500 [80081009311/0000000000400c8c/00000001/00000201] dynopt_dct16_sve2_shared
Trace 0: 0x7f62cc14a640 [80081009311/0000000000400c90/00000001/00000201] dynopt_dct16_sve2_shared
Trace 0: 0x7f62cc14a7c0 [80081009311/0000000000400c94/00000001/00000201] dynopt_dct16_sve2_shared
Trace 0: 0x7f62cc14a900 [80081009311/0000000000400c98/00000001/00000201] dynopt_dct16_sve2_shared
Trace 0: 0x7f62cc14aa40 [80081009311/0000000000400c9c/00000001/00000201] dynopt_dct16_sve2_shared
Trace 0: 0x7f62cc14ab80 [80081009311/0000000000400ca0/00000001/00000201] dynopt_dct16_sve2_shared
Trace 0: 0x7f62cc14acc0 [80081009311/0000000000400ca4/00000001/00000201] dynopt_dct16_sve2_shared
Trace 0: 0x7f62cc14ae00 [80081009311/0000000000400ca8/00000001/00000201] dynopt_dct16_sve2_shared
Trace 0: 0x7f62cc14af40 [80081009311/0000000000400cac/00000001/00000201] dynopt_dct16_sve2_shared
Trace 0: 0x7f62cc14b080 [80081009311/0000000000400cb0/00000001/00000201] dynopt_dct16_sve2_shared
Trace 0: 0x7f62cc14b1c0 [80081009311/0000000000400cb4/00000001/00000201] dynopt_dct16_sve2_shared
Trace 0: 0x7f62cc14b340 [80081009311/0000000000400cb8/00000001/00000201] dynopt_dct16_sve2_shared
Trace 0: 0x7f62cc14b4c0 [80081009311/0000000000400cbc/00000001/00000201] dynopt_dct16_sve2_shared
Trace 0: 0x7f62cc14b600 [80081009311/0000000000400cc0/00000001/00000201] dynopt_dct16_sve2_shared
Trace 0: 0x7f62cc14b7c0 [80081009311/0000000000400cc4/00000001/00000201] dynopt_dct16_sve2_shared
Trace 0: 0x7f62cc14b900 [80081009311/0000000000400cc8/00000001/00000201] dynopt_dct16_sve2_shared
Trace 0: 0x7f62cc14ba80 [80081009311/0000000000400ccc/00000001/00000201] dynopt_dct16_sve2_shared
Trace 0: 0x7f62cc14a640 [80081009311/0000000000400c90/00000001/00000201] dynopt_dct16_sve2_shared
Trace 0: 0x7f62cc14a7c0 [80081009311/0000000000400c94/00000001/00000201] dynopt_dct16_sve2_shared
Trace 0: 0x7f62cc14a900 [80081009311/0000000000400c98/00000001/00000201] dynopt_dct16_sve2_shared
Trace 0: 0x7f62cc14aa40 [80081009311/0000000000400c9c/00000001/00000201] dynopt_dct16_sve2_shared
Trace 0: 0x7f62cc14ab80 [80081009311/0000000000400ca0/00000001/00000201] dynopt_dct16_sve2_shared
Trace 0: 0x7f62cc14acc0 [80081009311/0000000000400ca4/00000001/00000201] dynopt_dct16_sve2_shared
Trace 0: 0x7f62cc14ae00 [80081009311/0000000000400ca8/00000001/00000201] dynopt_dct16_sve2_shared
Trace 0: 0x7f62cc14af40 [80081009311/0000000000400cac/00000001/00000201] dynopt_dct16_sve2_shared
Trace 0: 0x7f62cc14b080 [80081009311/0000000000400cb0/00000001/00000201] dynopt_dct16_sve2_shared
Trace 0: 0x7f62cc14b1c0 [80081009311/0000000000400cb4/00000001/00000201] dynopt_dct16_sve2_shared
Trace 0: 0x7f62cc14b340 [80081009311/0000000000400cb8/00000001/00000201] dynopt_dct16_sve2_shared
Trace 0: 0x7f62cc14b4c0 [80081009311/0000000000400cbc/00000001/00000201] dynopt_dct16_sve2_shared
Trace 0: 0x7f62cc14b600 [80081009311/0000000000400cc0/00000001/00000201] dynopt_dct16_sve2_shared
Trace 0: 0x7f62cc14b7c0 [80081009311/0000000000400cc4/00000001/00000201] dynopt_dct16_sve2_shared
Trace 0: 0x7f62cc14b900 [80081009311/0000000000400cc8/00000001/00000201] dynopt_dct16_sve2_shared
Trace 0: 0x7f62cc14ba80 [80081009311/0000000000400ccc/00000001/00000201] dynopt_dct16_sve2_shared
Trace 0: 0x7f62cc14a640 [80081009311/0000000000400c90/00000001/00000201] dynopt_dct16_sve2_shared
Trace 0: 0x7f62cc14a7c0 [80081009311/0000000000400c94/00000001/00000201] dynopt_dct16_sve2_shared
Trace 0: 0x7f62cc14a900 [80081009311/0000000000400c98/00000001/00000201] dynopt_dct16_sve2_shared
Trace 0: 0x7f62cc14aa40 [80081009311/0000000000400c9c/00000001/00000201] dynopt_dct16_sve2_shared
Trace 0: 0x7f62cc14ab80 [80081009311/0000000000400ca0/00000001/00000201] dynopt_dct16_sve2_shared
Trace 0: 0x7f62cc14acc0 [80081009311/0000000000400ca4/00000001/00000201] dynopt_dct16_sve2_shared
Trace 0: 0x7f62cc14ae00 [80081009311/0000000000400ca8/00000001/00000201] dynopt_dct16_sve2_shared
Trace 0: 0x7f62cc14af40 [80081009311/0000000000400cac/00000001/00000201] dynopt_dct16_sve2_shared
Trace 0: 0x7f62cc14b080 [80081009311/0000000000400cb0/00000001/00000201] dynopt_dct16_sve2_shared
Trace 0: 0x7f62cc14b1c0 [80081009311/0000000000400cb4/00000001/00000201] dynopt_dct16_sve2_shared
Trace 0: 0x7f62cc14b340 [80081009311/0000000000400cb8/00000001/00000201] dynopt_dct16_sve2_shared
Trace 0: 0x7f62cc14b4c0 [80081009311/0000000000400cbc/00000001/00000201] dynopt_dct16_sve2_shared
Trace 0: 0x7f62cc14b600 [80081009311/0000000000400cc0/00000001/00000201] dynopt_dct16_sve2_shared
Trace 0: 0x7f62cc14b7c0 [80081009311/0000000000400cc4/00000001/00000201] dynopt_dct16_sve2_shared
Trace 0: 0x7f62cc14b900 [80081009311/0000000000400cc8/00000001/00000201] dynopt_dct16_sve2_shared
Trace 0: 0x7f62cc14ba80 [80081009311/0000000000400ccc/00000001/00000201] dynopt_dct16_sve2_shared
Trace 0: 0x7f62cc14a640 [80081009311/0000000000400c90/00000001/00000201] dynopt_dct16_sve2_shared
Trace 0: 0x7f62cc14a7c0 [80081009311/0000000000400c94/00000001/00000201] dynopt_dct16_sve2_shared
Trace 0: 0x7f62cc14a900 [80081009311/0000000000400c98/00000001/00000201] dynopt_dct16_sve2_shared
Trace 0: 0x7f62cc14aa40 [80081009311/0000000000400c9c/00000001/00000201] dynopt_dct16_sve2_shared
Trace 0: 0x7f62cc14ab80 [80081009311/0000000000400ca0/00000001/00000201] dynopt_dct16_sve2_shared
Trace 0: 0x7f62cc14acc0 [80081009311/0000000000400ca4/00000001/00000201] dynopt_dct16_sve2_shared
Trace 0: 0x7f62cc14ae00 [80081009311/0000000000400ca8/00000001/00000201] dynopt_dct16_sve2_shared
Trace 0: 0x7f62cc14af40 [80081009311/0000000000400cac/00000001/00000201] dynopt_dct16_sve2_shared
Trace 0: 0x7f62cc14b080 [80081009311/0000000000400cb0/00000001/00000201] dynopt_dct16_sve2_shared
Trace 0: 0x7f62cc14b1c0 [80081009311/0000000000400cb4/00000001/00000201] dynopt_dct16_sve2_shared
Trace 0: 0x7f62cc14b340 [80081009311/0000000000400cb8/00000001/00000201] dynopt_dct16_sve2_shared
Trace 0: 0x7f62cc14b4c0 [80081009311/0000000000400cbc/00000001/00000201] dynopt_dct16_sve2_shared
Trace 0: 0x7f62cc14b600 [80081009311/0000000000400cc0/00000001/00000201] dynopt_dct16_sve2_shared
Trace 0: 0x7f62cc14b7c0 [80081009311/0000000000400cc4/00000001/00000201] dynopt_dct16_sve2_shared
Trace 0: 0x7f62cc14b900 [80081009311/0000000000400cc8/00000001/00000201] dynopt_dct16_sve2_shared
Trace 0: 0x7f62cc14ba80 [80081009311/0000000000400ccc/00000001/00000201] dynopt_dct16_sve2_shared
Trace 0: 0x7f62cc14a640 [80081009311/0000000000400c90/00000001/00000201] dynopt_dct16_sve2_shared
Trace 0: 0x7f62cc14a7c0 [80081009311/0000000000400c94/00000001/00000201] dynopt_dct16_sve2_shared
Trace 0: 0x7f62cc14a900 [80081009311/0000000000400c98/00000001/00000201] dynopt_dct16_sve2_shared
Trace 0: 0x7f62cc14aa40 [80081009311/0000000000400c9c/00000001/00000201] dynopt_dct16_sve2_shared
Trace 0: 0x7f62cc14ab80 [80081009311/0000000000400ca0/00000001/00000201] dynopt_dct16_sve2_shared
Trace 0: 0x7f62cc14acc0 [80081009311/0000000000400ca4/00000001/00000201] dynopt_dct16_sve2_shared
Trace 0: 0x7f62cc14ae00 [80081009311/0000000000400ca8/00000001/00000201] dynopt_dct16_sve2_shared
Trace 0: 0x7f62cc14af40 [80081009311/0000000000400cac/00000001/00000201] dynopt_dct16_sve2_shared
Trace 0: 0x7f62cc14b080 [80081009311/0000000000400cb0/00000001/00000201] dynopt_dct16_sve2_shared
Trace 0: 0x7f62cc14b1c0 [80081009311/0000000000400cb4/00000001/00000201] dynopt_dct16_sve2_shared
Trace 0: 0x7f62cc14b340 [80081009311/0000000000400cb8/00000001/00000201] dynopt_dct16_sve2_shared
Trace 0: 0x7f62cc14b4c0 [80081009311/0000000000400cbc/00000001/00000201] dynopt_dct16_sve2_shared
Trace 0: 0x7f62cc14b600 [80081009311/0000000000400cc0/00000001/00000201] dynopt_dct16_sve2_shared
Trace 0: 0x7f62cc14b7c0 [80081009311/0000000000400cc4/00000001/00000201] dynopt_dct16_sve2_shared
Trace 0: 0x7f62cc14b900 [80081009311/0000000000400cc8/00000001/00000201] dynopt_dct16_sve2_shared
Trace 0: 0x7f62cc14ba80 [80081009311/0000000000400ccc/00000001/00000201] dynopt_dct16_sve2_shared
Trace 0: 0x7f62cc14a640 [80081009311/0000000000400c90/00000001/00000201] dynopt_dct16_sve2_shared
Trace 0: 0x7f62cc14a7c0 [80081009311/0000000000400c94/00000001/00000201] dynopt_dct16_sve2_shared
Trace 0: 0x7f62cc14a900 [80081009311/0000000000400c98/00000001/00000201] dynopt_dct16_sve2_shared
Trace 0: 0x7f62cc14aa40 [80081009311/0000000000400c9c/00000001/00000201] dynopt_dct16_sve2_shared
Trace 0: 0x7f62cc14ab80 [80081009311/0000000000400ca0/00000001/00000201] dynopt_dct16_sve2_shared
Trace 0: 0x7f62cc14acc0 [80081009311/0000000000400ca4/00000001/00000201] dynopt_dct16_sve2_shared
Trace 0: 0x7f62cc14ae00 [80081009311/0000000000400ca8/00000001/00000201] dynopt_dct16_sve2_shared
Trace 0: 0x7f62cc14af40 [80081009311/0000000000400cac/00000001/00000201] dynopt_dct16_sve2_shared
Trace 0: 0x7f62cc14b080 [80081009311/0000000000400cb0/00000001/00000201] dynopt_dct16_sve2_shared
Trace 0: 0x7f62cc14b1c0 [80081009311/0000000000400cb4/00000001/00000201] dynopt_dct16_sve2_shared
Trace 0: 0x7f62cc14b340 [80081009311/0000000000400cb8/00000001/00000201] dynopt_dct16_sve2_shared
Trace 0: 0x7f62cc14b4c0 [80081009311/0000000000400cbc/00000001/00000201] dynopt_dct16_sve2_shared
Trace 0: 0x7f62cc14b600 [80081009311/0000000000400cc0/00000001/00000201] dynopt_dct16_sve2_shared
Trace 0: 0x7f62cc14b7c0 [80081009311/0000000000400cc4/00000001/00000201] dynopt_dct16_sve2_shared
Trace 0: 0x7f62cc14b900 [80081009311/0000000000400cc8/00000001/00000201] dynopt_dct16_sve2_shared
Trace 0: 0x7f62cc14ba80 [80081009311/0000000000400ccc/00000001/00000201] dynopt_dct16_sve2_shared
Trace 0: 0x7f62cc14a640 [80081009311/0000000000400c90/00000001/00000201] dynopt_dct16_sve2_shared
Trace 0: 0x7f62cc14a7c0 [80081009311/0000000000400c94/00000001/00000201] dynopt_dct16_sve2_shared
Trace 0: 0x7f62cc14a900 [80081009311/0000000000400c98/00000001/00000201] dynopt_dct16_sve2_shared
Trace 0: 0x7f62cc14aa40 [80081009311/0000000000400c9c/00000001/00000201] dynopt_dct16_sve2_shared
Trace 0: 0x7f62cc14ab80 [80081009311/0000000000400ca0/00000001/00000201] dynopt_dct16_sve2_shared
Trace 0: 0x7f62cc14acc0 [80081009311/0000000000400ca4/00000001/00000201] dynopt_dct16_sve2_shared
Trace 0: 0x7f62cc14ae00 [80081009311/0000000000400ca8/00000001/00000201] dynopt_dct16_sve2_shared
Trace 0: 0x7f62cc14af40 [80081009311/0000000000400cac/00000001/00000201] dynopt_dct16_sve2_shared
Trace 0: 0x7f62cc14b080 [80081009311/0000000000400cb0/00000001/00000201] dynopt_dct16_sve2_shared
Trace 0: 0x7f62cc14b1c0 [80081009311/0000000000400cb4/00000001/00000201] dynopt_dct16_sve2_shared
Trace 0: 0x7f62cc14b340 [80081009311/0000000000400cb8/00000001/00000201] dynopt_dct16_sve2_shared
Trace 0: 0x7f62cc14b4c0 [80081009311/0000000000400cbc/00000001/00000201] dynopt_dct16_sve2_shared
Trace 0: 0x7f62cc14b600 [80081009311/0000000000400cc0/00000001/00000201] dynopt_dct16_sve2_shared
Trace 0: 0x7f62cc14b7c0 [80081009311/0000000000400cc4/00000001/00000201] dynopt_dct16_sve2_shared
Trace 0: 0x7f62cc14b900 [80081009311/0000000000400cc8/00000001/00000201] dynopt_dct16_sve2_shared
Trace 0: 0x7f62cc14ba80 [80081009311/0000000000400ccc/00000001/00000201] dynopt_dct16_sve2_shared
Trace 0: 0x7f62cc14a640 [80081009311/0000000000400c90/00000001/00000201] dynopt_dct16_sve2_shared
Trace 0: 0x7f62cc14a7c0 [80081009311/0000000000400c94/00000001/00000201] dynopt_dct16_sve2_shared
Trace 0: 0x7f62cc14a900 [80081009311/0000000000400c98/00000001/00000201] dynopt_dct16_sve2_shared
Trace 0: 0x7f62cc14aa40 [80081009311/0000000000400c9c/00000001/00000201] dynopt_dct16_sve2_shared
Trace 0: 0x7f62cc14ab80 [80081009311/0000000000400ca0/00000001/00000201] dynopt_dct16_sve2_shared
Trace 0: 0x7f62cc14acc0 [80081009311/0000000000400ca4/00000001/00000201] dynopt_dct16_sve2_shared
Trace 0: 0x7f62cc14ae00 [80081009311/0000000000400ca8/00000001/00000201] dynopt_dct16_sve2_shared
Trace 0: 0x7f62cc14af40 [80081009311/0000000000400cac/00000001/00000201] dynopt_dct16_sve2_shared
Trace 0: 0x7f62cc14b080 [80081009311/0000000000400cb0/00000001/00000201] dynopt_dct16_sve2_shared
Trace 0: 0x7f62cc14b1c0 [80081009311/0000000000400cb4/00000001/00000201] dynopt_dct16_sve2_shared
Trace 0: 0x7f62cc14b340 [80081009311/0000000000400cb8/00000001/00000201] dynopt_dct16_sve2_shared
Trace 0: 0x7f62cc14b4c0 [80081009311/0000000000400cbc/00000001/00000201] dynopt_dct16_sve2_shared
Trace 0: 0x7f62cc14b600 [80081009311/0000000000400cc0/00000001/00000201] dynopt_dct16_sve2_shared
Trace 0: 0x7f62cc14b7c0 [80081009311/0000000000400cc4/00000001/00000201] dynopt_dct16_sve2_shared
Trace 0: 0x7f62cc14b900 [80081009311/0000000000400cc8/00000001/00000201] dynopt_dct16_sve2_shared
Trace 0: 0x7f62cc14ba80 [80081009311/0000000000400ccc/00000001/00000201] dynopt_dct16_sve2_shared
Trace 0: 0x7f62cc14bbc0 [80081009311/0000000000400cd0/00000001/00000201] dynopt_dct16_sve2_shared
Trace 0: 0x7f62cc14bd00 [80081009311/0000000000400cd4/00000001/00000201] dynopt_dct16_sve2_shared
Trace 0: 0x7f62cc14be40 [80081009311/0000000000400cd8/00000001/00000201] dynopt_dct16_sve2_shared
Trace 0: 0x7f62cc14bfc0 [80081009311/0000000000400cdc/00000001/00000201] dynopt_dct16_sve2_shared
Trace 0: 0x7f62cc14c100 [80081009311/0000000000400ce0/00000001/00000201] dynopt_dct16_sve2_shared
Trace 0: 0x7f62cc14c280 [80081009311/0000000000400ce4/00000001/00000201] dynopt_dct16_sve2_shared
Trace 0: 0x7f62cc14c3c0 [80081009311/0000000000400ce8/00000001/00000201] dynopt_dct16_sve2_shared
Trace 0: 0x7f62cc14c500 [80081009311/0000000000400cec/00000001/00000201] dynopt_dct16_sve2_shared
Trace 0: 0x7f62cc14c640 [80081009311/0000000000400cf0/00000001/00000201] dynopt_dct16_sve2_shared
Trace 0: 0x7f62cc14c780 [80081009311/0000000000400cf4/00000001/00000201] dynopt_dct16_sve2_shared
Trace 0: 0x7f62cc14c8c0 [80081009311/0000000000400cf8/00000001/00000201] dynopt_dct16_sve2_shared
Trace 0: 0x7f62cc14ca00 [80081009311/0000000000400cfc/00000001/00000201] dynopt_dct16_sve2_shared
Trace 0: 0x7f62cc14cb40 [80081009311/0000000000400d00/00000001/00000201] dynopt_dct16_sve2_shared
Trace 0: 0x7f62cc14cd00 [80081009311/0000000000400d04/00000001/00000201] dynopt_dct16_sve2_shared
Trace 0: 0x7f62cc14ce40 [80081009311/0000000000400d08/00000001/00000201] dynopt_dct16_sve2_shared
Trace 0: 0x7f62cc14cfc0 [80081009311/0000000000400d0c/00000001/00000201] dynopt_dct16_sve2_shared
Trace 0: 0x7f62cc14d100 [80081009311/0000000000400d10/00000001/00000201] dynopt_dct16_sve2_shared
Trace 0: 0x7f62cc14d240 [80081009311/0000000000400d14/00000001/00000201] dynopt_dct16_sve2_shared
Trace 0: 0x7f62cc14d380 [80081009311/0000000000400d18/00000001/00000201] dynopt_dct16_sve2_shared
Trace 0: 0x7f62cc14d4c0 [80081009311/0000000000400d1c/00000001/00000201] dynopt_dct16_sve2_shared
Trace 0: 0x7f62cc14d600 [80081009311/0000000000400d20/00000001/00000201] dynopt_dct16_sve2_shared
Trace 0: 0x7f62cc14d740 [80081009311/0000000000400d24/00000001/00000201] dynopt_dct16_sve2_shared
Trace 0: 0x7f62cc14d880 [80081009311/0000000000400d28/00000001/00000201] dynopt_dct16_sve2_shared
Trace 0: 0x7f62cc14da40 [80081009311/0000000000400d2c/00000001/00000201] dynopt_dct16_sve2_shared
Trace 0: 0x7f62cc14db80 [80081009311/0000000000400d30/00000001/00000201] dynopt_dct16_sve2_shared
Trace 0: 0x7f62cc14dd00 [80081009311/0000000000400d34/00000001/00000201] dynopt_dct16_sve2_shared
Trace 0: 0x7f62cc14ce40 [80081009311/0000000000400d08/00000001/00000201] dynopt_dct16_sve2_shared
Trace 0: 0x7f62cc14cfc0 [80081009311/0000000000400d0c/00000001/00000201] dynopt_dct16_sve2_shared
Trace 0: 0x7f62cc14d100 [80081009311/0000000000400d10/00000001/00000201] dynopt_dct16_sve2_shared
Trace 0: 0x7f62cc14d240 [80081009311/0000000000400d14/00000001/00000201] dynopt_dct16_sve2_shared
Trace 0: 0x7f62cc14d380 [80081009311/0000000000400d18/00000001/00000201] dynopt_dct16_sve2_shared
Trace 0: 0x7f62cc14d4c0 [80081009311/0000000000400d1c/00000001/00000201] dynopt_dct16_sve2_shared
Trace 0: 0x7f62cc14d600 [80081009311/0000000000400d20/00000001/00000201] dynopt_dct16_sve2_shared
Trace 0: 0x7f62cc14d740 [80081009311/0000000000400d24/00000001/00000201] dynopt_dct16_sve2_shared
Trace 0: 0x7f62cc14d880 [80081009311/0000000000400d28/00000001/00000201] dynopt_dct16_sve2_shared
Trace 0: 0x7f62cc14da40 [80081009311/0000000000400d2c/00000001/00000201] dynopt_dct16_sve2_shared
Trace 0: 0x7f62cc14db80 [80081009311/0000000000400d30/00000001/00000201] dynopt_dct16_sve2_shared
Trace 0: 0x7f62cc14dd00 [80081009311/0000000000400d34/00000001/00000201] dynopt_dct16_sve2_shared
Trace 0: 0x7f62cc14ce40 [80081009311/0000000000400d08/00000001/00000201] dynopt_dct16_sve2_shared
Trace 0: 0x7f62cc14cfc0 [80081009311/0000000000400d0c/00000001/00000201] dynopt_dct16_sve2_shared
Trace 0: 0x7f62cc14d100 [80081009311/0000000000400d10/00000001/00000201] dynopt_dct16_sve2_shared
Trace 0: 0x7f62cc14d240 [80081009311/0000000000400d14/00000001/00000201] dynopt_dct16_sve2_shared
Trace 0: 0x7f62cc14d380 [80081009311/0000000000400d18/00000001/00000201] dynopt_dct16_sve2_shared
Trace 0: 0x7f62cc14d4c0 [80081009311/0000000000400d1c/00000001/00000201] dynopt_dct16_sve2_shared
Trace 0: 0x7f62cc14d600 [80081009311/0000000000400d20/00000001/00000201] dynopt_dct16_sve2_shared
Trace 0: 0x7f62cc14d740 [80081009311/0000000000400d24/00000001/00000201] dynopt_dct16_sve2_shared
Trace 0: 0x7f62cc14d880 [80081009311/0000000000400d28/00000001/00000201] dynopt_dct16_sve2_shared
Trace 0: 0x7f62cc14da40 [80081009311/0000000000400d2c/00000001/00000201] dynopt_dct16_sve2_shared
Trace 0: 0x7f62cc14db80 [80081009311/0000000000400d30/00000001/00000201] dynopt_dct16_sve2_shared
Trace 0: 0x7f62cc14dd00 [80081009311/0000000000400d34/00000001/00000201] dynopt_dct16_sve2_shared
Trace 0: 0x7f62cc14de40 [80081009311/0000000000400d38/00000001/00000201] dynopt_dct16_sve2_shared
Trace 0: 0x7f62cc14df80 [80081009311/0000000000400d3c/00000001/00000201] dynopt_dct16_sve2_shared
Trace 0: 0x7f62cc14e0c0 [80081009311/0000000000400d40/00000001/00000201] dynopt_dct16_sve2_shared
Trace 0: 0x7f62cc14e200 [80081009311/0000000000400d44/00000001/00000201] dynopt_dct16_sve2_shared
Trace 0: 0x7f62cc14e340 [80081009311/0000000000400d48/00000001/00000201] dynopt_dct16_sve2_shared
Trace 0: 0x7f62cc14e480 [80081009311/0000000000400d4c/00000001/00000201] dynopt_dct16_sve2_shared
Trace 0: 0x7f62cc14e5c0 [80081009311/0000000000400d50/00000001/00000201] dynopt_dct16_sve2_shared
Trace 0: 0x7f62cc14e740 [80081009311/0000000000400d54/00000001/00000201] dynopt_dct16_sve2_shared
Trace 0: 0x7f62cc14e880 [80081009311/0000000000400d58/00000001/00000201] dynopt_dct16_sve2_shared
Trace 0: 0x7f62cc14e9c0 [80081009311/0000000000400d5c/00000001/00000201] dynopt_dct16_sve2_shared
Trace 0: 0x7f62cc14eb00 [80081009311/0000000000400d60/00000001/00000201] dynopt_dct16_sve2_shared
Trace 0: 0x7f62cc14ec40 [80081009311/0000000000400d64/00000001/00000201] dynopt_dct16_sve2_shared
Trace 0: 0x7f62cc14ed80 [80081009311/0000000000400d68/00000001/00000201] dynopt_dct16_sve2_shared
Trace 0: 0x7f62cc14eec0 [80081009311/0000000000400d6c/00000001/00000201] dynopt_dct16_sve2_shared
Trace 0: 0x7f62cc14f000 [80081009311/0000000000400d70/00000001/00000201] dynopt_dct16_sve2_shared
Trace 0: 0x7f62cc14f140 [80081009311/0000000000400d74/00000001/00000201] dynopt_dct16_sve2_shared
Trace 0: 0x7f62cc14f280 [80081009311/0000000000400d78/00000001/00000201] dynopt_dct16_sve2_shared
Trace 0: 0x7f62cc14f3c0 [80081009311/0000000000400d7c/00000001/00000201] dynopt_dct16_sve2_shared
Trace 0: 0x7f62cc14f500 [80081009311/0000000000400d80/00000001/00000201] dynopt_dct16_sve2_shared
Trace 0: 0x7f62cc14f640 [80081009311/0000000000400d84/00000001/00000201] dynopt_dct16_sve2_shared
Trace 0: 0x7f62cc14f780 [80081009311/0000000000400d88/00000001/00000201] dynopt_dct16_sve2_shared
Trace 0: 0x7f62cc14f8c0 [80081009311/0000000000400d8c/00000001/00000201] dynopt_dct16_sve2_shared
Trace 0: 0x7f62cc14fa00 [80081009311/0000000000400d90/00000001/00000201] dynopt_dct16_sve2_shared
Trace 0: 0x7f62cc14fb40 [80081009311/0000000000400d94/00000001/00000201] dynopt_dct16_sve2_shared
Trace 0: 0x7f62cc14fc80 [80081009311/0000000000400d98/00000001/00000201] dynopt_dct16_sve2_shared
Trace 0: 0x7f62cc14fdc0 [80081009311/0000000000400d9c/00000001/00000201] dynopt_dct16_sve2_shared
Trace 0: 0x7f62cc14ff00 [80081009311/0000000000400da0/00000001/00000201] dynopt_dct16_sve2_shared
Trace 0: 0x7f62cc150040 [80081009311/0000000000400da4/00000001/00000201] dynopt_dct16_sve2_shared
Trace 0: 0x7f62cc150200 [80081009311/0000000000400da8/00000001/00000201] dynopt_dct16_sve2_shared
Trace 0: 0x7f62cc1503c0 [80081009311/0000000000400dac/00000001/00000201] dynopt_dct16_sve2_shared
Trace 0: 0x7f62cc150580 [80081009311/0000000000400db0/00000001/00000201] dynopt_dct16_sve2_shared
Trace 0: 0x7f62cc150740 [80081009311/0000000000400db4/00000001/00000201] dynopt_dct16_sve2_shared
Trace 0: 0x7f62cc150880 [80081009311/0000000000400db8/00000001/00000201] dynopt_dct16_sve2_shared
Trace 0: 0x7f62cc1509c0 [80081009311/0000000000400dbc/00000001/00000201] dynopt_dct16_sve2_shared
Trace 0: 0x7f62cc150b00 [80081009311/0000000000400dc0/00000001/00000201] dynopt_dct16_sve2_shared
Trace 0: 0x7f62cc150c40 [80081009311/0000000000400dc4/00000001/00000201] dynopt_dct16_sve2_shared
Trace 0: 0x7f62cc150d80 [80081009311/0000000000400dc8/00000001/00000201] dynopt_dct16_sve2_shared
Trace 0: 0x7f62cc14a0c0 [80081009311/0000000000400c80/00000001/00000201] dynopt_dct16_sve2_shared
Trace 0: 0x7f62cc14a240 [80081009311/0000000000400c84/00000001/00000201] dynopt_dct16_sve2_shared
Trace 0: 0x7f62cc14a380 [80081009311/0000000000400c88/00000001/00000201] dynopt_dct16_sve2_shared
Trace 0: 0x7f62cc14a500 [80081009311/0000000000400c8c/00000001/00000201] dynopt_dct16_sve2_shared
Trace 0: 0x7f62cc14a640 [80081009311/0000000000400c90/00000001/00000201] dynopt_dct16_sve2_shared
Trace 0: 0x7f62cc14a7c0 [80081009311/0000000000400c94/00000001/00000201] dynopt_dct16_sve2_shared
Trace 0: 0x7f62cc14a900 [80081009311/0000000000400c98/00000001/00000201] dynopt_dct16_sve2_shared
Trace 0: 0x7f62cc14aa40 [80081009311/0000000000400c9c/00000001/00000201] dynopt_dct16_sve2_shared
Trace 0: 0x7f62cc14ab80 [80081009311/0000000000400ca0/00000001/00000201] dynopt_dct16_sve2_shared
Trace 0: 0x7f62cc14acc0 [80081009311/0000000000400ca4/00000001/00000201] dynopt_dct16_sve2_shared
Trace 0: 0x7f62cc14ae00 [80081009311/0000000000400ca8/00000001/00000201] dynopt_dct16_sve2_shared
Trace 0: 0x7f62cc14af40 [80081009311/0000000000400cac/00000001/00000201] dynopt_dct16_sve2_shared
Trace 0: 0x7f62cc14b080 [80081009311/0000000000400cb0/00000001/00000201] dynopt_dct16_sve2_shared
Trace 0: 0x7f62cc14b1c0 [80081009311/0000000000400cb4/00000001/00000201] dynopt_dct16_sve2_shared
Trace 0: 0x7f62cc14b340 [80081009311/0000000000400cb8/00000001/00000201] dynopt_dct16_sve2_shared
Trace 0: 0x7f62cc14b4c0 [80081009311/0000000000400cbc/00000001/00000201] dynopt_dct16_sve2_shared
Trace 0: 0x7f62cc14b600 [80081009311/0000000000400cc0/00000001/00000201] dynopt_dct16_sve2_shared
Trace 0: 0x7f62cc14b7c0 [80081009311/0000000000400cc4/00000001/00000201] dynopt_dct16_sve2_shared
Trace 0: 0x7f62cc14b900 [80081009311/0000000000400cc8/00000001/00000201] dynopt_dct16_sve2_shared
Trace 0: 0x7f62cc14ba80 [80081009311/0000000000400ccc/00000001/00000201] dynopt_dct16_sve2_shared
Trace 0: 0x7f62cc14a640 [80081009311/0000000000400c90/00000001/00000201] dynopt_dct16_sve2_shared
Trace 0: 0x7f62cc14a7c0 [80081009311/0000000000400c94/00000001/00000201] dynopt_dct16_sve2_shared
Trace 0: 0x7f62cc14a900 [80081009311/0000000000400c98/00000001/00000201] dynopt_dct16_sve2_shared
Trace 0: 0x7f62cc14aa40 [80081009311/0000000000400c9c/00000001/00000201] dynopt_dct16_sve2_shared
Trace 0: 0x7f62cc14ab80 [80081009311/0000000000400ca0/00000001/00000201] dynopt_dct16_sve2_shared
Trace 0: 0x7f62cc14acc0 [80081009311/0000000000400ca4/00000001/00000201] dynopt_dct16_sve2_shared
Trace 0: 0x7f62cc14ae00 [80081009311/0000000000400ca8/00000001/00000201] dynopt_dct16_sve2_shared
Trace 0: 0x7f62cc14af40 [80081009311/0000000000400cac/00000001/00000201] dynopt_dct16_sve2_shared
Trace 0: 0x7f62cc14b080 [80081009311/0000000000400cb0/00000001/00000201] dynopt_dct16_sve2_shared
Trace 0: 0x7f62cc14b1c0 [80081009311/0000000000400cb4/00000001/00000201] dynopt_dct16_sve2_shared
Trace 0: 0x7f62cc14b340 [80081009311/0000000000400cb8/00000001/00000201] dynopt_dct16_sve2_shared
Trace 0: 0x7f62cc14b4c0 [80081009311/0000000000400cbc/00000001/00000201] dynopt_dct16_sve2_shared
Trace 0: 0x7f62cc14b600 [80081009311/0000000000400cc0/00000001/00000201] dynopt_dct16_sve2_shared
Trace 0: 0x7f62cc14b7c0 [80081009311/0000000000400cc4/00000001/00000201] dynopt_dct16_sve2_shared
Trace 0: 0x7f62cc14b900 [80081009311/0000000000400cc8/00000001/00000201] dynopt_dct16_sve2_shared
Trace 0: 0x7f62cc14ba80 [80081009311/0000000000400ccc/00000001/00000201] dynopt_dct16_sve2_shared
Trace 0: 0x7f62cc14a640 [80081009311/0000000000400c90/00000001/00000201] dynopt_dct16_sve2_shared
Trace 0: 0x7f62cc14a7c0 [80081009311/0000000000400c94/00000001/00000201] dynopt_dct16_sve2_shared
Trace 0: 0x7f62cc14a900 [80081009311/0000000000400c98/00000001/00000201] dynopt_dct16_sve2_shared
Trace 0: 0x7f62cc14aa40 [80081009311/0000000000400c9c/00000001/00000201] dynopt_dct16_sve2_shared
Trace 0: 0x7f62cc14ab80 [80081009311/0000000000400ca0/00000001/00000201] dynopt_dct16_sve2_shared
Trace 0: 0x7f62cc14acc0 [80081009311/0000000000400ca4/00000001/00000201] dynopt_dct16_sve2_shared
Trace 0: 0x7f62cc14ae00 [80081009311/0000000000400ca8/00000001/00000201] dynopt_dct16_sve2_shared
Trace 0: 0x7f62cc14af40 [80081009311/0000000000400cac/00000001/00000201] dynopt_dct16_sve2_shared
Trace 0: 0x7f62cc14b080 [80081009311/0000000000400cb0/00000001/00000201] dynopt_dct16_sve2_shared
Trace 0: 0x7f62cc14b1c0 [80081009311/0000000000400cb4/00000001/00000201] dynopt_dct16_sve2_shared
Trace 0: 0x7f62cc14b340 [80081009311/0000000000400cb8/00000001/00000201] dynopt_dct16_sve2_shared
Trace 0: 0x7f62cc14b4c0 [80081009311/0000000000400cbc/00000001/00000201] dynopt_dct16_sve2_shared
Trace 0: 0x7f62cc14b600 [80081009311/0000000000400cc0/00000001/00000201] dynopt_dct16_sve2_shared
Trace 0: 0x7f62cc14b7c0 [80081009311/0000000000400cc4/00000001/00000201] dynopt_dct16_sve2_shared
Trace 0: 0x7f62cc14b900 [80081009311/0000000000400cc8/00000001/00000201] dynopt_dct16_sve2_shared
Trace 0: 0x7f62cc14ba80 [80081009311/0000000000400ccc/00000001/00000201] dynopt_dct16_sve2_shared
Trace 0: 0x7f62cc14a640 [80081009311/0000000000400c90/00000001/00000201] dynopt_dct16_sve2_shared
Trace 0: 0x7f62cc14a7c0 [80081009311/0000000000400c94/00000001/00000201] dynopt_dct16_sve2_shared
Trace 0: 0x7f62cc14a900 [80081009311/0000000000400c98/00000001/00000201] dynopt_dct16_sve2_shared
Trace 0: 0x7f62cc14aa40 [80081009311/0000000000400c9c/00000001/00000201] dynopt_dct16_sve2_shared
Trace 0: 0x7f62cc14ab80 [80081009311/0000000000400ca0/00000001/00000201] dynopt_dct16_sve2_shared
Trace 0: 0x7f62cc14acc0 [80081009311/0000000000400ca4/00000001/00000201] dynopt_dct16_sve2_shared
Trace 0: 0x7f62cc14ae00 [80081009311/0000000000400ca8/00000001/00000201] dynopt_dct16_sve2_shared
Trace 0: 0x7f62cc14af40 [80081009311/0000000000400cac/00000001/00000201] dynopt_dct16_sve2_shared
Trace 0: 0x7f62cc14b080 [80081009311/0000000000400cb0/00000001/00000201] dynopt_dct16_sve2_shared
Trace 0: 0x7f62cc14b1c0 [80081009311/0000000000400cb4/00000001/00000201] dynopt_dct16_sve2_shared
Trace 0: 0x7f62cc14b340 [80081009311/0000000000400cb8/00000001/00000201] dynopt_dct16_sve2_shared
Trace 0: 0x7f62cc14b4c0 [80081009311/0000000000400cbc/00000001/00000201] dynopt_dct16_sve2_shared
Trace 0: 0x7f62cc14b600 [80081009311/0000000000400cc0/00000001/00000201] dynopt_dct16_sve2_shared
Trace 0: 0x7f62cc14b7c0 [80081009311/0000000000400cc4/00000001/00000201] dynopt_dct16_sve2_shared
Trace 0: 0x7f62cc14b900 [80081009311/0000000000400cc8/00000001/00000201] dynopt_dct16_sve2_shared
Trace 0: 0x7f62cc14ba80 [80081009311/0000000000400ccc/00000001/00000201] dynopt_dct16_sve2_shared
Trace 0: 0x7f62cc14a640 [80081009311/0000000000400c90/00000001/00000201] dynopt_dct16_sve2_shared
Trace 0: 0x7f62cc14a7c0 [80081009311/0000000000400c94/00000001/00000201] dynopt_dct16_sve2_shared
Trace 0: 0x7f62cc14a900 [80081009311/0000000000400c98/00000001/00000201] dynopt_dct16_sve2_shared
Trace 0: 0x7f62cc14aa40 [80081009311/0000000000400c9c/00000001/00000201] dynopt_dct16_sve2_shared
Trace 0: 0x7f62cc14ab80 [80081009311/0000000000400ca0/00000001/00000201] dynopt_dct16_sve2_shared
Trace 0: 0x7f62cc14acc0 [80081009311/0000000000400ca4/00000001/00000201] dynopt_dct16_sve2_shared
Trace 0: 0x7f62cc14ae00 [80081009311/0000000000400ca8/00000001/00000201] dynopt_dct16_sve2_shared
Trace 0: 0x7f62cc14af40 [80081009311/0000000000400cac/00000001/00000201] dynopt_dct16_sve2_shared
Trace 0: 0x7f62cc14b080 [80081009311/0000000000400cb0/00000001/00000201] dynopt_dct16_sve2_shared
Trace 0: 0x7f62cc14b1c0 [80081009311/0000000000400cb4/00000001/00000201] dynopt_dct16_sve2_shared
Trace 0: 0x7f62cc14b340 [80081009311/0000000000400cb8/00000001/00000201] dynopt_dct16_sve2_shared
Trace 0: 0x7f62cc14b4c0 [80081009311/0000000000400cbc/00000001/00000201] dynopt_dct16_sve2_shared
Trace 0: 0x7f62cc14b600 [80081009311/0000000000400cc0/00000001/00000201] dynopt_dct16_sve2_shared
Trace 0: 0x7f62cc14b7c0 [80081009311/0000000000400cc4/00000001/00000201] dynopt_dct16_sve2_shared
Trace 0: 0x7f62cc14b900 [80081009311/0000000000400cc8/00000001/00000201] dynopt_dct16_sve2_shared
Trace 0: 0x7f62cc14ba80 [80081009311/0000000000400ccc/00000001/00000201] dynopt_dct16_sve2_shared
Trace 0: 0x7f62cc14a640 [80081009311/0000000000400c90/00000001/00000201] dynopt_dct16_sve2_shared
Trace 0: 0x7f62cc14a7c0 [80081009311/0000000000400c94/00000001/00000201] dynopt_dct16_sve2_shared
Trace 0: 0x7f62cc14a900 [80081009311/0000000000400c98/00000001/00000201] dynopt_dct16_sve2_shared
Trace 0: 0x7f62cc14aa40 [80081009311/0000000000400c9c/00000001/00000201] dynopt_dct16_sve2_shared
Trace 0: 0x7f62cc14ab80 [80081009311/0000000000400ca0/00000001/00000201] dynopt_dct16_sve2_shared
Trace 0: 0x7f62cc14acc0 [80081009311/0000000000400ca4/00000001/00000201] dynopt_dct16_sve2_shared
Trace 0: 0x7f62cc14ae00 [80081009311/0000000000400ca8/00000001/00000201] dynopt_dct16_sve2_shared
Trace 0: 0x7f62cc14af40 [80081009311/0000000000400cac/00000001/00000201] dynopt_dct16_sve2_shared
Trace 0: 0x7f62cc14b080 [80081009311/0000000000400cb0/00000001/00000201] dynopt_dct16_sve2_shared
Trace 0: 0x7f62cc14b1c0 [80081009311/0000000000400cb4/00000001/00000201] dynopt_dct16_sve2_shared
Trace 0: 0x7f62cc14b340 [80081009311/0000000000400cb8/00000001/00000201] dynopt_dct16_sve2_shared
Trace 0: 0x7f62cc14b4c0 [80081009311/0000000000400cbc/00000001/00000201] dynopt_dct16_sve2_shared
Trace 0: 0x7f62cc14b600 [80081009311/0000000000400cc0/00000001/00000201] dynopt_dct16_sve2_shared
Trace 0: 0x7f62cc14b7c0 [80081009311/0000000000400cc4/00000001/00000201] dynopt_dct16_sve2_shared
Trace 0: 0x7f62cc14b900 [80081009311/0000000000400cc8/00000001/00000201] dynopt_dct16_sve2_shared
Trace 0: 0x7f62cc14ba80 [80081009311/0000000000400ccc/00000001/00000201] dynopt_dct16_sve2_shared
Trace 0: 0x7f62cc14a640 [80081009311/0000000000400c90/00000001/00000201] dynopt_dct16_sve2_shared
Trace 0: 0x7f62cc14a7c0 [80081009311/0000000000400c94/00000001/00000201] dynopt_dct16_sve2_shared
Trace 0: 0x7f62cc14a900 [80081009311/0000000000400c98/00000001/00000201] dynopt_dct16_sve2_shared
Trace 0: 0x7f62cc14aa40 [80081009311/0000000000400c9c/00000001/00000201] dynopt_dct16_sve2_shared
Trace 0: 0x7f62cc14ab80 [80081009311/0000000000400ca0/00000001/00000201] dynopt_dct16_sve2_shared
Trace 0: 0x7f62cc14acc0 [80081009311/0000000000400ca4/00000001/00000201] dynopt_dct16_sve2_shared
Trace 0: 0x7f62cc14ae00 [80081009311/0000000000400ca8/00000001/00000201] dynopt_dct16_sve2_shared
Trace 0: 0x7f62cc14af40 [80081009311/0000000000400cac/00000001/00000201] dynopt_dct16_sve2_shared
Trace 0: 0x7f62cc14b080 [80081009311/0000000000400cb0/00000001/00000201] dynopt_dct16_sve2_shared
Trace 0: 0x7f62cc14b1c0 [80081009311/0000000000400cb4/00000001/00000201] dynopt_dct16_sve2_shared
Trace 0: 0x7f62cc14b340 [80081009311/0000000000400cb8/00000001/00000201] dynopt_dct16_sve2_shared
Trace 0: 0x7f62cc14b4c0 [80081009311/0000000000400cbc/00000001/00000201] dynopt_dct16_sve2_shared
Trace 0: 0x7f62cc14b600 [80081009311/0000000000400cc0/00000001/00000201] dynopt_dct16_sve2_shared
Trace 0: 0x7f62cc14b7c0 [80081009311/0000000000400cc4/00000001/00000201] dynopt_dct16_sve2_shared
Trace 0: 0x7f62cc14b900 [80081009311/0000000000400cc8/00000001/00000201] dynopt_dct16_sve2_shared
Trace 0: 0x7f62cc14ba80 [80081009311/0000000000400ccc/00000001/00000201] dynopt_dct16_sve2_shared
Trace 0: 0x7f62cc14a640 [80081009311/0000000000400c90/00000001/00000201] dynopt_dct16_sve2_shared
Trace 0: 0x7f62cc14a7c0 [80081009311/0000000000400c94/00000001/00000201] dynopt_dct16_sve2_shared
Trace 0: 0x7f62cc14a900 [80081009311/0000000000400c98/00000001/00000201] dynopt_dct16_sve2_shared
Trace 0: 0x7f62cc14aa40 [80081009311/0000000000400c9c/00000001/00000201] dynopt_dct16_sve2_shared
Trace 0: 0x7f62cc14ab80 [80081009311/0000000000400ca0/00000001/00000201] dynopt_dct16_sve2_shared
Trace 0: 0x7f62cc14acc0 [80081009311/0000000000400ca4/00000001/00000201] dynopt_dct16_sve2_shared
Trace 0: 0x7f62cc14ae00 [80081009311/0000000000400ca8/00000001/00000201] dynopt_dct16_sve2_shared
Trace 0: 0x7f62cc14af40 [80081009311/0000000000400cac/00000001/00000201] dynopt_dct16_sve2_shared
Trace 0: 0x7f62cc14b080 [80081009311/0000000000400cb0/00000001/00000201] dynopt_dct16_sve2_shared
Trace 0: 0x7f62cc14b1c0 [80081009311/0000000000400cb4/00000001/00000201] dynopt_dct16_sve2_shared
Trace 0: 0x7f62cc14b340 [80081009311/0000000000400cb8/00000001/00000201] dynopt_dct16_sve2_shared
Trace 0: 0x7f62cc14b4c0 [80081009311/0000000000400cbc/00000001/00000201] dynopt_dct16_sve2_shared
Trace 0: 0x7f62cc14b600 [80081009311/0000000000400cc0/00000001/00000201] dynopt_dct16_sve2_shared
Trace 0: 0x7f62cc14b7c0 [80081009311/0000000000400cc4/00000001/00000201] dynopt_dct16_sve2_shared
Trace 0: 0x7f62cc14b900 [80081009311/0000000000400cc8/00000001/00000201] dynopt_dct16_sve2_shared
Trace 0: 0x7f62cc14ba80 [80081009311/0000000000400ccc/00000001/00000201] dynopt_dct16_sve2_shared
Trace 0: 0x7f62cc14bbc0 [80081009311/0000000000400cd0/00000001/00000201] dynopt_dct16_sve2_shared
Trace 0: 0x7f62cc14bd00 [80081009311/0000000000400cd4/00000001/00000201] dynopt_dct16_sve2_shared
Trace 0: 0x7f62cc14be40 [80081009311/0000000000400cd8/00000001/00000201] dynopt_dct16_sve2_shared
Trace 0: 0x7f62cc14bfc0 [80081009311/0000000000400cdc/00000001/00000201] dynopt_dct16_sve2_shared
Trace 0: 0x7f62cc14c100 [80081009311/0000000000400ce0/00000001/00000201] dynopt_dct16_sve2_shared
Trace 0: 0x7f62cc14c280 [80081009311/0000000000400ce4/00000001/00000201] dynopt_dct16_sve2_shared
Trace 0: 0x7f62cc14c3c0 [80081009311/0000000000400ce8/00000001/00000201] dynopt_dct16_sve2_shared
Trace 0: 0x7f62cc14c500 [80081009311/0000000000400cec/00000001/00000201] dynopt_dct16_sve2_shared
Trace 0: 0x7f62cc14c640 [80081009311/0000000000400cf0/00000001/00000201] dynopt_dct16_sve2_shared
Trace 0: 0x7f62cc14c780 [80081009311/0000000000400cf4/00000001/00000201] dynopt_dct16_sve2_shared
Trace 0: 0x7f62cc14c8c0 [80081009311/0000000000400cf8/00000001/00000201] dynopt_dct16_sve2_shared
Trace 0: 0x7f62cc14ca00 [80081009311/0000000000400cfc/00000001/00000201] dynopt_dct16_sve2_shared
Trace 0: 0x7f62cc14cb40 [80081009311/0000000000400d00/00000001/00000201] dynopt_dct16_sve2_shared
Trace 0: 0x7f62cc14cd00 [80081009311/0000000000400d04/00000001/00000201] dynopt_dct16_sve2_shared
Trace 0: 0x7f62cc14ce40 [80081009311/0000000000400d08/00000001/00000201] dynopt_dct16_sve2_shared
Trace 0: 0x7f62cc14cfc0 [80081009311/0000000000400d0c/00000001/00000201] dynopt_dct16_sve2_shared
Trace 0: 0x7f62cc14d100 [80081009311/0000000000400d10/00000001/00000201] dynopt_dct16_sve2_shared
Trace 0: 0x7f62cc14d240 [80081009311/0000000000400d14/00000001/00000201] dynopt_dct16_sve2_shared
Trace 0: 0x7f62cc14d380 [80081009311/0000000000400d18/00000001/00000201] dynopt_dct16_sve2_shared
Trace 0: 0x7f62cc14d4c0 [80081009311/0000000000400d1c/00000001/00000201] dynopt_dct16_sve2_shared
Trace 0: 0x7f62cc14d600 [80081009311/0000000000400d20/00000001/00000201] dynopt_dct16_sve2_shared
Trace 0: 0x7f62cc14d740 [80081009311/0000000000400d24/00000001/00000201] dynopt_dct16_sve2_shared
Trace 0: 0x7f62cc14d880 [80081009311/0000000000400d28/00000001/00000201] dynopt_dct16_sve2_shared
Trace 0: 0x7f62cc14da40 [80081009311/0000000000400d2c/00000001/00000201] dynopt_dct16_sve2_shared
Trace 0: 0x7f62cc14db80 [80081009311/0000000000400d30/00000001/00000201] dynopt_dct16_sve2_shared
Trace 0: 0x7f62cc14dd00 [80081009311/0000000000400d34/00000001/00000201] dynopt_dct16_sve2_shared
Trace 0: 0x7f62cc14ce40 [80081009311/0000000000400d08/00000001/00000201] dynopt_dct16_sve2_shared
Trace 0: 0x7f62cc14cfc0 [80081009311/0000000000400d0c/00000001/00000201] dynopt_dct16_sve2_shared
Trace 0: 0x7f62cc14d100 [80081009311/0000000000400d10/00000001/00000201] dynopt_dct16_sve2_shared
Trace 0: 0x7f62cc14d240 [80081009311/0000000000400d14/00000001/00000201] dynopt_dct16_sve2_shared
Trace 0: 0x7f62cc14d380 [80081009311/0000000000400d18/00000001/00000201] dynopt_dct16_sve2_shared
Trace 0: 0x7f62cc14d4c0 [80081009311/0000000000400d1c/00000001/00000201] dynopt_dct16_sve2_shared
Trace 0: 0x7f62cc14d600 [80081009311/0000000000400d20/00000001/00000201] dynopt_dct16_sve2_shared
Trace 0: 0x7f62cc14d740 [80081009311/0000000000400d24/00000001/00000201] dynopt_dct16_sve2_shared
Trace 0: 0x7f62cc14d880 [80081009311/0000000000400d28/00000001/00000201] dynopt_dct16_sve2_shared
Trace 0: 0x7f62cc14da40 [80081009311/0000000000400d2c/00000001/00000201] dynopt_dct16_sve2_shared
Trace 0: 0x7f62cc14db80 [80081009311/0000000000400d30/00000001/00000201] dynopt_dct16_sve2_shared
Trace 0: 0x7f62cc14dd00 [80081009311/0000000000400d34/00000001/00000201] dynopt_dct16_sve2_shared
Trace 0: 0x7f62cc14ce40 [80081009311/0000000000400d08/00000001/00000201] dynopt_dct16_sve2_shared
Trace 0: 0x7f62cc14cfc0 [80081009311/0000000000400d0c/00000001/00000201] dynopt_dct16_sve2_shared
Trace 0: 0x7f62cc14d100 [80081009311/0000000000400d10/00000001/00000201] dynopt_dct16_sve2_shared
Trace 0: 0x7f62cc14d240 [80081009311/0000000000400d14/00000001/00000201] dynopt_dct16_sve2_shared
Trace 0: 0x7f62cc14d380 [80081009311/0000000000400d18/00000001/00000201] dynopt_dct16_sve2_shared
Trace 0: 0x7f62cc14d4c0 [80081009311/0000000000400d1c/00000001/00000201] dynopt_dct16_sve2_shared
Trace 0: 0x7f62cc14d600 [80081009311/0000000000400d20/00000001/00000201] dynopt_dct16_sve2_shared
Trace 0: 0x7f62cc14d740 [80081009311/0000000000400d24/00000001/00000201] dynopt_dct16_sve2_shared
Trace 0: 0x7f62cc14d880 [80081009311/0000000000400d28/00000001/00000201] dynopt_dct16_sve2_shared
Trace 0: 0x7f62cc14da40 [80081009311/0000000000400d2c/00000001/00000201] dynopt_dct16_sve2_shared
Trace 0: 0x7f62cc14db80 [80081009311/0000000000400d30/00000001/00000201] dynopt_dct16_sve2_shared
Trace 0: 0x7f62cc14dd00 [80081009311/0000000000400d34/00000001/00000201] dynopt_dct16_sve2_shared
Trace 0: 0x7f62cc14de40 [80081009311/0000000000400d38/00000001/00000201] dynopt_dct16_sve2_shared
Trace 0: 0x7f62cc14df80 [80081009311/0000000000400d3c/00000001/00000201] dynopt_dct16_sve2_shared
Trace 0: 0x7f62cc14e0c0 [80081009311/0000000000400d40/00000001/00000201] dynopt_dct16_sve2_shared
Trace 0: 0x7f62cc14e200 [80081009311/0000000000400d44/00000001/00000201] dynopt_dct16_sve2_shared
Trace 0: 0x7f62cc14e340 [80081009311/0000000000400d48/00000001/00000201] dynopt_dct16_sve2_shared
Trace 0: 0x7f62cc14e480 [80081009311/0000000000400d4c/00000001/00000201] dynopt_dct16_sve2_shared
Trace 0: 0x7f62cc14e5c0 [80081009311/0000000000400d50/00000001/00000201] dynopt_dct16_sve2_shared
Trace 0: 0x7f62cc14e740 [80081009311/0000000000400d54/00000001/00000201] dynopt_dct16_sve2_shared
Trace 0: 0x7f62cc14e880 [80081009311/0000000000400d58/00000001/00000201] dynopt_dct16_sve2_shared
Trace 0: 0x7f62cc14e9c0 [80081009311/0000000000400d5c/00000001/00000201] dynopt_dct16_sve2_shared
Trace 0: 0x7f62cc14eb00 [80081009311/0000000000400d60/00000001/00000201] dynopt_dct16_sve2_shared
Trace 0: 0x7f62cc14ec40 [80081009311/0000000000400d64/00000001/00000201] dynopt_dct16_sve2_shared
Trace 0: 0x7f62cc14ed80 [80081009311/0000000000400d68/00000001/00000201] dynopt_dct16_sve2_shared
Trace 0: 0x7f62cc14eec0 [80081009311/0000000000400d6c/00000001/00000201] dynopt_dct16_sve2_shared
Trace 0: 0x7f62cc14f000 [80081009311/0000000000400d70/00000001/00000201] dynopt_dct16_sve2_shared
Trace 0: 0x7f62cc14f140 [80081009311/0000000000400d74/00000001/00000201] dynopt_dct16_sve2_shared
Trace 0: 0x7f62cc14f280 [80081009311/0000000000400d78/00000001/00000201] dynopt_dct16_sve2_shared
Trace 0: 0x7f62cc14f3c0 [80081009311/0000000000400d7c/00000001/00000201] dynopt_dct16_sve2_shared
Trace 0: 0x7f62cc14f500 [80081009311/0000000000400d80/00000001/00000201] dynopt_dct16_sve2_shared
Trace 0: 0x7f62cc14f640 [80081009311/0000000000400d84/00000001/00000201] dynopt_dct16_sve2_shared
Trace 0: 0x7f62cc14f780 [80081009311/0000000000400d88/00000001/00000201] dynopt_dct16_sve2_shared
Trace 0: 0x7f62cc14f8c0 [80081009311/0000000000400d8c/00000001/00000201] dynopt_dct16_sve2_shared
Trace 0: 0x7f62cc14fa00 [80081009311/0000000000400d90/00000001/00000201] dynopt_dct16_sve2_shared
Trace 0: 0x7f62cc14fb40 [80081009311/0000000000400d94/00000001/00000201] dynopt_dct16_sve2_shared
Trace 0: 0x7f62cc14fc80 [80081009311/0000000000400d98/00000001/00000201] dynopt_dct16_sve2_shared
Trace 0: 0x7f62cc14fdc0 [80081009311/0000000000400d9c/00000001/00000201] dynopt_dct16_sve2_shared
Trace 0: 0x7f62cc14ff00 [80081009311/0000000000400da0/00000001/00000201] dynopt_dct16_sve2_shared
Trace 0: 0x7f62cc150040 [80081009311/0000000000400da4/00000001/00000201] dynopt_dct16_sve2_shared
Trace 0: 0x7f62cc150200 [80081009311/0000000000400da8/00000001/00000201] dynopt_dct16_sve2_shared
Trace 0: 0x7f62cc1503c0 [80081009311/0000000000400dac/00000001/00000201] dynopt_dct16_sve2_shared
Trace 0: 0x7f62cc150580 [80081009311/0000000000400db0/00000001/00000201] dynopt_dct16_sve2_shared
Trace 0: 0x7f62cc150740 [80081009311/0000000000400db4/00000001/00000201] dynopt_dct16_sve2_shared
Trace 0: 0x7f62cc150880 [80081009311/0000000000400db8/00000001/00000201] dynopt_dct16_sve2_shared
Trace 0: 0x7f62cc1509c0 [80081009311/0000000000400dbc/00000001/00000201] dynopt_dct16_sve2_shared
Trace 0: 0x7f62cc150b00 [80081009311/0000000000400dc0/00000001/00000201] dynopt_dct16_sve2_shared
Trace 0: 0x7f62cc150c40 [80081009311/0000000000400dc4/00000001/00000201] dynopt_dct16_sve2_shared
Trace 0: 0x7f62cc150d80 [80081009311/0000000000400dc8/00000001/00000201] dynopt_dct16_sve2_shared
----------------
IN: dynopt_dct16_sve2_shared
0x00400dcc:  6d4027e8  ldp      d8, d9, [sp]

Trace 0: 0x7f62cc150ec0 [80081009311/0000000000400dcc/00000001/00000201] dynopt_dct16_sve2_shared
----------------
IN: dynopt_dct16_sve2_shared
0x00400dd0:  6d412fea  ldp      d10, d11, [sp, #0x10]

Trace 0: 0x7f62cc151040 [80081009311/0000000000400dd0/00000001/00000201] dynopt_dct16_sve2_shared
----------------
IN: dynopt_dct16_sve2_shared
0x00400dd4:  6d4237ec  ldp      d12, d13, [sp, #0x20]

Trace 0: 0x7f62cc1511c0 [80081009311/0000000000400dd4/00000001/00000201] dynopt_dct16_sve2_shared
----------------
IN: dynopt_dct16_sve2_shared
0x00400dd8:  6d433fee  ldp      d14, d15, [sp, #0x30]

Trace 0: 0x7f62cc151340 [80081009311/0000000000400dd8/00000001/00000201] dynopt_dct16_sve2_shared
----------------
IN: dynopt_dct16_sve2_shared
0x00400ddc:  043f50ff  addvl    sp, sp, #7

Trace 0: 0x7f62cc1514c0 [80081009311/0000000000400ddc/00000001/00000201] dynopt_dct16_sve2_shared
----------------
IN: dynopt_dct16_sve2_shared
0x00400de0:  911503ff  add      sp, sp, #0x540

Trace 0: 0x7f62cc151600 [80081009311/0000000000400de0/00000001/00000201] dynopt_dct16_sve2_shared
----------------
IN: dynopt_dct16_sve2_shared
0x00400de4:  d65f03c0  ret      

Trace 0: 0x7f62cc151740 [80081009311/0000000000400de4/00000001/00000201] dynopt_dct16_sve2_shared
----------------
IN: call_fini
0x00400e00:  a9be7bfd  stp      x29, x30, [sp, #-0x20]!

Trace 0: 0x7f62cc159880 [80081009b11/0000000000400e00/00000001/00000201] call_fini
