----------------
IN: dynopt_dct16_sve2_shared
0x00400820:  d11483ff  sub      sp, sp, #0x520

Trace 0: 0x7fcf70130a40 [80081009311/0000000000400820/00000001/00000201] dynopt_dct16_sve2_shared
----------------
IN: dynopt_dct16_sve2_shared
0x00400824:  2518e3e7  ptrue    p7.b

Trace 0: 0x7fcf70130b80 [80081009311/0000000000400824/00000001/00000201] dynopt_dct16_sve2_shared
----------------
IN: dynopt_dct16_sve2_shared
0x00400828:  b00002a9  adrp     x9, #0x455000

Trace 0: 0x7fcf70130cc0 [80081009311/0000000000400828/00000001/00000201] dynopt_dct16_sve2_shared
----------------
IN: dynopt_dct16_sve2_shared
0x0040082c:  9123c126  add      x6, x9, #0x8f0

Trace 0: 0x7fcf70130e00 [80081009311/000000000040082c/00000001/00000201] dynopt_dct16_sve2_shared
----------------
IN: dynopt_dct16_sve2_shared
0x00400830:  a4a0bcdd  ld1h     {z29.h}, p7/z, [x6]

Trace 0: 0x7fcf70130f40 [80081009311/0000000000400830/00000001/00000201] dynopt_dct16_sve2_shared
----------------
IN: dynopt_dct16_sve2_shared
0x00400834:  910ca3eb  add      x11, sp, #0x328

Trace 0: 0x7fcf70131080 [80081009311/0000000000400834/00000001/00000201] dynopt_dct16_sve2_shared
----------------
IN: dynopt_dct16_sve2_shared
0x00400838:  910080c3  add      x3, x6, #0x20

Trace 0: 0x7fcf701311c0 [80081009311/0000000000400838/00000001/00000201] dynopt_dct16_sve2_shared
----------------
IN: dynopt_dct16_sve2_shared
0x0040083c:  a4a0bc7c  ld1h     {z28.h}, p7/z, [x3]

Trace 0: 0x7fcf70131300 [80081009311/000000000040083c/00000001/00000201] dynopt_dct16_sve2_shared
----------------
IN: dynopt_dct16_sve2_shared
0x00400840:  910180c7  add      x7, x6, #0x60

Trace 0: 0x7fcf70131440 [80081009311/0000000000400840/00000001/00000201] dynopt_dct16_sve2_shared
----------------
IN: dynopt_dct16_sve2_shared
0x00400844:  6d003bed  stp      d13, d14, [sp]

Trace 0: 0x7fcf70131580 [80081009311/0000000000400844/00000001/00000201] dynopt_dct16_sve2_shared
----------------
IN: dynopt_dct16_sve2_shared
0x00400848:  a4a25c19  ld1h     {z25.h}, p7/z, [x0, x2, lsl #1]

Trace 0: 0x7fcf701316c0 [80081009311/0000000000400848/00000001/00000201] dynopt_dct16_sve2_shared
----------------
IN: dynopt_dct16_sve2_shared
0x0040084c:  a4a0bc15  ld1h     {z21.h}, p7/z, [x0]

Trace 0: 0x7fcf70131800 [80081009311/000000000040084c/00000001/00000201] dynopt_dct16_sve2_shared
----------------
IN: dynopt_dct16_sve2_shared
0x00400850:  05783b32  rev      z18.h, z25.h

Trace 0: 0x7fcf70131940 [80081009311/0000000000400850/00000001/00000201] dynopt_dct16_sve2_shared
----------------
IN: dynopt_dct16_sve2_shared
0x00400854:  05783ab1  rev      z17.h, z21.h

Trace 0: 0x7fcf70131a80 [80081009311/0000000000400854/00000001/00000201] dynopt_dct16_sve2_shared
----------------
IN: dynopt_dct16_sve2_shared
0x00400858:  0472033f  add      z31.h, z25.h, z18.h

Trace 0: 0x7fcf70131bc0 [80081009311/0000000000400858/00000001/00000201] dynopt_dct16_sve2_shared
----------------
IN: dynopt_dct16_sve2_shared
0x0040085c:  047102be  add      z30.h, z21.h, z17.h

Trace 0: 0x7fcf70131d00 [80081009311/000000000040085c/00000001/00000201] dynopt_dct16_sve2_shared
----------------
IN: dynopt_dct16_sve2_shared
0x00400860:  8b020800  add      x0, x0, x2, lsl #2

Trace 0: 0x7fcf70131e40 [80081009311/0000000000400860/00000001/00000201] dynopt_dct16_sve2_shared
----------------
IN: dynopt_dct16_sve2_shared
0x00400864:  057d2bd7  tbl      z23.h, {z30.h, z31.h}, z29.h

Trace 0: 0x7fcf70131f80 [80081009311/0000000000400864/00000001/00000201] dynopt_dct16_sve2_shared
----------------
IN: dynopt_dct16_sve2_shared
0x00400868:  a4a25c1b  ld1h     {z27.h}, p7/z, [x0, x2, lsl #1]

Trace 0: 0x7fcf701320c0 [80081009311/0000000000400868/00000001/00000201] dynopt_dct16_sve2_shared
----------------
IN: dynopt_dct16_sve2_shared
0x0040086c:  a4a0bc16  ld1h     {z22.h}, p7/z, [x0]

Trace 0: 0x7fcf70132200 [80081009311/000000000040086c/00000001/00000201] dynopt_dct16_sve2_shared
----------------
IN: dynopt_dct16_sve2_shared
0x00400870:  05783b74  rev      z20.h, z27.h

Trace 0: 0x7fcf70132340 [80081009311/0000000000400870/00000001/00000201] dynopt_dct16_sve2_shared
----------------
IN: dynopt_dct16_sve2_shared
0x00400874:  05783ad3  rev      z19.h, z22.h

Trace 0: 0x7fcf70132480 [80081009311/0000000000400874/00000001/00000201] dynopt_dct16_sve2_shared
----------------
IN: dynopt_dct16_sve2_shared
0x00400878:  0474037f  add      z31.h, z27.h, z20.h

Trace 0: 0x7fcf701325c0 [80081009311/0000000000400878/00000001/00000201] dynopt_dct16_sve2_shared
----------------
IN: dynopt_dct16_sve2_shared
0x0040087c:  047302de  add      z30.h, z22.h, z19.h

Trace 0: 0x7fcf70132700 [80081009311/000000000040087c/00000001/00000201] dynopt_dct16_sve2_shared
----------------
IN: dynopt_dct16_sve2_shared
0x00400880:  057d2bd8  tbl      z24.h, {z30.h, z31.h}, z29.h

Trace 0: 0x7fcf70132840 [80081009311/0000000000400880/00000001/00000201] dynopt_dct16_sve2_shared
----------------
IN: dynopt_dct16_sve2_shared
0x00400884:  047106be  sub      z30.h, z21.h, z17.h

Trace 0: 0x7fcf70132980 [80081009311/0000000000400884/00000001/00000201] dynopt_dct16_sve2_shared
----------------
IN: dynopt_dct16_sve2_shared
0x00400888:  0472073f  sub      z31.h, z25.h, z18.h

Trace 0: 0x7fcf70132ac0 [80081009311/0000000000400888/00000001/00000201] dynopt_dct16_sve2_shared
----------------
IN: dynopt_dct16_sve2_shared
0x0040088c:  057d2bd9  tbl      z25.h, {z30.h, z31.h}, z29.h

Trace 0: 0x7fcf70132c00 [80081009311/000000000040088c/00000001/00000201] dynopt_dct16_sve2_shared
----------------
IN: dynopt_dct16_sve2_shared
0x00400890:  047306de  sub      z30.h, z22.h, z19.h

Trace 0: 0x7fcf70132d40 [80081009311/0000000000400890/00000001/00000201] dynopt_dct16_sve2_shared
----------------
IN: dynopt_dct16_sve2_shared
0x00400894:  0474077f  sub      z31.h, z27.h, z20.h

Trace 0: 0x7fcf70132e80 [80081009311/0000000000400894/00000001/00000201] dynopt_dct16_sve2_shared
----------------
IN: dynopt_dct16_sve2_shared
0x00400898:  8b020800  add      x0, x0, x2, lsl #2

Trace 0: 0x7fcf70132fc0 [80081009311/0000000000400898/00000001/00000201] dynopt_dct16_sve2_shared
----------------
IN: dynopt_dct16_sve2_shared
0x0040089c:  057d2bdb  tbl      z27.h, {z30.h, z31.h}, z29.h

Trace 0: 0x7fcf70133100 [80081009311/000000000040089c/00000001/00000201] dynopt_dct16_sve2_shared
----------------
IN: dynopt_dct16_sve2_shared
0x004008a0:  047732fe  mov      z30.d, z23.d

Trace 0: 0x7fcf70133240 [80081009311/00000000004008a0/00000001/00000201] dynopt_dct16_sve2_shared
----------------
IN: dynopt_dct16_sve2_shared
0x004008a4:  0478331f  mov      z31.d, z24.d

Trace 0: 0x7fcf70133380 [80081009311/00000000004008a4/00000001/00000201] dynopt_dct16_sve2_shared
----------------
IN: dynopt_dct16_sve2_shared
0x004008a8:  047b3375  mov      z21.d, z27.d

Trace 0: 0x7fcf701334c0 [80081009311/00000000004008a8/00000001/00000201] dynopt_dct16_sve2_shared
----------------
IN: dynopt_dct16_sve2_shared
0x004008ac:  910100c3  add      x3, x6, #0x40

Trace 0: 0x7fcf70133600 [80081009311/00000000004008ac/00000001/00000201] dynopt_dct16_sve2_shared
----------------
IN: dynopt_dct16_sve2_shared
0x004008b0:  04793334  mov      z20.d, z25.d

Trace 0: 0x7fcf70133740 [80081009311/00000000004008b0/00000001/00000201] dynopt_dct16_sve2_shared
----------------
IN: dynopt_dct16_sve2_shared
0x004008b4:  a4a0bc7a  ld1h     {z26.h}, p7/z, [x3]

Trace 0: 0x7fcf70133880 [80081009311/00000000004008b4/00000001/00000201] dynopt_dct16_sve2_shared
----------------
IN: dynopt_dct16_sve2_shared
0x004008b8:  a4a25c19  ld1h     {z25.h}, p7/z, [x0, x2, lsl #1]

Trace 0: 0x7fcf701339c0 [80081009311/00000000004008b8/00000001/00000201] dynopt_dct16_sve2_shared
----------------
IN: dynopt_dct16_sve2_shared
0x004008bc:  057c2bc3  tbl      z3.h, {z30.h, z31.h}, z28.h

Trace 0: 0x7fcf70133b00 [80081009311/00000000004008bc/00000001/00000201] dynopt_dct16_sve2_shared
----------------
IN: dynopt_dct16_sve2_shared
0x004008c0:  05783b30  rev      z16.h, z25.h

Trace 0: 0x7fcf70133c40 [80081009311/00000000004008c0/00000001/00000201] dynopt_dct16_sve2_shared
----------------
IN: dynopt_dct16_sve2_shared
0x004008c4:  057a2bd3  tbl      z19.h, {z30.h, z31.h}, z26.h

Trace 0: 0x7fcf70133d80 [80081009311/00000000004008c4/00000001/00000201] dynopt_dct16_sve2_shared
----------------
IN: dynopt_dct16_sve2_shared
0x004008c8:  057c2a84  tbl      z4.h, {z20.h, z21.h}, z28.h

Trace 0: 0x7fcf70133ec0 [80081009311/00000000004008c8/00000001/00000201] dynopt_dct16_sve2_shared
----------------
IN: dynopt_dct16_sve2_shared
0x004008cc:  0470033f  add      z31.h, z25.h, z16.h

Trace 0: 0x7fcf70134000 [80081009311/00000000004008cc/00000001/00000201] dynopt_dct16_sve2_shared
----------------
IN: dynopt_dct16_sve2_shared
0x004008d0:  057a2a94  tbl      z20.h, {z20.h, z21.h}, z26.h

Trace 0: 0x7fcf70134140 [80081009311/00000000004008d0/00000001/00000201] dynopt_dct16_sve2_shared
----------------
IN: dynopt_dct16_sve2_shared
0x004008d4:  a4a0bc15  ld1h     {z21.h}, p7/z, [x0]

Trace 0: 0x7fcf70134280 [80081009311/00000000004008d4/00000001/00000201] dynopt_dct16_sve2_shared
----------------
IN: dynopt_dct16_sve2_shared
0x004008d8:  8b020800  add      x0, x0, x2, lsl #2

Trace 0: 0x7fcf701343c0 [80081009311/00000000004008d8/00000001/00000201] dynopt_dct16_sve2_shared
----------------
IN: dynopt_dct16_sve2_shared
0x004008dc:  a4a25c1b  ld1h     {z27.h}, p7/z, [x0, x2, lsl #1]

Trace 0: 0x7fcf70134500 [80081009311/00000000004008dc/00000001/00000201] dynopt_dct16_sve2_shared
----------------
IN: dynopt_dct16_sve2_shared
0x004008e0:  a4a0bc16  ld1h     {z22.h}, p7/z, [x0]

Trace 0: 0x7fcf70134640 [80081009311/00000000004008e0/00000001/00000201] dynopt_dct16_sve2_shared
----------------
IN: dynopt_dct16_sve2_shared
0x004008e4:  fd000bef  str      d15, [sp, #0x10]

Trace 0: 0x7fcf70134780 [80081009311/00000000004008e4/00000001/00000201] dynopt_dct16_sve2_shared
----------------
IN: dynopt_dct16_sve2_shared
0x004008e8:  05783aaf  rev      z15.h, z21.h

Trace 0: 0x7fcf701348c0 [80081009311/00000000004008e8/00000001/00000201] dynopt_dct16_sve2_shared
----------------
IN: dynopt_dct16_sve2_shared
0x004008ec:  046f02be  add      z30.h, z21.h, z15.h

Trace 0: 0x7fcf70134a00 [80081009311/00000000004008ec/00000001/00000201] dynopt_dct16_sve2_shared
----------------
IN: dynopt_dct16_sve2_shared
0x004008f0:  05783ad1  rev      z17.h, z22.h

Trace 0: 0x7fcf70134b40 [80081009311/00000000004008f0/00000001/00000201] dynopt_dct16_sve2_shared
----------------
IN: dynopt_dct16_sve2_shared
0x004008f4:  05783b72  rev      z18.h, z27.h

Trace 0: 0x7fcf70134c80 [80081009311/00000000004008f4/00000001/00000201] dynopt_dct16_sve2_shared
----------------
IN: dynopt_dct16_sve2_shared
0x004008f8:  057d2bd7  tbl      z23.h, {z30.h, z31.h}, z29.h

Trace 0: 0x7fcf70134dc0 [80081009311/00000000004008f8/00000001/00000201] dynopt_dct16_sve2_shared
----------------
IN: dynopt_dct16_sve2_shared
0x004008fc:  047102de  add      z30.h, z22.h, z17.h

Trace 0: 0x7fcf70134f00 [80081009311/00000000004008fc/00000001/00000201] dynopt_dct16_sve2_shared
----------------
IN: dynopt_dct16_sve2_shared
0x00400900:  0472037f  add      z31.h, z27.h, z18.h

Trace 0: 0x7fcf70135040 [80081009311/0000000000400900/00000001/00000201] dynopt_dct16_sve2_shared
----------------
IN: dynopt_dct16_sve2_shared
0x00400904:  057d2bd8  tbl      z24.h, {z30.h, z31.h}, z29.h

Trace 0: 0x7fcf70135180 [80081009311/0000000000400904/00000001/00000201] dynopt_dct16_sve2_shared
----------------
IN: dynopt_dct16_sve2_shared
0x00400908:  046f06be  sub      z30.h, z21.h, z15.h

Trace 0: 0x7fcf701352c0 [80081009311/0000000000400908/00000001/00000201] dynopt_dct16_sve2_shared
----------------
IN: dynopt_dct16_sve2_shared
0x0040090c:  0470073f  sub      z31.h, z25.h, z16.h

Trace 0: 0x7fcf70135400 [80081009311/000000000040090c/00000001/00000201] dynopt_dct16_sve2_shared
----------------
IN: dynopt_dct16_sve2_shared
0x00400910:  057d2bd9  tbl      z25.h, {z30.h, z31.h}, z29.h

Trace 0: 0x7fcf70135540 [80081009311/0000000000400910/00000001/00000201] dynopt_dct16_sve2_shared
----------------
IN: dynopt_dct16_sve2_shared
0x00400914:  047106de  sub      z30.h, z22.h, z17.h

Trace 0: 0x7fcf70135680 [80081009311/0000000000400914/00000001/00000201] dynopt_dct16_sve2_shared
----------------
IN: dynopt_dct16_sve2_shared
0x00400918:  0472077f  sub      z31.h, z27.h, z18.h

Trace 0: 0x7fcf701357c0 [80081009311/0000000000400918/00000001/00000201] dynopt_dct16_sve2_shared
----------------
IN: dynopt_dct16_sve2_shared
0x0040091c:  8b020800  add      x0, x0, x2, lsl #2

Trace 0: 0x7fcf70135900 [80081009311/000000000040091c/00000001/00000201] dynopt_dct16_sve2_shared
----------------
IN: dynopt_dct16_sve2_shared
0x00400920:  057d2bdb  tbl      z27.h, {z30.h, z31.h}, z29.h

Trace 0: 0x7fcf70135a40 [80081009311/0000000000400920/00000001/00000201] dynopt_dct16_sve2_shared
----------------
IN: dynopt_dct16_sve2_shared
0x00400924:  047732fe  mov      z30.d, z23.d

Trace 0: 0x7fcf70135b80 [80081009311/0000000000400924/00000001/00000201] dynopt_dct16_sve2_shared
----------------
IN: dynopt_dct16_sve2_shared
0x00400928:  0478331f  mov      z31.d, z24.d

Trace 0: 0x7fcf70135cc0 [80081009311/0000000000400928/00000001/00000201] dynopt_dct16_sve2_shared
----------------
IN: dynopt_dct16_sve2_shared
0x0040092c:  047b3377  mov      z23.d, z27.d

Trace 0: 0x7fcf70135e00 [80081009311/000000000040092c/00000001/00000201] dynopt_dct16_sve2_shared
----------------
IN: dynopt_dct16_sve2_shared
0x00400930:  a4a25c12  ld1h     {z18.h}, p7/z, [x0, x2, lsl #1]

Trace 0: 0x7fcf70135f40 [80081009311/0000000000400930/00000001/00000201] dynopt_dct16_sve2_shared
----------------
IN: dynopt_dct16_sve2_shared
0x00400934:  a4a0bc11  ld1h     {z17.h}, p7/z, [x0]

Trace 0: 0x7fcf70136080 [80081009311/0000000000400934/00000001/00000201] dynopt_dct16_sve2_shared
----------------
IN: dynopt_dct16_sve2_shared
0x00400938:  05783a4e  rev      z14.h, z18.h

Trace 0: 0x7fcf701361c0 [80081009311/0000000000400938/00000001/00000201] dynopt_dct16_sve2_shared
----------------
IN: dynopt_dct16_sve2_shared
0x0040093c:  8b020800  add      x0, x0, x2, lsl #2

Trace 0: 0x7fcf70136300 [80081009311/000000000040093c/00000001/00000201] dynopt_dct16_sve2_shared
----------------
IN: dynopt_dct16_sve2_shared
0x00400940:  04793336  mov      z22.d, z25.d

Trace 0: 0x7fcf70136440 [80081009311/0000000000400940/00000001/00000201] dynopt_dct16_sve2_shared
----------------
IN: dynopt_dct16_sve2_shared
0x00400944:  a4a25c1b  ld1h     {z27.h}, p7/z, [x0, x2, lsl #1]

Trace 0: 0x7fcf70136580 [80081009311/0000000000400944/00000001/00000201] dynopt_dct16_sve2_shared
----------------
IN: dynopt_dct16_sve2_shared
0x00400948:  046e0259  add      z25.h, z18.h, z14.h

Trace 0: 0x7fcf701366c0 [80081009311/0000000000400948/00000001/00000201] dynopt_dct16_sve2_shared
----------------
IN: dynopt_dct16_sve2_shared
0x0040094c:  05783b70  rev      z16.h, z27.h

Trace 0: 0x7fcf70136800 [80081009311/000000000040094c/00000001/00000201] dynopt_dct16_sve2_shared
----------------
IN: dynopt_dct16_sve2_shared
0x00400950:  057c2bc5  tbl      z5.h, {z30.h, z31.h}, z28.h

Trace 0: 0x7fcf70136940 [80081009311/0000000000400950/00000001/00000201] dynopt_dct16_sve2_shared
----------------
IN: dynopt_dct16_sve2_shared
0x00400954:  057a2bd5  tbl      z21.h, {z30.h, z31.h}, z26.h

Trace 0: 0x7fcf70136a80 [80081009311/0000000000400954/00000001/00000201] dynopt_dct16_sve2_shared
----------------
IN: dynopt_dct16_sve2_shared
0x00400958:  057c2ac6  tbl      z6.h, {z22.h, z23.h}, z28.h

Trace 0: 0x7fcf70136bc0 [80081009311/0000000000400958/00000001/00000201] dynopt_dct16_sve2_shared
----------------
IN: dynopt_dct16_sve2_shared
0x0040095c:  0470037f  add      z31.h, z27.h, z16.h

Trace 0: 0x7fcf70136d00 [80081009311/000000000040095c/00000001/00000201] dynopt_dct16_sve2_shared
----------------
IN: dynopt_dct16_sve2_shared
0x00400960:  057a2ad6  tbl      z22.h, {z22.h, z23.h}, z26.h

Trace 0: 0x7fcf70136e40 [80081009311/0000000000400960/00000001/00000201] dynopt_dct16_sve2_shared
----------------
IN: dynopt_dct16_sve2_shared
0x00400964:  a4a0bc17  ld1h     {z23.h}, p7/z, [x0]

Trace 0: 0x7fcf70136f80 [80081009311/0000000000400964/00000001/00000201] dynopt_dct16_sve2_shared
----------------
IN: dynopt_dct16_sve2_shared
0x00400968:  05783aef  rev      z15.h, z23.h

Trace 0: 0x7fcf701370c0 [80081009311/0000000000400968/00000001/00000201] dynopt_dct16_sve2_shared
----------------
IN: dynopt_dct16_sve2_shared
0x0040096c:  046f02fe  add      z30.h, z23.h, z15.h

Trace 0: 0x7fcf70137200 [80081009311/000000000040096c/00000001/00000201] dynopt_dct16_sve2_shared
----------------
IN: dynopt_dct16_sve2_shared
0x00400970:  05783a2d  rev      z13.h, z17.h

Trace 0: 0x7fcf70137340 [80081009311/0000000000400970/00000001/00000201] dynopt_dct16_sve2_shared
----------------
IN: dynopt_dct16_sve2_shared
0x00400974:  046d0238  add      z24.h, z17.h, z13.h

Trace 0: 0x7fcf70137480 [80081009311/0000000000400974/00000001/00000201] dynopt_dct16_sve2_shared
----------------
IN: dynopt_dct16_sve2_shared
0x00400978:  057d2b18  tbl      z24.h, {z24.h, z25.h}, z29.h

Trace 0: 0x7fcf701375c0 [80081009311/0000000000400978/00000001/00000201] dynopt_dct16_sve2_shared
----------------
IN: dynopt_dct16_sve2_shared
0x0040097c:  057d2bd9  tbl      z25.h, {z30.h, z31.h}, z29.h

Trace 0: 0x7fcf70137700 [80081009311/000000000040097c/00000001/00000201] dynopt_dct16_sve2_shared
----------------
IN: dynopt_dct16_sve2_shared
0x00400980:  046d063e  sub      z30.h, z17.h, z13.h

Trace 0: 0x7fcf70137840 [80081009311/0000000000400980/00000001/00000201] dynopt_dct16_sve2_shared
----------------
IN: dynopt_dct16_sve2_shared
0x00400984:  046e065f  sub      z31.h, z18.h, z14.h

Trace 0: 0x7fcf70137980 [80081009311/0000000000400984/00000001/00000201] dynopt_dct16_sve2_shared
----------------
IN: dynopt_dct16_sve2_shared
0x00400988:  057d2bd2  tbl      z18.h, {z30.h, z31.h}, z29.h

Trace 0: 0x7fcf70137ac0 [80081009311/0000000000400988/00000001/00000201] dynopt_dct16_sve2_shared
----------------
IN: dynopt_dct16_sve2_shared
0x0040098c:  046f06fe  sub      z30.h, z23.h, z15.h

Trace 0: 0x7fcf70137c00 [80081009311/000000000040098c/00000001/00000201] dynopt_dct16_sve2_shared
----------------
IN: dynopt_dct16_sve2_shared
0x00400990:  0470077f  sub      z31.h, z27.h, z16.h

Trace 0: 0x7fcf70137d40 [80081009311/0000000000400990/00000001/00000201] dynopt_dct16_sve2_shared
----------------
IN: dynopt_dct16_sve2_shared
0x00400994:  057d2bdb  tbl      z27.h, {z30.h, z31.h}, z29.h

Trace 0: 0x7fcf70137e80 [80081009311/0000000000400994/00000001/00000201] dynopt_dct16_sve2_shared
----------------
IN: dynopt_dct16_sve2_shared
0x00400998:  0478331e  mov      z30.d, z24.d

Trace 0: 0x7fcf70137fc0 [80081009311/0000000000400998/00000001/00000201] dynopt_dct16_sve2_shared
----------------
IN: dynopt_dct16_sve2_shared
0x0040099c:  0479333f  mov      z31.d, z25.d

Trace 0: 0x7fcf70138100 [80081009311/000000000040099c/00000001/00000201] dynopt_dct16_sve2_shared
----------------
IN: dynopt_dct16_sve2_shared
0x004009a0:  047b3379  mov      z25.d, z27.d

Trace 0: 0x7fcf70138240 [80081009311/00000000004009a0/00000001/00000201] dynopt_dct16_sve2_shared
----------------
IN: dynopt_dct16_sve2_shared
0x004009a4:  8b020800  add      x0, x0, x2, lsl #2

Trace 0: 0x7fcf70138380 [80081009311/00000000004009a4/00000001/00000201] dynopt_dct16_sve2_shared
----------------
IN: dynopt_dct16_sve2_shared
0x004009a8:  04723258  mov      z24.d, z18.d

Trace 0: 0x7fcf701384c0 [80081009311/00000000004009a8/00000001/00000201] dynopt_dct16_sve2_shared
----------------
IN: dynopt_dct16_sve2_shared
0x004009ac:  057c2bc7  tbl      z7.h, {z30.h, z31.h}, z28.h

Trace 0: 0x7fcf70138600 [80081009311/00000000004009ac/00000001/00000201] dynopt_dct16_sve2_shared
----------------
IN: dynopt_dct16_sve2_shared
0x004009b0:  057a2bd7  tbl      z23.h, {z30.h, z31.h}, z26.h

Trace 0: 0x7fcf70138740 [80081009311/00000000004009b0/00000001/00000201] dynopt_dct16_sve2_shared
----------------
IN: dynopt_dct16_sve2_shared
0x004009b4:  057c2b10  tbl      z16.h, {z24.h, z25.h}, z28.h

Trace 0: 0x7fcf70138880 [80081009311/00000000004009b4/00000001/00000201] dynopt_dct16_sve2_shared
----------------
IN: dynopt_dct16_sve2_shared
0x004009b8:  057a2b18  tbl      z24.h, {z24.h, z25.h}, z26.h

Trace 0: 0x7fcf701389c0 [80081009311/00000000004009b8/00000001/00000201] dynopt_dct16_sve2_shared
----------------
IN: dynopt_dct16_sve2_shared
0x004009bc:  a4a0bc19  ld1h     {z25.h}, p7/z, [x0]

Trace 0: 0x7fcf70138b00 [80081009311/00000000004009bc/00000001/00000201] dynopt_dct16_sve2_shared
----------------
IN: dynopt_dct16_sve2_shared
0x004009c0:  05783b2d  rev      z13.h, z25.h

Trace 0: 0x7fcf70138c40 [80081009311/00000000004009c0/00000001/00000201] dynopt_dct16_sve2_shared
----------------
IN: dynopt_dct16_sve2_shared
0x004009c4:  046d033e  add      z30.h, z25.h, z13.h

Trace 0: 0x7fcf70138d80 [80081009311/00000000004009c4/00000001/00000201] dynopt_dct16_sve2_shared
----------------
IN: dynopt_dct16_sve2_shared
0x004009c8:  a4a25c1b  ld1h     {z27.h}, p7/z, [x0, x2, lsl #1]

Trace 0: 0x7fcf70138ec0 [80081009311/00000000004009c8/00000001/00000201] dynopt_dct16_sve2_shared
----------------
IN: dynopt_dct16_sve2_shared
0x004009cc:  8b020800  add      x0, x0, x2, lsl #2

Trace 0: 0x7fcf70139000 [80081009311/00000000004009cc/00000001/00000201] dynopt_dct16_sve2_shared
----------------
IN: dynopt_dct16_sve2_shared
0x004009d0:  05783b62  rev      z2.h, z27.h

Trace 0: 0x7fcf70139140 [80081009311/00000000004009d0/00000001/00000201] dynopt_dct16_sve2_shared
----------------
IN: dynopt_dct16_sve2_shared
0x004009d4:  a4a0bc01  ld1h     {z1.h}, p7/z, [x0]

Trace 0: 0x7fcf70139280 [80081009311/00000000004009d4/00000001/00000201] dynopt_dct16_sve2_shared
----------------
IN: dynopt_dct16_sve2_shared
0x004009d8:  0462037f  add      z31.h, z27.h, z2.h

Trace 0: 0x7fcf701393c0 [80081009311/00000000004009d8/00000001/00000201] dynopt_dct16_sve2_shared
----------------
IN: dynopt_dct16_sve2_shared
0x004009dc:  0578382e  rev      z14.h, z1.h

Trace 0: 0x7fcf70139500 [80081009311/00000000004009dc/00000001/00000201] dynopt_dct16_sve2_shared
----------------
IN: dynopt_dct16_sve2_shared
0x004009e0:  057d2bc0  tbl      z0.h, {z30.h, z31.h}, z29.h

Trace 0: 0x7fcf70139640 [80081009311/00000000004009e0/00000001/00000201] dynopt_dct16_sve2_shared
----------------
IN: dynopt_dct16_sve2_shared
0x004009e4:  046e003e  add      z30.h, z1.h, z14.h

Trace 0: 0x7fcf70139780 [80081009311/00000000004009e4/00000001/00000201] dynopt_dct16_sve2_shared
----------------
IN: dynopt_dct16_sve2_shared
0x004009e8:  a4a25c11  ld1h     {z17.h}, p7/z, [x0, x2, lsl #1]

Trace 0: 0x7fcf701398c0 [80081009311/00000000004009e8/00000001/00000201] dynopt_dct16_sve2_shared
----------------
IN: dynopt_dct16_sve2_shared
0x004009ec:  910c83e3  add      x3, sp, #0x320

Trace 0: 0x7fcf70139a00 [80081009311/00000000004009ec/00000001/00000201] dynopt_dct16_sve2_shared
----------------
IN: dynopt_dct16_sve2_shared
0x004009f0:  05783a2f  rev      z15.h, z17.h

Trace 0: 0x7fcf70139b40 [80081009311/00000000004009f0/00000001/00000201] dynopt_dct16_sve2_shared
----------------
IN: dynopt_dct16_sve2_shared
0x004009f4:  046f023f  add      z31.h, z17.h, z15.h

Trace 0: 0x7fcf70139c80 [80081009311/00000000004009f4/00000001/00000201] dynopt_dct16_sve2_shared
----------------
IN: dynopt_dct16_sve2_shared
0x004009f8:  057d2bd2  tbl      z18.h, {z30.h, z31.h}, z29.h

Trace 0: 0x7fcf70139dc0 [80081009311/00000000004009f8/00000001/00000201] dynopt_dct16_sve2_shared
----------------
IN: dynopt_dct16_sve2_shared
0x004009fc:  046d073e  sub      z30.h, z25.h, z13.h

Trace 0: 0x7fcf70139f00 [80081009311/00000000004009fc/00000001/00000201] dynopt_dct16_sve2_shared
----------------
IN: dynopt_dct16_sve2_shared
0x00400a00:  0462077f  sub      z31.h, z27.h, z2.h

Trace 0: 0x7fcf7013a040 [80081009311/0000000000400a00/00000001/00000201] dynopt_dct16_sve2_shared
----------------
IN: dynopt_dct16_sve2_shared
0x00400a04:  aa0303e5  mov      x5, x3

Trace 0: 0x7fcf7013a180 [80081009311/0000000000400a04/00000001/00000201] dynopt_dct16_sve2_shared
----------------
IN: dynopt_dct16_sve2_shared
0x00400a08:  057d2bc2  tbl      z2.h, {z30.h, z31.h}, z29.h

Trace 0: 0x7fcf7013a2c0 [80081009311/0000000000400a08/00000001/00000201] dynopt_dct16_sve2_shared
----------------
IN: dynopt_dct16_sve2_shared
0x00400a0c:  910cc3ea  add      x10, sp, #0x330

Trace 0: 0x7fcf7013a400 [80081009311/0000000000400a0c/00000001/00000201] dynopt_dct16_sve2_shared
----------------
IN: dynopt_dct16_sve2_shared
0x00400a10:  046e043e  sub      z30.h, z1.h, z14.h

Trace 0: 0x7fcf7013a540 [80081009311/0000000000400a10/00000001/00000201] dynopt_dct16_sve2_shared
----------------
IN: dynopt_dct16_sve2_shared
0x00400a14:  910ce3e8  add      x8, sp, #0x338

Trace 0: 0x7fcf7013a680 [80081009311/0000000000400a14/00000001/00000201] dynopt_dct16_sve2_shared
----------------
IN: dynopt_dct16_sve2_shared
0x00400a18:  910980c6  add      x6, x6, #0x260

Trace 0: 0x7fcf7013a7c0 [80081009311/0000000000400a18/00000001/00000201] dynopt_dct16_sve2_shared
----------------
IN: dynopt_dct16_sve2_shared
0x00400a1c:  046f063f  sub      z31.h, z17.h, z15.h

Trace 0: 0x7fcf7013a900 [80081009311/0000000000400a1c/00000001/00000201] dynopt_dct16_sve2_shared
----------------
IN: dynopt_dct16_sve2_shared
0x00400a20:  d2800000  mov      x0, #0

Trace 0: 0x7fcf7013aa40 [80081009311/0000000000400a20/00000001/00000201] dynopt_dct16_sve2_shared
----------------
IN: dynopt_dct16_sve2_shared
0x00400a24:  057d2bdb  tbl      z27.h, {z30.h, z31.h}, z29.h

Trace 0: 0x7fcf7013ab80 [80081009311/0000000000400a24/00000001/00000201] dynopt_dct16_sve2_shared
----------------
IN: dynopt_dct16_sve2_shared
0x00400a28:  52800002  mov      w2, #0

Trace 0: 0x7fcf7013acc0 [80081009311/0000000000400a28/00000001/00000201] dynopt_dct16_sve2_shared
----------------
IN: dynopt_dct16_sve2_shared
0x00400a2c:  0460301e  mov      z30.d, z0.d

Trace 0: 0x7fcf7013ae00 [80081009311/0000000000400a2c/00000001/00000201] dynopt_dct16_sve2_shared
----------------
IN: dynopt_dct16_sve2_shared
0x00400a30:  0472325f  mov      z31.d, z18.d

Trace 0: 0x7fcf7013af40 [80081009311/0000000000400a30/00000001/00000201] dynopt_dct16_sve2_shared
----------------
IN: dynopt_dct16_sve2_shared
0x00400a34:  057c2bd1  tbl      z17.h, {z30.h, z31.h}, z28.h

Trace 0: 0x7fcf7013b080 [80081009311/0000000000400a34/00000001/00000201] dynopt_dct16_sve2_shared
----------------
IN: dynopt_dct16_sve2_shared
0x00400a38:  057a2bd9  tbl      z25.h, {z30.h, z31.h}, z26.h

Trace 0: 0x7fcf7013b1c0 [80081009311/0000000000400a38/00000001/00000201] dynopt_dct16_sve2_shared
----------------
IN: dynopt_dct16_sve2_shared
0x00400a3c:  0462305e  mov      z30.d, z2.d

Trace 0: 0x7fcf7013b300 [80081009311/0000000000400a3c/00000001/00000201] dynopt_dct16_sve2_shared
----------------
IN: dynopt_dct16_sve2_shared
0x00400a40:  047b337f  mov      z31.d, z27.d

Trace 0: 0x7fcf7013b440 [80081009311/0000000000400a40/00000001/00000201] dynopt_dct16_sve2_shared
----------------
IN: dynopt_dct16_sve2_shared
0x00400a44:  057c2bd2  tbl      z18.h, {z30.h, z31.h}, z28.h

Trace 0: 0x7fcf7013b580 [80081009311/0000000000400a44/00000001/00000201] dynopt_dct16_sve2_shared
----------------
IN: dynopt_dct16_sve2_shared
0x00400a48:  057a2bdb  tbl      z27.h, {z30.h, z31.h}, z26.h

Trace 0: 0x7fcf7013b6c0 [80081009311/0000000000400a48/00000001/00000201] dynopt_dct16_sve2_shared
----------------
IN: dynopt_dct16_sve2_shared
0x00400a4c:  2f00e41e  movi     d30, #0000000000000000

Trace 0: 0x7fcf7013b800 [80081009311/0000000000400a4c/00000001/00000201] dynopt_dct16_sve2_shared
----------------
IN: dynopt_dct16_sve2_shared
0x00400a50:  a4a05ce1  ld1h     {z1.h}, p7/z, [x7, x0, lsl #1]

Trace 0: 0x7fcf7013b940 [80081009311/0000000000400a50/00000001/00000201] dynopt_dct16_sve2_shared
----------------
IN: dynopt_dct16_sve2_shared
0x00400a54:  a4a05cc2  ld1h     {z2.h}, p7/z, [x6, x0, lsl #1]

Trace 0: 0x7fcf7013ba80 [80081009311/0000000000400a54/00000001/00000201] dynopt_dct16_sve2_shared
----------------
IN: dynopt_dct16_sve2_shared
0x00400a58:  360004c2  tbz      w2, #0, #0x400af0

Trace 0: 0x7fcf7013bbc0 [80081009311/0000000000400a58/00000001/00000201] dynopt_dct16_sve2_shared
----------------
IN: dynopt_dct16_sve2_shared
0x00400af0:  d37ff804  lsl      x4, x0, #1

Trace 0: 0x7fcf7013bd00 [80081009311/0000000000400af0/00000001/00000201] dynopt_dct16_sve2_shared
----------------
IN: dynopt_dct16_sve2_shared
0x00400af4:  0420bfdf  movprfx  z31, z30

Trace 0: 0x7fcf7013be40 [80081009311/0000000000400af4/00000001/00000201] dynopt_dct16_sve2_shared
----------------
IN: dynopt_dct16_sve2_shared
0x00400af8:  44c1007f  sdot     z31.d, z3.h, z1.h

Trace 0: 0x7fcf7013bf80 [80081009311/0000000000400af8/00000001/00000201] dynopt_dct16_sve2_shared
----------------
IN: dynopt_dct16_sve2_shared
0x00400afc:  44c2027f  sdot     z31.d, z19.h, z2.h

Trace 0: 0x7fcf7013c0c0 [80081009311/0000000000400afc/00000001/00000201] dynopt_dct16_sve2_shared
----------------
IN: dynopt_dct16_sve2_shared
0x00400b00:  05bf6bff  uzp1     z31.s, z31.s, z31.s

Trace 0: 0x7fcf7013c200 [80081009311/0000000000400b00/00000001/00000201] dynopt_dct16_sve2_shared
----------------
IN: dynopt_dct16_sve2_shared
0x00400b04:  453d1bff  rshrnb   z31.h, z31.s, #3

Trace 0: 0x7fcf7013c340 [80081009311/0000000000400b04/00000001/00000201] dynopt_dct16_sve2_shared
----------------
IN: dynopt_dct16_sve2_shared
0x00400b08:  057f6bff  uzp1     z31.h, z31.h, z31.h

Trace 0: 0x7fcf7013c480 [80081009311/0000000000400b08/00000001/00000201] dynopt_dct16_sve2_shared
----------------
IN: dynopt_dct16_sve2_shared
0x00400b0c:  fc0204bf  str      d31, [x5], #0x20

Trace 0: 0x7fcf7013c5c0 [80081009311/0000000000400b0c/00000001/00000201] dynopt_dct16_sve2_shared
----------------
IN: dynopt_dct16_sve2_shared
0x00400b10:  0420bfdf  movprfx  z31, z30

Trace 0: 0x7fcf7013c700 [80081009311/0000000000400b10/00000001/00000201] dynopt_dct16_sve2_shared
----------------
IN: dynopt_dct16_sve2_shared
0x00400b14:  44c100bf  sdot     z31.d, z5.h, z1.h

Trace 0: 0x7fcf7013c840 [80081009311/0000000000400b14/00000001/00000201] dynopt_dct16_sve2_shared
----------------
IN: dynopt_dct16_sve2_shared
0x00400b18:  44c202bf  sdot     z31.d, z21.h, z2.h

Trace 0: 0x7fcf7013c980 [80081009311/0000000000400b18/00000001/00000201] dynopt_dct16_sve2_shared
----------------
IN: dynopt_dct16_sve2_shared
0x00400b1c:  05bf6bff  uzp1     z31.s, z31.s, z31.s

Trace 0: 0x7fcf7013cac0 [80081009311/0000000000400b1c/00000001/00000201] dynopt_dct16_sve2_shared
----------------
IN: dynopt_dct16_sve2_shared
0x00400b20:  453d1bff  rshrnb   z31.h, z31.s, #3

Trace 0: 0x7fcf7013cc00 [80081009311/0000000000400b20/00000001/00000201] dynopt_dct16_sve2_shared
----------------
IN: dynopt_dct16_sve2_shared
0x00400b24:  057f6bff  uzp1     z31.h, z31.h, z31.h

Trace 0: 0x7fcf7013cd40 [80081009311/0000000000400b24/00000001/00000201] dynopt_dct16_sve2_shared
----------------
IN: dynopt_dct16_sve2_shared
0x00400b28:  fc24697f  str      d31, [x11, x4]

Trace 0: 0x7fcf7013ce80 [80081009311/0000000000400b28/00000001/00000201] dynopt_dct16_sve2_shared
----------------
IN: dynopt_dct16_sve2_shared
0x00400b2c:  0420bfdf  movprfx  z31, z30

Trace 0: 0x7fcf7013cfc0 [80081009311/0000000000400b2c/00000001/00000201] dynopt_dct16_sve2_shared
----------------
IN: dynopt_dct16_sve2_shared
0x00400b30:  44c100ff  sdot     z31.d, z7.h, z1.h

Trace 0: 0x7fcf7013d100 [80081009311/0000000000400b30/00000001/00000201] dynopt_dct16_sve2_shared
----------------
IN: dynopt_dct16_sve2_shared
0x00400b34:  44c202ff  sdot     z31.d, z23.h, z2.h

Trace 0: 0x7fcf7013d240 [80081009311/0000000000400b34/00000001/00000201] dynopt_dct16_sve2_shared
----------------
IN: dynopt_dct16_sve2_shared
0x00400b38:  05bf6bff  uzp1     z31.s, z31.s, z31.s

Trace 0: 0x7fcf7013d380 [80081009311/0000000000400b38/00000001/00000201] dynopt_dct16_sve2_shared
----------------
IN: dynopt_dct16_sve2_shared
0x00400b3c:  453d1bff  rshrnb   z31.h, z31.s, #3

Trace 0: 0x7fcf7013d4c0 [80081009311/0000000000400b3c/00000001/00000201] dynopt_dct16_sve2_shared
----------------
IN: dynopt_dct16_sve2_shared
0x00400b40:  057f6bff  uzp1     z31.h, z31.h, z31.h

Trace 0: 0x7fcf7013d600 [80081009311/0000000000400b40/00000001/00000201] dynopt_dct16_sve2_shared
----------------
IN: dynopt_dct16_sve2_shared
0x00400b44:  fc24695f  str      d31, [x10, x4]

Trace 0: 0x7fcf7013d740 [80081009311/0000000000400b44/00000001/00000201] dynopt_dct16_sve2_shared
----------------
IN: dynopt_dct16_sve2_shared
0x00400b48:  11000442  add      w2, w2, #1

Trace 0: 0x7fcf7013d880 [80081009311/0000000000400b48/00000001/00000201] dynopt_dct16_sve2_shared
----------------
IN: dynopt_dct16_sve2_shared
0x00400b4c:  0420bfdf  movprfx  z31, z30

Trace 0: 0x7fcf7013d9c0 [80081009311/0000000000400b4c/00000001/00000201] dynopt_dct16_sve2_shared
----------------
IN: dynopt_dct16_sve2_shared
0x00400b50:  44c1023f  sdot     z31.d, z17.h, z1.h

Trace 0: 0x7fcf7013db00 [80081009311/0000000000400b50/00000001/00000201] dynopt_dct16_sve2_shared
----------------
IN: dynopt_dct16_sve2_shared
0x00400b54:  91004000  add      x0, x0, #0x10

Trace 0: 0x7fcf7013dc40 [80081009311/0000000000400b54/00000001/00000201] dynopt_dct16_sve2_shared
----------------
IN: dynopt_dct16_sve2_shared
0x00400b58:  44c2033f  sdot     z31.d, z25.h, z2.h

Trace 0: 0x7fcf7013dd80 [80081009311/0000000000400b58/00000001/00000201] dynopt_dct16_sve2_shared
----------------
IN: dynopt_dct16_sve2_shared
0x00400b5c:  05bf6bff  uzp1     z31.s, z31.s, z31.s

Trace 0: 0x7fcf7013dec0 [80081009311/0000000000400b5c/00000001/00000201] dynopt_dct16_sve2_shared
----------------
IN: dynopt_dct16_sve2_shared
0x00400b60:  453d1bff  rshrnb   z31.h, z31.s, #3

Trace 0: 0x7fcf7013e000 [80081009311/0000000000400b60/00000001/00000201] dynopt_dct16_sve2_shared
----------------
IN: dynopt_dct16_sve2_shared
0x00400b64:  057f6bff  uzp1     z31.h, z31.h, z31.h

Trace 0: 0x7fcf7013e140 [80081009311/0000000000400b64/00000001/00000201] dynopt_dct16_sve2_shared
----------------
IN: dynopt_dct16_sve2_shared
0x00400b68:  fc24691f  str      d31, [x8, x4]

Trace 0: 0x7fcf7013e280 [80081009311/0000000000400b68/00000001/00000201] dynopt_dct16_sve2_shared
----------------
IN: dynopt_dct16_sve2_shared
0x00400b6c:  17ffffb9  b        #0x400a50

Trace 0: 0x7fcf7013e3c0 [80081009311/0000000000400b6c/00000001/00000201] dynopt_dct16_sve2_shared
Trace 0: 0x7fcf7013b940 [80081009311/0000000000400a50/00000001/00000201] dynopt_dct16_sve2_shared
Trace 0: 0x7fcf7013ba80 [80081009311/0000000000400a54/00000001/00000201] dynopt_dct16_sve2_shared
Trace 0: 0x7fcf7013bbc0 [80081009311/0000000000400a58/00000001/00000201] dynopt_dct16_sve2_shared
----------------
IN: dynopt_dct16_sve2_shared
0x00400a5c:  d37ff804  lsl      x4, x0, #1

Trace 0: 0x7fcf7013e500 [80081009311/0000000000400a5c/00000001/00000201] dynopt_dct16_sve2_shared
----------------
IN: dynopt_dct16_sve2_shared
0x00400a60:  0420bfdf  movprfx  z31, z30

Trace 0: 0x7fcf7013e640 [80081009311/0000000000400a60/00000001/00000201] dynopt_dct16_sve2_shared
----------------
IN: dynopt_dct16_sve2_shared
0x00400a64:  44c1009f  sdot     z31.d, z4.h, z1.h

Trace 0: 0x7fcf7013e780 [80081009311/0000000000400a64/00000001/00000201] dynopt_dct16_sve2_shared
----------------
IN: dynopt_dct16_sve2_shared
0x00400a68:  44c2029f  sdot     z31.d, z20.h, z2.h

Trace 0: 0x7fcf7013e8c0 [80081009311/0000000000400a68/00000001/00000201] dynopt_dct16_sve2_shared
----------------
IN: dynopt_dct16_sve2_shared
0x00400a6c:  05bf6bff  uzp1     z31.s, z31.s, z31.s

Trace 0: 0x7fcf7013ea00 [80081009311/0000000000400a6c/00000001/00000201] dynopt_dct16_sve2_shared
----------------
IN: dynopt_dct16_sve2_shared
0x00400a70:  453d1bff  rshrnb   z31.h, z31.s, #3

Trace 0: 0x7fcf7013eb40 [80081009311/0000000000400a70/00000001/00000201] dynopt_dct16_sve2_shared
----------------
IN: dynopt_dct16_sve2_shared
0x00400a74:  057f6bff  uzp1     z31.h, z31.h, z31.h

Trace 0: 0x7fcf7013ec80 [80081009311/0000000000400a74/00000001/00000201] dynopt_dct16_sve2_shared
----------------
IN: dynopt_dct16_sve2_shared
0x00400a78:  fd0000bf  str      d31, [x5]

Trace 0: 0x7fcf7013edc0 [80081009311/0000000000400a78/00000001/00000201] dynopt_dct16_sve2_shared
----------------
IN: dynopt_dct16_sve2_shared
0x00400a7c:  0420bfdf  movprfx  z31, z30

Trace 0: 0x7fcf7013ef00 [80081009311/0000000000400a7c/00000001/00000201] dynopt_dct16_sve2_shared
----------------
IN: dynopt_dct16_sve2_shared
0x00400a80:  44c100df  sdot     z31.d, z6.h, z1.h

Trace 0: 0x7fcf7013f040 [80081009311/0000000000400a80/00000001/00000201] dynopt_dct16_sve2_shared
----------------
IN: dynopt_dct16_sve2_shared
0x00400a84:  44c202df  sdot     z31.d, z22.h, z2.h

Trace 0: 0x7fcf7013f180 [80081009311/0000000000400a84/00000001/00000201] dynopt_dct16_sve2_shared
----------------
IN: dynopt_dct16_sve2_shared
0x00400a88:  05bf6bff  uzp1     z31.s, z31.s, z31.s

Trace 0: 0x7fcf7013f2c0 [80081009311/0000000000400a88/00000001/00000201] dynopt_dct16_sve2_shared
----------------
IN: dynopt_dct16_sve2_shared
0x00400a8c:  453d1bff  rshrnb   z31.h, z31.s, #3

Trace 0: 0x7fcf7013f400 [80081009311/0000000000400a8c/00000001/00000201] dynopt_dct16_sve2_shared
----------------
IN: dynopt_dct16_sve2_shared
0x00400a90:  057f6bff  uzp1     z31.h, z31.h, z31.h

Trace 0: 0x7fcf7013f540 [80081009311/0000000000400a90/00000001/00000201] dynopt_dct16_sve2_shared
----------------
IN: dynopt_dct16_sve2_shared
0x00400a94:  fc24697f  str      d31, [x11, x4]

Trace 0: 0x7fcf7013f680 [80081009311/0000000000400a94/00000001/00000201] dynopt_dct16_sve2_shared
----------------
IN: dynopt_dct16_sve2_shared
0x00400a98:  0420bfdf  movprfx  z31, z30

Trace 0: 0x7fcf7013f7c0 [80081009311/0000000000400a98/00000001/00000201] dynopt_dct16_sve2_shared
----------------
IN: dynopt_dct16_sve2_shared
0x00400a9c:  44c1021f  sdot     z31.d, z16.h, z1.h

Trace 0: 0x7fcf7013f900 [80081009311/0000000000400a9c/00000001/00000201] dynopt_dct16_sve2_shared
----------------
IN: dynopt_dct16_sve2_shared
0x00400aa0:  44c2031f  sdot     z31.d, z24.h, z2.h

Trace 0: 0x7fcf7013fa40 [80081009311/0000000000400aa0/00000001/00000201] dynopt_dct16_sve2_shared
----------------
IN: dynopt_dct16_sve2_shared
0x00400aa4:  05bf6bff  uzp1     z31.s, z31.s, z31.s

Trace 0: 0x7fcf7013fb80 [80081009311/0000000000400aa4/00000001/00000201] dynopt_dct16_sve2_shared
----------------
IN: dynopt_dct16_sve2_shared
0x00400aa8:  453d1bff  rshrnb   z31.h, z31.s, #3

Trace 0: 0x7fcf7013fcc0 [80081009311/0000000000400aa8/00000001/00000201] dynopt_dct16_sve2_shared
----------------
IN: dynopt_dct16_sve2_shared
0x00400aac:  057f6bff  uzp1     z31.h, z31.h, z31.h

Trace 0: 0x7fcf7013fe00 [80081009311/0000000000400aac/00000001/00000201] dynopt_dct16_sve2_shared
----------------
IN: dynopt_dct16_sve2_shared
0x00400ab0:  fc24695f  str      d31, [x10, x4]

Trace 0: 0x7fcf7013ff40 [80081009311/0000000000400ab0/00000001/00000201] dynopt_dct16_sve2_shared
----------------
IN: dynopt_dct16_sve2_shared
0x00400ab4:  11000442  add      w2, w2, #1

Trace 0: 0x7fcf70140080 [80081009311/0000000000400ab4/00000001/00000201] dynopt_dct16_sve2_shared
----------------
IN: dynopt_dct16_sve2_shared
0x00400ab8:  0420bfdf  movprfx  z31, z30

Trace 0: 0x7fcf701401c0 [80081009311/0000000000400ab8/00000001/00000201] dynopt_dct16_sve2_shared
----------------
IN: dynopt_dct16_sve2_shared
0x00400abc:  44c1025f  sdot     z31.d, z18.h, z1.h

Trace 0: 0x7fcf70140300 [80081009311/0000000000400abc/00000001/00000201] dynopt_dct16_sve2_shared
----------------
IN: dynopt_dct16_sve2_shared
0x00400ac0:  44c2037f  sdot     z31.d, z27.h, z2.h

Trace 0: 0x7fcf70140440 [80081009311/0000000000400ac0/00000001/00000201] dynopt_dct16_sve2_shared
----------------
IN: dynopt_dct16_sve2_shared
0x00400ac4:  05bf6bff  uzp1     z31.s, z31.s, z31.s

Trace 0: 0x7fcf70140580 [80081009311/0000000000400ac4/00000001/00000201] dynopt_dct16_sve2_shared
----------------
IN: dynopt_dct16_sve2_shared
0x00400ac8:  453d1bff  rshrnb   z31.h, z31.s, #3

Trace 0: 0x7fcf701406c0 [80081009311/0000000000400ac8/00000001/00000201] dynopt_dct16_sve2_shared
----------------
IN: dynopt_dct16_sve2_shared
0x00400acc:  057f6bff  uzp1     z31.h, z31.h, z31.h

Trace 0: 0x7fcf70140800 [80081009311/0000000000400acc/00000001/00000201] dynopt_dct16_sve2_shared
----------------
IN: dynopt_dct16_sve2_shared
0x00400ad0:  fc24691f  str      d31, [x8, x4]

Trace 0: 0x7fcf70140940 [80081009311/0000000000400ad0/00000001/00000201] dynopt_dct16_sve2_shared
----------------
IN: dynopt_dct16_sve2_shared
0x00400ad4:  7100405f  cmp      w2, #0x10

Trace 0: 0x7fcf70140a80 [80081009311/0000000000400ad4/00000001/00000201] dynopt_dct16_sve2_shared
----------------
IN: dynopt_dct16_sve2_shared
0x00400ad8:  540004c0  b.eq     #0x400b70

Trace 0: 0x7fcf70140bc0 [80081009311/0000000000400ad8/00000001/00000201] dynopt_dct16_sve2_shared
----------------
IN: dynopt_dct16_sve2_shared
0x00400adc:  91004000  add      x0, x0, #0x10

Trace 0: 0x7fcf70140d00 [80081009311/0000000000400adc/00000001/00000201] dynopt_dct16_sve2_shared
----------------
IN: dynopt_dct16_sve2_shared
0x00400ae0:  910080a5  add      x5, x5, #0x20

Trace 0: 0x7fcf70140e40 [80081009311/0000000000400ae0/00000001/00000201] dynopt_dct16_sve2_shared
----------------
IN: dynopt_dct16_sve2_shared
0x00400ae4:  a4a05ce1  ld1h     {z1.h}, p7/z, [x7, x0, lsl #1]

Trace 0: 0x7fcf70140f80 [80081009311/0000000000400ae4/00000001/00000201] dynopt_dct16_sve2_shared
----------------
IN: dynopt_dct16_sve2_shared
0x00400ae8:  a4a05cc2  ld1h     {z2.h}, p7/z, [x6, x0, lsl #1]

Trace 0: 0x7fcf701410c0 [80081009311/0000000000400ae8/00000001/00000201] dynopt_dct16_sve2_shared
----------------
IN: dynopt_dct16_sve2_shared
0x00400aec:  3707fb82  tbnz     w2, #0, #0x400a5c

Trace 0: 0x7fcf70141200 [80081009311/0000000000400aec/00000001/00000201] dynopt_dct16_sve2_shared
Trace 0: 0x7fcf7013bd00 [80081009311/0000000000400af0/00000001/00000201] dynopt_dct16_sve2_shared
Trace 0: 0x7fcf7013be40 [80081009311/0000000000400af4/00000001/00000201] dynopt_dct16_sve2_shared
Trace 0: 0x7fcf7013bf80 [80081009311/0000000000400af8/00000001/00000201] dynopt_dct16_sve2_shared
Trace 0: 0x7fcf7013c0c0 [80081009311/0000000000400afc/00000001/00000201] dynopt_dct16_sve2_shared
Trace 0: 0x7fcf7013c200 [80081009311/0000000000400b00/00000001/00000201] dynopt_dct16_sve2_shared
Trace 0: 0x7fcf7013c340 [80081009311/0000000000400b04/00000001/00000201] dynopt_dct16_sve2_shared
Trace 0: 0x7fcf7013c480 [80081009311/0000000000400b08/00000001/00000201] dynopt_dct16_sve2_shared
Trace 0: 0x7fcf7013c5c0 [80081009311/0000000000400b0c/00000001/00000201] dynopt_dct16_sve2_shared
Trace 0: 0x7fcf7013c700 [80081009311/0000000000400b10/00000001/00000201] dynopt_dct16_sve2_shared
Trace 0: 0x7fcf7013c840 [80081009311/0000000000400b14/00000001/00000201] dynopt_dct16_sve2_shared
Trace 0: 0x7fcf7013c980 [80081009311/0000000000400b18/00000001/00000201] dynopt_dct16_sve2_shared
Trace 0: 0x7fcf7013cac0 [80081009311/0000000000400b1c/00000001/00000201] dynopt_dct16_sve2_shared
Trace 0: 0x7fcf7013cc00 [80081009311/0000000000400b20/00000001/00000201] dynopt_dct16_sve2_shared
Trace 0: 0x7fcf7013cd40 [80081009311/0000000000400b24/00000001/00000201] dynopt_dct16_sve2_shared
Trace 0: 0x7fcf7013ce80 [80081009311/0000000000400b28/00000001/00000201] dynopt_dct16_sve2_shared
Trace 0: 0x7fcf7013cfc0 [80081009311/0000000000400b2c/00000001/00000201] dynopt_dct16_sve2_shared
Trace 0: 0x7fcf7013d100 [80081009311/0000000000400b30/00000001/00000201] dynopt_dct16_sve2_shared
Trace 0: 0x7fcf7013d240 [80081009311/0000000000400b34/00000001/00000201] dynopt_dct16_sve2_shared
Trace 0: 0x7fcf7013d380 [80081009311/0000000000400b38/00000001/00000201] dynopt_dct16_sve2_shared
Trace 0: 0x7fcf7013d4c0 [80081009311/0000000000400b3c/00000001/00000201] dynopt_dct16_sve2_shared
Trace 0: 0x7fcf7013d600 [80081009311/0000000000400b40/00000001/00000201] dynopt_dct16_sve2_shared
Trace 0: 0x7fcf7013d740 [80081009311/0000000000400b44/00000001/00000201] dynopt_dct16_sve2_shared
Trace 0: 0x7fcf7013d880 [80081009311/0000000000400b48/00000001/00000201] dynopt_dct16_sve2_shared
Trace 0: 0x7fcf7013d9c0 [80081009311/0000000000400b4c/00000001/00000201] dynopt_dct16_sve2_shared
Trace 0: 0x7fcf7013db00 [80081009311/0000000000400b50/00000001/00000201] dynopt_dct16_sve2_shared
Trace 0: 0x7fcf7013dc40 [80081009311/0000000000400b54/00000001/00000201] dynopt_dct16_sve2_shared
Trace 0: 0x7fcf7013dd80 [80081009311/0000000000400b58/00000001/00000201] dynopt_dct16_sve2_shared
Trace 0: 0x7fcf7013dec0 [80081009311/0000000000400b5c/00000001/00000201] dynopt_dct16_sve2_shared
Trace 0: 0x7fcf7013e000 [80081009311/0000000000400b60/00000001/00000201] dynopt_dct16_sve2_shared
Trace 0: 0x7fcf7013e140 [80081009311/0000000000400b64/00000001/00000201] dynopt_dct16_sve2_shared
Trace 0: 0x7fcf7013e280 [80081009311/0000000000400b68/00000001/00000201] dynopt_dct16_sve2_shared
Trace 0: 0x7fcf7013e3c0 [80081009311/0000000000400b6c/00000001/00000201] dynopt_dct16_sve2_shared
Trace 0: 0x7fcf7013b940 [80081009311/0000000000400a50/00000001/00000201] dynopt_dct16_sve2_shared
Trace 0: 0x7fcf7013ba80 [80081009311/0000000000400a54/00000001/00000201] dynopt_dct16_sve2_shared
Trace 0: 0x7fcf7013bbc0 [80081009311/0000000000400a58/00000001/00000201] dynopt_dct16_sve2_shared
Trace 0: 0x7fcf7013e500 [80081009311/0000000000400a5c/00000001/00000201] dynopt_dct16_sve2_shared
Trace 0: 0x7fcf7013e640 [80081009311/0000000000400a60/00000001/00000201] dynopt_dct16_sve2_shared
Trace 0: 0x7fcf7013e780 [80081009311/0000000000400a64/00000001/00000201] dynopt_dct16_sve2_shared
Trace 0: 0x7fcf7013e8c0 [80081009311/0000000000400a68/00000001/00000201] dynopt_dct16_sve2_shared
Trace 0: 0x7fcf7013ea00 [80081009311/0000000000400a6c/00000001/00000201] dynopt_dct16_sve2_shared
Trace 0: 0x7fcf7013eb40 [80081009311/0000000000400a70/00000001/00000201] dynopt_dct16_sve2_shared
Trace 0: 0x7fcf7013ec80 [80081009311/0000000000400a74/00000001/00000201] dynopt_dct16_sve2_shared
Trace 0: 0x7fcf7013edc0 [80081009311/0000000000400a78/00000001/00000201] dynopt_dct16_sve2_shared
Trace 0: 0x7fcf7013ef00 [80081009311/0000000000400a7c/00000001/00000201] dynopt_dct16_sve2_shared
Trace 0: 0x7fcf7013f040 [80081009311/0000000000400a80/00000001/00000201] dynopt_dct16_sve2_shared
Trace 0: 0x7fcf7013f180 [80081009311/0000000000400a84/00000001/00000201] dynopt_dct16_sve2_shared
Trace 0: 0x7fcf7013f2c0 [80081009311/0000000000400a88/00000001/00000201] dynopt_dct16_sve2_shared
Trace 0: 0x7fcf7013f400 [80081009311/0000000000400a8c/00000001/00000201] dynopt_dct16_sve2_shared
Trace 0: 0x7fcf7013f540 [80081009311/0000000000400a90/00000001/00000201] dynopt_dct16_sve2_shared
Trace 0: 0x7fcf7013f680 [80081009311/0000000000400a94/00000001/00000201] dynopt_dct16_sve2_shared
Trace 0: 0x7fcf7013f7c0 [80081009311/0000000000400a98/00000001/00000201] dynopt_dct16_sve2_shared
Trace 0: 0x7fcf7013f900 [80081009311/0000000000400a9c/00000001/00000201] dynopt_dct16_sve2_shared
Trace 0: 0x7fcf7013fa40 [80081009311/0000000000400aa0/00000001/00000201] dynopt_dct16_sve2_shared
Trace 0: 0x7fcf7013fb80 [80081009311/0000000000400aa4/00000001/00000201] dynopt_dct16_sve2_shared
Trace 0: 0x7fcf7013fcc0 [80081009311/0000000000400aa8/00000001/00000201] dynopt_dct16_sve2_shared
Trace 0: 0x7fcf7013fe00 [80081009311/0000000000400aac/00000001/00000201] dynopt_dct16_sve2_shared
Trace 0: 0x7fcf7013ff40 [80081009311/0000000000400ab0/00000001/00000201] dynopt_dct16_sve2_shared
Trace 0: 0x7fcf70140080 [80081009311/0000000000400ab4/00000001/00000201] dynopt_dct16_sve2_shared
Trace 0: 0x7fcf701401c0 [80081009311/0000000000400ab8/00000001/00000201] dynopt_dct16_sve2_shared
Trace 0: 0x7fcf70140300 [80081009311/0000000000400abc/00000001/00000201] dynopt_dct16_sve2_shared
Trace 0: 0x7fcf70140440 [80081009311/0000000000400ac0/00000001/00000201] dynopt_dct16_sve2_shared
Trace 0: 0x7fcf70140580 [80081009311/0000000000400ac4/00000001/00000201] dynopt_dct16_sve2_shared
Trace 0: 0x7fcf701406c0 [80081009311/0000000000400ac8/00000001/00000201] dynopt_dct16_sve2_shared
Trace 0: 0x7fcf70140800 [80081009311/0000000000400acc/00000001/00000201] dynopt_dct16_sve2_shared
Trace 0: 0x7fcf70140940 [80081009311/0000000000400ad0/00000001/00000201] dynopt_dct16_sve2_shared
Trace 0: 0x7fcf70140a80 [80081009311/0000000000400ad4/00000001/00000201] dynopt_dct16_sve2_shared
Trace 0: 0x7fcf70140bc0 [80081009311/0000000000400ad8/00000001/00000201] dynopt_dct16_sve2_shared
Trace 0: 0x7fcf70140d00 [80081009311/0000000000400adc/00000001/00000201] dynopt_dct16_sve2_shared
Trace 0: 0x7fcf70140e40 [80081009311/0000000000400ae0/00000001/00000201] dynopt_dct16_sve2_shared
Trace 0: 0x7fcf70140f80 [80081009311/0000000000400ae4/00000001/00000201] dynopt_dct16_sve2_shared
Trace 0: 0x7fcf701410c0 [80081009311/0000000000400ae8/00000001/00000201] dynopt_dct16_sve2_shared
Trace 0: 0x7fcf70141200 [80081009311/0000000000400aec/00000001/00000201] dynopt_dct16_sve2_shared
Trace 0: 0x7fcf7013bd00 [80081009311/0000000000400af0/00000001/00000201] dynopt_dct16_sve2_shared
Trace 0: 0x7fcf7013be40 [80081009311/0000000000400af4/00000001/00000201] dynopt_dct16_sve2_shared
Trace 0: 0x7fcf7013bf80 [80081009311/0000000000400af8/00000001/00000201] dynopt_dct16_sve2_shared
Trace 0: 0x7fcf7013c0c0 [80081009311/0000000000400afc/00000001/00000201] dynopt_dct16_sve2_shared
Trace 0: 0x7fcf7013c200 [80081009311/0000000000400b00/00000001/00000201] dynopt_dct16_sve2_shared
Trace 0: 0x7fcf7013c340 [80081009311/0000000000400b04/00000001/00000201] dynopt_dct16_sve2_shared
Trace 0: 0x7fcf7013c480 [80081009311/0000000000400b08/00000001/00000201] dynopt_dct16_sve2_shared
Trace 0: 0x7fcf7013c5c0 [80081009311/0000000000400b0c/00000001/00000201] dynopt_dct16_sve2_shared
Trace 0: 0x7fcf7013c700 [80081009311/0000000000400b10/00000001/00000201] dynopt_dct16_sve2_shared
Trace 0: 0x7fcf7013c840 [80081009311/0000000000400b14/00000001/00000201] dynopt_dct16_sve2_shared
Trace 0: 0x7fcf7013c980 [80081009311/0000000000400b18/00000001/00000201] dynopt_dct16_sve2_shared
Trace 0: 0x7fcf7013cac0 [80081009311/0000000000400b1c/00000001/00000201] dynopt_dct16_sve2_shared
Trace 0: 0x7fcf7013cc00 [80081009311/0000000000400b20/00000001/00000201] dynopt_dct16_sve2_shared
Trace 0: 0x7fcf7013cd40 [80081009311/0000000000400b24/00000001/00000201] dynopt_dct16_sve2_shared
Trace 0: 0x7fcf7013ce80 [80081009311/0000000000400b28/00000001/00000201] dynopt_dct16_sve2_shared
Trace 0: 0x7fcf7013cfc0 [80081009311/0000000000400b2c/00000001/00000201] dynopt_dct16_sve2_shared
Trace 0: 0x7fcf7013d100 [80081009311/0000000000400b30/00000001/00000201] dynopt_dct16_sve2_shared
Trace 0: 0x7fcf7013d240 [80081009311/0000000000400b34/00000001/00000201] dynopt_dct16_sve2_shared
Trace 0: 0x7fcf7013d380 [80081009311/0000000000400b38/00000001/00000201] dynopt_dct16_sve2_shared
Trace 0: 0x7fcf7013d4c0 [80081009311/0000000000400b3c/00000001/00000201] dynopt_dct16_sve2_shared
Trace 0: 0x7fcf7013d600 [80081009311/0000000000400b40/00000001/00000201] dynopt_dct16_sve2_shared
Trace 0: 0x7fcf7013d740 [80081009311/0000000000400b44/00000001/00000201] dynopt_dct16_sve2_shared
Trace 0: 0x7fcf7013d880 [80081009311/0000000000400b48/00000001/00000201] dynopt_dct16_sve2_shared
Trace 0: 0x7fcf7013d9c0 [80081009311/0000000000400b4c/00000001/00000201] dynopt_dct16_sve2_shared
Trace 0: 0x7fcf7013db00 [80081009311/0000000000400b50/00000001/00000201] dynopt_dct16_sve2_shared
Trace 0: 0x7fcf7013dc40 [80081009311/0000000000400b54/00000001/00000201] dynopt_dct16_sve2_shared
Trace 0: 0x7fcf7013dd80 [80081009311/0000000000400b58/00000001/00000201] dynopt_dct16_sve2_shared
Trace 0: 0x7fcf7013dec0 [80081009311/0000000000400b5c/00000001/00000201] dynopt_dct16_sve2_shared
Trace 0: 0x7fcf7013e000 [80081009311/0000000000400b60/00000001/00000201] dynopt_dct16_sve2_shared
Trace 0: 0x7fcf7013e140 [80081009311/0000000000400b64/00000001/00000201] dynopt_dct16_sve2_shared
Trace 0: 0x7fcf7013e280 [80081009311/0000000000400b68/00000001/00000201] dynopt_dct16_sve2_shared
Trace 0: 0x7fcf7013e3c0 [80081009311/0000000000400b6c/00000001/00000201] dynopt_dct16_sve2_shared
Trace 0: 0x7fcf7013b940 [80081009311/0000000000400a50/00000001/00000201] dynopt_dct16_sve2_shared
Trace 0: 0x7fcf7013ba80 [80081009311/0000000000400a54/00000001/00000201] dynopt_dct16_sve2_shared
Trace 0: 0x7fcf7013bbc0 [80081009311/0000000000400a58/00000001/00000201] dynopt_dct16_sve2_shared
Trace 0: 0x7fcf7013e500 [80081009311/0000000000400a5c/00000001/00000201] dynopt_dct16_sve2_shared
Trace 0: 0x7fcf7013e640 [80081009311/0000000000400a60/00000001/00000201] dynopt_dct16_sve2_shared
Trace 0: 0x7fcf7013e780 [80081009311/0000000000400a64/00000001/00000201] dynopt_dct16_sve2_shared
Trace 0: 0x7fcf7013e8c0 [80081009311/0000000000400a68/00000001/00000201] dynopt_dct16_sve2_shared
Trace 0: 0x7fcf7013ea00 [80081009311/0000000000400a6c/00000001/00000201] dynopt_dct16_sve2_shared
Trace 0: 0x7fcf7013eb40 [80081009311/0000000000400a70/00000001/00000201] dynopt_dct16_sve2_shared
Trace 0: 0x7fcf7013ec80 [80081009311/0000000000400a74/00000001/00000201] dynopt_dct16_sve2_shared
Trace 0: 0x7fcf7013edc0 [80081009311/0000000000400a78/00000001/00000201] dynopt_dct16_sve2_shared
Trace 0: 0x7fcf7013ef00 [80081009311/0000000000400a7c/00000001/00000201] dynopt_dct16_sve2_shared
Trace 0: 0x7fcf7013f040 [80081009311/0000000000400a80/00000001/00000201] dynopt_dct16_sve2_shared
Trace 0: 0x7fcf7013f180 [80081009311/0000000000400a84/00000001/00000201] dynopt_dct16_sve2_shared
Trace 0: 0x7fcf7013f2c0 [80081009311/0000000000400a88/00000001/00000201] dynopt_dct16_sve2_shared
Trace 0: 0x7fcf7013f400 [80081009311/0000000000400a8c/00000001/00000201] dynopt_dct16_sve2_shared
Trace 0: 0x7fcf7013f540 [80081009311/0000000000400a90/00000001/00000201] dynopt_dct16_sve2_shared
Trace 0: 0x7fcf7013f680 [80081009311/0000000000400a94/00000001/00000201] dynopt_dct16_sve2_shared
Trace 0: 0x7fcf7013f7c0 [80081009311/0000000000400a98/00000001/00000201] dynopt_dct16_sve2_shared
Trace 0: 0x7fcf7013f900 [80081009311/0000000000400a9c/00000001/00000201] dynopt_dct16_sve2_shared
Trace 0: 0x7fcf7013fa40 [80081009311/0000000000400aa0/00000001/00000201] dynopt_dct16_sve2_shared
Trace 0: 0x7fcf7013fb80 [80081009311/0000000000400aa4/00000001/00000201] dynopt_dct16_sve2_shared
Trace 0: 0x7fcf7013fcc0 [80081009311/0000000000400aa8/00000001/00000201] dynopt_dct16_sve2_shared
Trace 0: 0x7fcf7013fe00 [80081009311/0000000000400aac/00000001/00000201] dynopt_dct16_sve2_shared
Trace 0: 0x7fcf7013ff40 [80081009311/0000000000400ab0/00000001/00000201] dynopt_dct16_sve2_shared
Trace 0: 0x7fcf70140080 [80081009311/0000000000400ab4/00000001/00000201] dynopt_dct16_sve2_shared
Trace 0: 0x7fcf701401c0 [80081009311/0000000000400ab8/00000001/00000201] dynopt_dct16_sve2_shared
Trace 0: 0x7fcf70140300 [80081009311/0000000000400abc/00000001/00000201] dynopt_dct16_sve2_shared
Trace 0: 0x7fcf70140440 [80081009311/0000000000400ac0/00000001/00000201] dynopt_dct16_sve2_shared
Trace 0: 0x7fcf70140580 [80081009311/0000000000400ac4/00000001/00000201] dynopt_dct16_sve2_shared
Trace 0: 0x7fcf701406c0 [80081009311/0000000000400ac8/00000001/00000201] dynopt_dct16_sve2_shared
Trace 0: 0x7fcf70140800 [80081009311/0000000000400acc/00000001/00000201] dynopt_dct16_sve2_shared
Trace 0: 0x7fcf70140940 [80081009311/0000000000400ad0/00000001/00000201] dynopt_dct16_sve2_shared
Trace 0: 0x7fcf70140a80 [80081009311/0000000000400ad4/00000001/00000201] dynopt_dct16_sve2_shared
Trace 0: 0x7fcf70140bc0 [80081009311/0000000000400ad8/00000001/00000201] dynopt_dct16_sve2_shared
Trace 0: 0x7fcf70140d00 [80081009311/0000000000400adc/00000001/00000201] dynopt_dct16_sve2_shared
Trace 0: 0x7fcf70140e40 [80081009311/0000000000400ae0/00000001/00000201] dynopt_dct16_sve2_shared
Trace 0: 0x7fcf70140f80 [80081009311/0000000000400ae4/00000001/00000201] dynopt_dct16_sve2_shared
Trace 0: 0x7fcf701410c0 [80081009311/0000000000400ae8/00000001/00000201] dynopt_dct16_sve2_shared
Trace 0: 0x7fcf70141200 [80081009311/0000000000400aec/00000001/00000201] dynopt_dct16_sve2_shared
Trace 0: 0x7fcf7013bd00 [80081009311/0000000000400af0/00000001/00000201] dynopt_dct16_sve2_shared
Trace 0: 0x7fcf7013be40 [80081009311/0000000000400af4/00000001/00000201] dynopt_dct16_sve2_shared
Trace 0: 0x7fcf7013bf80 [80081009311/0000000000400af8/00000001/00000201] dynopt_dct16_sve2_shared
Trace 0: 0x7fcf7013c0c0 [80081009311/0000000000400afc/00000001/00000201] dynopt_dct16_sve2_shared
Trace 0: 0x7fcf7013c200 [80081009311/0000000000400b00/00000001/00000201] dynopt_dct16_sve2_shared
Trace 0: 0x7fcf7013c340 [80081009311/0000000000400b04/00000001/00000201] dynopt_dct16_sve2_shared
Trace 0: 0x7fcf7013c480 [80081009311/0000000000400b08/00000001/00000201] dynopt_dct16_sve2_shared
Trace 0: 0x7fcf7013c5c0 [80081009311/0000000000400b0c/00000001/00000201] dynopt_dct16_sve2_shared
Trace 0: 0x7fcf7013c700 [80081009311/0000000000400b10/00000001/00000201] dynopt_dct16_sve2_shared
Trace 0: 0x7fcf7013c840 [80081009311/0000000000400b14/00000001/00000201] dynopt_dct16_sve2_shared
Trace 0: 0x7fcf7013c980 [80081009311/0000000000400b18/00000001/00000201] dynopt_dct16_sve2_shared
Trace 0: 0x7fcf7013cac0 [80081009311/0000000000400b1c/00000001/00000201] dynopt_dct16_sve2_shared
Trace 0: 0x7fcf7013cc00 [80081009311/0000000000400b20/00000001/00000201] dynopt_dct16_sve2_shared
Trace 0: 0x7fcf7013cd40 [80081009311/0000000000400b24/00000001/00000201] dynopt_dct16_sve2_shared
Trace 0: 0x7fcf7013ce80 [80081009311/0000000000400b28/00000001/00000201] dynopt_dct16_sve2_shared
Trace 0: 0x7fcf7013cfc0 [80081009311/0000000000400b2c/00000001/00000201] dynopt_dct16_sve2_shared
Trace 0: 0x7fcf7013d100 [80081009311/0000000000400b30/00000001/00000201] dynopt_dct16_sve2_shared
Trace 0: 0x7fcf7013d240 [80081009311/0000000000400b34/00000001/00000201] dynopt_dct16_sve2_shared
Trace 0: 0x7fcf7013d380 [80081009311/0000000000400b38/00000001/00000201] dynopt_dct16_sve2_shared
Trace 0: 0x7fcf7013d4c0 [80081009311/0000000000400b3c/00000001/00000201] dynopt_dct16_sve2_shared
Trace 0: 0x7fcf7013d600 [80081009311/0000000000400b40/00000001/00000201] dynopt_dct16_sve2_shared
Trace 0: 0x7fcf7013d740 [80081009311/0000000000400b44/00000001/00000201] dynopt_dct16_sve2_shared
Trace 0: 0x7fcf7013d880 [80081009311/0000000000400b48/00000001/00000201] dynopt_dct16_sve2_shared
Trace 0: 0x7fcf7013d9c0 [80081009311/0000000000400b4c/00000001/00000201] dynopt_dct16_sve2_shared
Trace 0: 0x7fcf7013db00 [80081009311/0000000000400b50/00000001/00000201] dynopt_dct16_sve2_shared
Trace 0: 0x7fcf7013dc40 [80081009311/0000000000400b54/00000001/00000201] dynopt_dct16_sve2_shared
Trace 0: 0x7fcf7013dd80 [80081009311/0000000000400b58/00000001/00000201] dynopt_dct16_sve2_shared
Trace 0: 0x7fcf7013dec0 [80081009311/0000000000400b5c/00000001/00000201] dynopt_dct16_sve2_shared
Trace 0: 0x7fcf7013e000 [80081009311/0000000000400b60/00000001/00000201] dynopt_dct16_sve2_shared
Trace 0: 0x7fcf7013e140 [80081009311/0000000000400b64/00000001/00000201] dynopt_dct16_sve2_shared
Trace 0: 0x7fcf7013e280 [80081009311/0000000000400b68/00000001/00000201] dynopt_dct16_sve2_shared
Trace 0: 0x7fcf7013e3c0 [80081009311/0000000000400b6c/00000001/00000201] dynopt_dct16_sve2_shared
Trace 0: 0x7fcf7013b940 [80081009311/0000000000400a50/00000001/00000201] dynopt_dct16_sve2_shared
Trace 0: 0x7fcf7013ba80 [80081009311/0000000000400a54/00000001/00000201] dynopt_dct16_sve2_shared
Trace 0: 0x7fcf7013bbc0 [80081009311/0000000000400a58/00000001/00000201] dynopt_dct16_sve2_shared
Trace 0: 0x7fcf7013e500 [80081009311/0000000000400a5c/00000001/00000201] dynopt_dct16_sve2_shared
Trace 0: 0x7fcf7013e640 [80081009311/0000000000400a60/00000001/00000201] dynopt_dct16_sve2_shared
Trace 0: 0x7fcf7013e780 [80081009311/0000000000400a64/00000001/00000201] dynopt_dct16_sve2_shared
Trace 0: 0x7fcf7013e8c0 [80081009311/0000000000400a68/00000001/00000201] dynopt_dct16_sve2_shared
Trace 0: 0x7fcf7013ea00 [80081009311/0000000000400a6c/00000001/00000201] dynopt_dct16_sve2_shared
Trace 0: 0x7fcf7013eb40 [80081009311/0000000000400a70/00000001/00000201] dynopt_dct16_sve2_shared
Trace 0: 0x7fcf7013ec80 [80081009311/0000000000400a74/00000001/00000201] dynopt_dct16_sve2_shared
Trace 0: 0x7fcf7013edc0 [80081009311/0000000000400a78/00000001/00000201] dynopt_dct16_sve2_shared
Trace 0: 0x7fcf7013ef00 [80081009311/0000000000400a7c/00000001/00000201] dynopt_dct16_sve2_shared
Trace 0: 0x7fcf7013f040 [80081009311/0000000000400a80/00000001/00000201] dynopt_dct16_sve2_shared
Trace 0: 0x7fcf7013f180 [80081009311/0000000000400a84/00000001/00000201] dynopt_dct16_sve2_shared
Trace 0: 0x7fcf7013f2c0 [80081009311/0000000000400a88/00000001/00000201] dynopt_dct16_sve2_shared
Trace 0: 0x7fcf7013f400 [80081009311/0000000000400a8c/00000001/00000201] dynopt_dct16_sve2_shared
Trace 0: 0x7fcf7013f540 [80081009311/0000000000400a90/00000001/00000201] dynopt_dct16_sve2_shared
Trace 0: 0x7fcf7013f680 [80081009311/0000000000400a94/00000001/00000201] dynopt_dct16_sve2_shared
Trace 0: 0x7fcf7013f7c0 [80081009311/0000000000400a98/00000001/00000201] dynopt_dct16_sve2_shared
Trace 0: 0x7fcf7013f900 [80081009311/0000000000400a9c/00000001/00000201] dynopt_dct16_sve2_shared
Trace 0: 0x7fcf7013fa40 [80081009311/0000000000400aa0/00000001/00000201] dynopt_dct16_sve2_shared
Trace 0: 0x7fcf7013fb80 [80081009311/0000000000400aa4/00000001/00000201] dynopt_dct16_sve2_shared
Trace 0: 0x7fcf7013fcc0 [80081009311/0000000000400aa8/00000001/00000201] dynopt_dct16_sve2_shared
Trace 0: 0x7fcf7013fe00 [80081009311/0000000000400aac/00000001/00000201] dynopt_dct16_sve2_shared
Trace 0: 0x7fcf7013ff40 [80081009311/0000000000400ab0/00000001/00000201] dynopt_dct16_sve2_shared
Trace 0: 0x7fcf70140080 [80081009311/0000000000400ab4/00000001/00000201] dynopt_dct16_sve2_shared
Trace 0: 0x7fcf701401c0 [80081009311/0000000000400ab8/00000001/00000201] dynopt_dct16_sve2_shared
Trace 0: 0x7fcf70140300 [80081009311/0000000000400abc/00000001/00000201] dynopt_dct16_sve2_shared
Trace 0: 0x7fcf70140440 [80081009311/0000000000400ac0/00000001/00000201] dynopt_dct16_sve2_shared
Trace 0: 0x7fcf70140580 [80081009311/0000000000400ac4/00000001/00000201] dynopt_dct16_sve2_shared
Trace 0: 0x7fcf701406c0 [80081009311/0000000000400ac8/00000001/00000201] dynopt_dct16_sve2_shared
Trace 0: 0x7fcf70140800 [80081009311/0000000000400acc/00000001/00000201] dynopt_dct16_sve2_shared
Trace 0: 0x7fcf70140940 [80081009311/0000000000400ad0/00000001/00000201] dynopt_dct16_sve2_shared
Trace 0: 0x7fcf70140a80 [80081009311/0000000000400ad4/00000001/00000201] dynopt_dct16_sve2_shared
Trace 0: 0x7fcf70140bc0 [80081009311/0000000000400ad8/00000001/00000201] dynopt_dct16_sve2_shared
Trace 0: 0x7fcf70140d00 [80081009311/0000000000400adc/00000001/00000201] dynopt_dct16_sve2_shared
Trace 0: 0x7fcf70140e40 [80081009311/0000000000400ae0/00000001/00000201] dynopt_dct16_sve2_shared
Trace 0: 0x7fcf70140f80 [80081009311/0000000000400ae4/00000001/00000201] dynopt_dct16_sve2_shared
Trace 0: 0x7fcf701410c0 [80081009311/0000000000400ae8/00000001/00000201] dynopt_dct16_sve2_shared
Trace 0: 0x7fcf70141200 [80081009311/0000000000400aec/00000001/00000201] dynopt_dct16_sve2_shared
Trace 0: 0x7fcf7013bd00 [80081009311/0000000000400af0/00000001/00000201] dynopt_dct16_sve2_shared
Trace 0: 0x7fcf7013be40 [80081009311/0000000000400af4/00000001/00000201] dynopt_dct16_sve2_shared
Trace 0: 0x7fcf7013bf80 [80081009311/0000000000400af8/00000001/00000201] dynopt_dct16_sve2_shared
Trace 0: 0x7fcf7013c0c0 [80081009311/0000000000400afc/00000001/00000201] dynopt_dct16_sve2_shared
Trace 0: 0x7fcf7013c200 [80081009311/0000000000400b00/00000001/00000201] dynopt_dct16_sve2_shared
Trace 0: 0x7fcf7013c340 [80081009311/0000000000400b04/00000001/00000201] dynopt_dct16_sve2_shared
Trace 0: 0x7fcf7013c480 [80081009311/0000000000400b08/00000001/00000201] dynopt_dct16_sve2_shared
Trace 0: 0x7fcf7013c5c0 [80081009311/0000000000400b0c/00000001/00000201] dynopt_dct16_sve2_shared
Trace 0: 0x7fcf7013c700 [80081009311/0000000000400b10/00000001/00000201] dynopt_dct16_sve2_shared
Trace 0: 0x7fcf7013c840 [80081009311/0000000000400b14/00000001/00000201] dynopt_dct16_sve2_shared
Trace 0: 0x7fcf7013c980 [80081009311/0000000000400b18/00000001/00000201] dynopt_dct16_sve2_shared
Trace 0: 0x7fcf7013cac0 [80081009311/0000000000400b1c/00000001/00000201] dynopt_dct16_sve2_shared
Trace 0: 0x7fcf7013cc00 [80081009311/0000000000400b20/00000001/00000201] dynopt_dct16_sve2_shared
Trace 0: 0x7fcf7013cd40 [80081009311/0000000000400b24/00000001/00000201] dynopt_dct16_sve2_shared
Trace 0: 0x7fcf7013ce80 [80081009311/0000000000400b28/00000001/00000201] dynopt_dct16_sve2_shared
Trace 0: 0x7fcf7013cfc0 [80081009311/0000000000400b2c/00000001/00000201] dynopt_dct16_sve2_shared
Trace 0: 0x7fcf7013d100 [80081009311/0000000000400b30/00000001/00000201] dynopt_dct16_sve2_shared
Trace 0: 0x7fcf7013d240 [80081009311/0000000000400b34/00000001/00000201] dynopt_dct16_sve2_shared
Trace 0: 0x7fcf7013d380 [80081009311/0000000000400b38/00000001/00000201] dynopt_dct16_sve2_shared
Trace 0: 0x7fcf7013d4c0 [80081009311/0000000000400b3c/00000001/00000201] dynopt_dct16_sve2_shared
Trace 0: 0x7fcf7013d600 [80081009311/0000000000400b40/00000001/00000201] dynopt_dct16_sve2_shared
Trace 0: 0x7fcf7013d740 [80081009311/0000000000400b44/00000001/00000201] dynopt_dct16_sve2_shared
Trace 0: 0x7fcf7013d880 [80081009311/0000000000400b48/00000001/00000201] dynopt_dct16_sve2_shared
Trace 0: 0x7fcf7013d9c0 [80081009311/0000000000400b4c/00000001/00000201] dynopt_dct16_sve2_shared
Trace 0: 0x7fcf7013db00 [80081009311/0000000000400b50/00000001/00000201] dynopt_dct16_sve2_shared
Trace 0: 0x7fcf7013dc40 [80081009311/0000000000400b54/00000001/00000201] dynopt_dct16_sve2_shared
Trace 0: 0x7fcf7013dd80 [80081009311/0000000000400b58/00000001/00000201] dynopt_dct16_sve2_shared
Trace 0: 0x7fcf7013dec0 [80081009311/0000000000400b5c/00000001/00000201] dynopt_dct16_sve2_shared
Trace 0: 0x7fcf7013e000 [80081009311/0000000000400b60/00000001/00000201] dynopt_dct16_sve2_shared
Trace 0: 0x7fcf7013e140 [80081009311/0000000000400b64/00000001/00000201] dynopt_dct16_sve2_shared
Trace 0: 0x7fcf7013e280 [80081009311/0000000000400b68/00000001/00000201] dynopt_dct16_sve2_shared
Trace 0: 0x7fcf7013e3c0 [80081009311/0000000000400b6c/00000001/00000201] dynopt_dct16_sve2_shared
Trace 0: 0x7fcf7013b940 [80081009311/0000000000400a50/00000001/00000201] dynopt_dct16_sve2_shared
Trace 0: 0x7fcf7013ba80 [80081009311/0000000000400a54/00000001/00000201] dynopt_dct16_sve2_shared
Trace 0: 0x7fcf7013bbc0 [80081009311/0000000000400a58/00000001/00000201] dynopt_dct16_sve2_shared
Trace 0: 0x7fcf7013e500 [80081009311/0000000000400a5c/00000001/00000201] dynopt_dct16_sve2_shared
Trace 0: 0x7fcf7013e640 [80081009311/0000000000400a60/00000001/00000201] dynopt_dct16_sve2_shared
Trace 0: 0x7fcf7013e780 [80081009311/0000000000400a64/00000001/00000201] dynopt_dct16_sve2_shared
Trace 0: 0x7fcf7013e8c0 [80081009311/0000000000400a68/00000001/00000201] dynopt_dct16_sve2_shared
Trace 0: 0x7fcf7013ea00 [80081009311/0000000000400a6c/00000001/00000201] dynopt_dct16_sve2_shared
Trace 0: 0x7fcf7013eb40 [80081009311/0000000000400a70/00000001/00000201] dynopt_dct16_sve2_shared
Trace 0: 0x7fcf7013ec80 [80081009311/0000000000400a74/00000001/00000201] dynopt_dct16_sve2_shared
Trace 0: 0x7fcf7013edc0 [80081009311/0000000000400a78/00000001/00000201] dynopt_dct16_sve2_shared
Trace 0: 0x7fcf7013ef00 [80081009311/0000000000400a7c/00000001/00000201] dynopt_dct16_sve2_shared
Trace 0: 0x7fcf7013f040 [80081009311/0000000000400a80/00000001/00000201] dynopt_dct16_sve2_shared
Trace 0: 0x7fcf7013f180 [80081009311/0000000000400a84/00000001/00000201] dynopt_dct16_sve2_shared
Trace 0: 0x7fcf7013f2c0 [80081009311/0000000000400a88/00000001/00000201] dynopt_dct16_sve2_shared
Trace 0: 0x7fcf7013f400 [80081009311/0000000000400a8c/00000001/00000201] dynopt_dct16_sve2_shared
Trace 0: 0x7fcf7013f540 [80081009311/0000000000400a90/00000001/00000201] dynopt_dct16_sve2_shared
Trace 0: 0x7fcf7013f680 [80081009311/0000000000400a94/00000001/00000201] dynopt_dct16_sve2_shared
Trace 0: 0x7fcf7013f7c0 [80081009311/0000000000400a98/00000001/00000201] dynopt_dct16_sve2_shared
Trace 0: 0x7fcf7013f900 [80081009311/0000000000400a9c/00000001/00000201] dynopt_dct16_sve2_shared
Trace 0: 0x7fcf7013fa40 [80081009311/0000000000400aa0/00000001/00000201] dynopt_dct16_sve2_shared
Trace 0: 0x7fcf7013fb80 [80081009311/0000000000400aa4/00000001/00000201] dynopt_dct16_sve2_shared
Trace 0: 0x7fcf7013fcc0 [80081009311/0000000000400aa8/00000001/00000201] dynopt_dct16_sve2_shared
Trace 0: 0x7fcf7013fe00 [80081009311/0000000000400aac/00000001/00000201] dynopt_dct16_sve2_shared
Trace 0: 0x7fcf7013ff40 [80081009311/0000000000400ab0/00000001/00000201] dynopt_dct16_sve2_shared
Trace 0: 0x7fcf70140080 [80081009311/0000000000400ab4/00000001/00000201] dynopt_dct16_sve2_shared
Trace 0: 0x7fcf701401c0 [80081009311/0000000000400ab8/00000001/00000201] dynopt_dct16_sve2_shared
Trace 0: 0x7fcf70140300 [80081009311/0000000000400abc/00000001/00000201] dynopt_dct16_sve2_shared
Trace 0: 0x7fcf70140440 [80081009311/0000000000400ac0/00000001/00000201] dynopt_dct16_sve2_shared
Trace 0: 0x7fcf70140580 [80081009311/0000000000400ac4/00000001/00000201] dynopt_dct16_sve2_shared
Trace 0: 0x7fcf701406c0 [80081009311/0000000000400ac8/00000001/00000201] dynopt_dct16_sve2_shared
Trace 0: 0x7fcf70140800 [80081009311/0000000000400acc/00000001/00000201] dynopt_dct16_sve2_shared
Trace 0: 0x7fcf70140940 [80081009311/0000000000400ad0/00000001/00000201] dynopt_dct16_sve2_shared
Trace 0: 0x7fcf70140a80 [80081009311/0000000000400ad4/00000001/00000201] dynopt_dct16_sve2_shared
Trace 0: 0x7fcf70140bc0 [80081009311/0000000000400ad8/00000001/00000201] dynopt_dct16_sve2_shared
Trace 0: 0x7fcf70140d00 [80081009311/0000000000400adc/00000001/00000201] dynopt_dct16_sve2_shared
Trace 0: 0x7fcf70140e40 [80081009311/0000000000400ae0/00000001/00000201] dynopt_dct16_sve2_shared
Trace 0: 0x7fcf70140f80 [80081009311/0000000000400ae4/00000001/00000201] dynopt_dct16_sve2_shared
Trace 0: 0x7fcf701410c0 [80081009311/0000000000400ae8/00000001/00000201] dynopt_dct16_sve2_shared
Trace 0: 0x7fcf70141200 [80081009311/0000000000400aec/00000001/00000201] dynopt_dct16_sve2_shared
Trace 0: 0x7fcf7013bd00 [80081009311/0000000000400af0/00000001/00000201] dynopt_dct16_sve2_shared
Trace 0: 0x7fcf7013be40 [80081009311/0000000000400af4/00000001/00000201] dynopt_dct16_sve2_shared
Trace 0: 0x7fcf7013bf80 [80081009311/0000000000400af8/00000001/00000201] dynopt_dct16_sve2_shared
Trace 0: 0x7fcf7013c0c0 [80081009311/0000000000400afc/00000001/00000201] dynopt_dct16_sve2_shared
Trace 0: 0x7fcf7013c200 [80081009311/0000000000400b00/00000001/00000201] dynopt_dct16_sve2_shared
Trace 0: 0x7fcf7013c340 [80081009311/0000000000400b04/00000001/00000201] dynopt_dct16_sve2_shared
Trace 0: 0x7fcf7013c480 [80081009311/0000000000400b08/00000001/00000201] dynopt_dct16_sve2_shared
Trace 0: 0x7fcf7013c5c0 [80081009311/0000000000400b0c/00000001/00000201] dynopt_dct16_sve2_shared
Trace 0: 0x7fcf7013c700 [80081009311/0000000000400b10/00000001/00000201] dynopt_dct16_sve2_shared
Trace 0: 0x7fcf7013c840 [80081009311/0000000000400b14/00000001/00000201] dynopt_dct16_sve2_shared
Trace 0: 0x7fcf7013c980 [80081009311/0000000000400b18/00000001/00000201] dynopt_dct16_sve2_shared
Trace 0: 0x7fcf7013cac0 [80081009311/0000000000400b1c/00000001/00000201] dynopt_dct16_sve2_shared
Trace 0: 0x7fcf7013cc00 [80081009311/0000000000400b20/00000001/00000201] dynopt_dct16_sve2_shared
Trace 0: 0x7fcf7013cd40 [80081009311/0000000000400b24/00000001/00000201] dynopt_dct16_sve2_shared
Trace 0: 0x7fcf7013ce80 [80081009311/0000000000400b28/00000001/00000201] dynopt_dct16_sve2_shared
Trace 0: 0x7fcf7013cfc0 [80081009311/0000000000400b2c/00000001/00000201] dynopt_dct16_sve2_shared
Trace 0: 0x7fcf7013d100 [80081009311/0000000000400b30/00000001/00000201] dynopt_dct16_sve2_shared
Trace 0: 0x7fcf7013d240 [80081009311/0000000000400b34/00000001/00000201] dynopt_dct16_sve2_shared
Trace 0: 0x7fcf7013d380 [80081009311/0000000000400b38/00000001/00000201] dynopt_dct16_sve2_shared
Trace 0: 0x7fcf7013d4c0 [80081009311/0000000000400b3c/00000001/00000201] dynopt_dct16_sve2_shared
Trace 0: 0x7fcf7013d600 [80081009311/0000000000400b40/00000001/00000201] dynopt_dct16_sve2_shared
Trace 0: 0x7fcf7013d740 [80081009311/0000000000400b44/00000001/00000201] dynopt_dct16_sve2_shared
Trace 0: 0x7fcf7013d880 [80081009311/0000000000400b48/00000001/00000201] dynopt_dct16_sve2_shared
Trace 0: 0x7fcf7013d9c0 [80081009311/0000000000400b4c/00000001/00000201] dynopt_dct16_sve2_shared
Trace 0: 0x7fcf7013db00 [80081009311/0000000000400b50/00000001/00000201] dynopt_dct16_sve2_shared
Trace 0: 0x7fcf7013dc40 [80081009311/0000000000400b54/00000001/00000201] dynopt_dct16_sve2_shared
Trace 0: 0x7fcf7013dd80 [80081009311/0000000000400b58/00000001/00000201] dynopt_dct16_sve2_shared
Trace 0: 0x7fcf7013dec0 [80081009311/0000000000400b5c/00000001/00000201] dynopt_dct16_sve2_shared
Trace 0: 0x7fcf7013e000 [80081009311/0000000000400b60/00000001/00000201] dynopt_dct16_sve2_shared
Trace 0: 0x7fcf7013e140 [80081009311/0000000000400b64/00000001/00000201] dynopt_dct16_sve2_shared
Trace 0: 0x7fcf7013e280 [80081009311/0000000000400b68/00000001/00000201] dynopt_dct16_sve2_shared
Trace 0: 0x7fcf7013e3c0 [80081009311/0000000000400b6c/00000001/00000201] dynopt_dct16_sve2_shared
Trace 0: 0x7fcf7013b940 [80081009311/0000000000400a50/00000001/00000201] dynopt_dct16_sve2_shared
Trace 0: 0x7fcf7013ba80 [80081009311/0000000000400a54/00000001/00000201] dynopt_dct16_sve2_shared
Trace 0: 0x7fcf7013bbc0 [80081009311/0000000000400a58/00000001/00000201] dynopt_dct16_sve2_shared
Trace 0: 0x7fcf7013e500 [80081009311/0000000000400a5c/00000001/00000201] dynopt_dct16_sve2_shared
Trace 0: 0x7fcf7013e640 [80081009311/0000000000400a60/00000001/00000201] dynopt_dct16_sve2_shared
Trace 0: 0x7fcf7013e780 [80081009311/0000000000400a64/00000001/00000201] dynopt_dct16_sve2_shared
Trace 0: 0x7fcf7013e8c0 [80081009311/0000000000400a68/00000001/00000201] dynopt_dct16_sve2_shared
Trace 0: 0x7fcf7013ea00 [80081009311/0000000000400a6c/00000001/00000201] dynopt_dct16_sve2_shared
Trace 0: 0x7fcf7013eb40 [80081009311/0000000000400a70/00000001/00000201] dynopt_dct16_sve2_shared
Trace 0: 0x7fcf7013ec80 [80081009311/0000000000400a74/00000001/00000201] dynopt_dct16_sve2_shared
Trace 0: 0x7fcf7013edc0 [80081009311/0000000000400a78/00000001/00000201] dynopt_dct16_sve2_shared
Trace 0: 0x7fcf7013ef00 [80081009311/0000000000400a7c/00000001/00000201] dynopt_dct16_sve2_shared
Trace 0: 0x7fcf7013f040 [80081009311/0000000000400a80/00000001/00000201] dynopt_dct16_sve2_shared
Trace 0: 0x7fcf7013f180 [80081009311/0000000000400a84/00000001/00000201] dynopt_dct16_sve2_shared
Trace 0: 0x7fcf7013f2c0 [80081009311/0000000000400a88/00000001/00000201] dynopt_dct16_sve2_shared
Trace 0: 0x7fcf7013f400 [80081009311/0000000000400a8c/00000001/00000201] dynopt_dct16_sve2_shared
Trace 0: 0x7fcf7013f540 [80081009311/0000000000400a90/00000001/00000201] dynopt_dct16_sve2_shared
Trace 0: 0x7fcf7013f680 [80081009311/0000000000400a94/00000001/00000201] dynopt_dct16_sve2_shared
Trace 0: 0x7fcf7013f7c0 [80081009311/0000000000400a98/00000001/00000201] dynopt_dct16_sve2_shared
Trace 0: 0x7fcf7013f900 [80081009311/0000000000400a9c/00000001/00000201] dynopt_dct16_sve2_shared
Trace 0: 0x7fcf7013fa40 [80081009311/0000000000400aa0/00000001/00000201] dynopt_dct16_sve2_shared
Trace 0: 0x7fcf7013fb80 [80081009311/0000000000400aa4/00000001/00000201] dynopt_dct16_sve2_shared
Trace 0: 0x7fcf7013fcc0 [80081009311/0000000000400aa8/00000001/00000201] dynopt_dct16_sve2_shared
Trace 0: 0x7fcf7013fe00 [80081009311/0000000000400aac/00000001/00000201] dynopt_dct16_sve2_shared
Trace 0: 0x7fcf7013ff40 [80081009311/0000000000400ab0/00000001/00000201] dynopt_dct16_sve2_shared
Trace 0: 0x7fcf70140080 [80081009311/0000000000400ab4/00000001/00000201] dynopt_dct16_sve2_shared
Trace 0: 0x7fcf701401c0 [80081009311/0000000000400ab8/00000001/00000201] dynopt_dct16_sve2_shared
Trace 0: 0x7fcf70140300 [80081009311/0000000000400abc/00000001/00000201] dynopt_dct16_sve2_shared
Trace 0: 0x7fcf70140440 [80081009311/0000000000400ac0/00000001/00000201] dynopt_dct16_sve2_shared
Trace 0: 0x7fcf70140580 [80081009311/0000000000400ac4/00000001/00000201] dynopt_dct16_sve2_shared
Trace 0: 0x7fcf701406c0 [80081009311/0000000000400ac8/00000001/00000201] dynopt_dct16_sve2_shared
Trace 0: 0x7fcf70140800 [80081009311/0000000000400acc/00000001/00000201] dynopt_dct16_sve2_shared
Trace 0: 0x7fcf70140940 [80081009311/0000000000400ad0/00000001/00000201] dynopt_dct16_sve2_shared
Trace 0: 0x7fcf70140a80 [80081009311/0000000000400ad4/00000001/00000201] dynopt_dct16_sve2_shared
Trace 0: 0x7fcf70140bc0 [80081009311/0000000000400ad8/00000001/00000201] dynopt_dct16_sve2_shared
Trace 0: 0x7fcf70140d00 [80081009311/0000000000400adc/00000001/00000201] dynopt_dct16_sve2_shared
Trace 0: 0x7fcf70140e40 [80081009311/0000000000400ae0/00000001/00000201] dynopt_dct16_sve2_shared
Trace 0: 0x7fcf70140f80 [80081009311/0000000000400ae4/00000001/00000201] dynopt_dct16_sve2_shared
Trace 0: 0x7fcf701410c0 [80081009311/0000000000400ae8/00000001/00000201] dynopt_dct16_sve2_shared
Trace 0: 0x7fcf70141200 [80081009311/0000000000400aec/00000001/00000201] dynopt_dct16_sve2_shared
Trace 0: 0x7fcf7013bd00 [80081009311/0000000000400af0/00000001/00000201] dynopt_dct16_sve2_shared
Trace 0: 0x7fcf7013be40 [80081009311/0000000000400af4/00000001/00000201] dynopt_dct16_sve2_shared
Trace 0: 0x7fcf7013bf80 [80081009311/0000000000400af8/00000001/00000201] dynopt_dct16_sve2_shared
Trace 0: 0x7fcf7013c0c0 [80081009311/0000000000400afc/00000001/00000201] dynopt_dct16_sve2_shared
Trace 0: 0x7fcf7013c200 [80081009311/0000000000400b00/00000001/00000201] dynopt_dct16_sve2_shared
Trace 0: 0x7fcf7013c340 [80081009311/0000000000400b04/00000001/00000201] dynopt_dct16_sve2_shared
Trace 0: 0x7fcf7013c480 [80081009311/0000000000400b08/00000001/00000201] dynopt_dct16_sve2_shared
Trace 0: 0x7fcf7013c5c0 [80081009311/0000000000400b0c/00000001/00000201] dynopt_dct16_sve2_shared
Trace 0: 0x7fcf7013c700 [80081009311/0000000000400b10/00000001/00000201] dynopt_dct16_sve2_shared
Trace 0: 0x7fcf7013c840 [80081009311/0000000000400b14/00000001/00000201] dynopt_dct16_sve2_shared
Trace 0: 0x7fcf7013c980 [80081009311/0000000000400b18/00000001/00000201] dynopt_dct16_sve2_shared
Trace 0: 0x7fcf7013cac0 [80081009311/0000000000400b1c/00000001/00000201] dynopt_dct16_sve2_shared
Trace 0: 0x7fcf7013cc00 [80081009311/0000000000400b20/00000001/00000201] dynopt_dct16_sve2_shared
Trace 0: 0x7fcf7013cd40 [80081009311/0000000000400b24/00000001/00000201] dynopt_dct16_sve2_shared
Trace 0: 0x7fcf7013ce80 [80081009311/0000000000400b28/00000001/00000201] dynopt_dct16_sve2_shared
Trace 0: 0x7fcf7013cfc0 [80081009311/0000000000400b2c/00000001/00000201] dynopt_dct16_sve2_shared
Trace 0: 0x7fcf7013d100 [80081009311/0000000000400b30/00000001/00000201] dynopt_dct16_sve2_shared
Trace 0: 0x7fcf7013d240 [80081009311/0000000000400b34/00000001/00000201] dynopt_dct16_sve2_shared
Trace 0: 0x7fcf7013d380 [80081009311/0000000000400b38/00000001/00000201] dynopt_dct16_sve2_shared
Trace 0: 0x7fcf7013d4c0 [80081009311/0000000000400b3c/00000001/00000201] dynopt_dct16_sve2_shared
Trace 0: 0x7fcf7013d600 [80081009311/0000000000400b40/00000001/00000201] dynopt_dct16_sve2_shared
Trace 0: 0x7fcf7013d740 [80081009311/0000000000400b44/00000001/00000201] dynopt_dct16_sve2_shared
Trace 0: 0x7fcf7013d880 [80081009311/0000000000400b48/00000001/00000201] dynopt_dct16_sve2_shared
Trace 0: 0x7fcf7013d9c0 [80081009311/0000000000400b4c/00000001/00000201] dynopt_dct16_sve2_shared
Trace 0: 0x7fcf7013db00 [80081009311/0000000000400b50/00000001/00000201] dynopt_dct16_sve2_shared
Trace 0: 0x7fcf7013dc40 [80081009311/0000000000400b54/00000001/00000201] dynopt_dct16_sve2_shared
Trace 0: 0x7fcf7013dd80 [80081009311/0000000000400b58/00000001/00000201] dynopt_dct16_sve2_shared
Trace 0: 0x7fcf7013dec0 [80081009311/0000000000400b5c/00000001/00000201] dynopt_dct16_sve2_shared
Trace 0: 0x7fcf7013e000 [80081009311/0000000000400b60/00000001/00000201] dynopt_dct16_sve2_shared
Trace 0: 0x7fcf7013e140 [80081009311/0000000000400b64/00000001/00000201] dynopt_dct16_sve2_shared
Trace 0: 0x7fcf7013e280 [80081009311/0000000000400b68/00000001/00000201] dynopt_dct16_sve2_shared
Trace 0: 0x7fcf7013e3c0 [80081009311/0000000000400b6c/00000001/00000201] dynopt_dct16_sve2_shared
Trace 0: 0x7fcf7013b940 [80081009311/0000000000400a50/00000001/00000201] dynopt_dct16_sve2_shared
Trace 0: 0x7fcf7013ba80 [80081009311/0000000000400a54/00000001/00000201] dynopt_dct16_sve2_shared
Trace 0: 0x7fcf7013bbc0 [80081009311/0000000000400a58/00000001/00000201] dynopt_dct16_sve2_shared
Trace 0: 0x7fcf7013e500 [80081009311/0000000000400a5c/00000001/00000201] dynopt_dct16_sve2_shared
Trace 0: 0x7fcf7013e640 [80081009311/0000000000400a60/00000001/00000201] dynopt_dct16_sve2_shared
Trace 0: 0x7fcf7013e780 [80081009311/0000000000400a64/00000001/00000201] dynopt_dct16_sve2_shared
Trace 0: 0x7fcf7013e8c0 [80081009311/0000000000400a68/00000001/00000201] dynopt_dct16_sve2_shared
Trace 0: 0x7fcf7013ea00 [80081009311/0000000000400a6c/00000001/00000201] dynopt_dct16_sve2_shared
Trace 0: 0x7fcf7013eb40 [80081009311/0000000000400a70/00000001/00000201] dynopt_dct16_sve2_shared
Trace 0: 0x7fcf7013ec80 [80081009311/0000000000400a74/00000001/00000201] dynopt_dct16_sve2_shared
Trace 0: 0x7fcf7013edc0 [80081009311/0000000000400a78/00000001/00000201] dynopt_dct16_sve2_shared
Trace 0: 0x7fcf7013ef00 [80081009311/0000000000400a7c/00000001/00000201] dynopt_dct16_sve2_shared
Trace 0: 0x7fcf7013f040 [80081009311/0000000000400a80/00000001/00000201] dynopt_dct16_sve2_shared
Trace 0: 0x7fcf7013f180 [80081009311/0000000000400a84/00000001/00000201] dynopt_dct16_sve2_shared
Trace 0: 0x7fcf7013f2c0 [80081009311/0000000000400a88/00000001/00000201] dynopt_dct16_sve2_shared
Trace 0: 0x7fcf7013f400 [80081009311/0000000000400a8c/00000001/00000201] dynopt_dct16_sve2_shared
Trace 0: 0x7fcf7013f540 [80081009311/0000000000400a90/00000001/00000201] dynopt_dct16_sve2_shared
Trace 0: 0x7fcf7013f680 [80081009311/0000000000400a94/00000001/00000201] dynopt_dct16_sve2_shared
Trace 0: 0x7fcf7013f7c0 [80081009311/0000000000400a98/00000001/00000201] dynopt_dct16_sve2_shared
Trace 0: 0x7fcf7013f900 [80081009311/0000000000400a9c/00000001/00000201] dynopt_dct16_sve2_shared
Trace 0: 0x7fcf7013fa40 [80081009311/0000000000400aa0/00000001/00000201] dynopt_dct16_sve2_shared
Trace 0: 0x7fcf7013fb80 [80081009311/0000000000400aa4/00000001/00000201] dynopt_dct16_sve2_shared
Trace 0: 0x7fcf7013fcc0 [80081009311/0000000000400aa8/00000001/00000201] dynopt_dct16_sve2_shared
Trace 0: 0x7fcf7013fe00 [80081009311/0000000000400aac/00000001/00000201] dynopt_dct16_sve2_shared
Trace 0: 0x7fcf7013ff40 [80081009311/0000000000400ab0/00000001/00000201] dynopt_dct16_sve2_shared
Trace 0: 0x7fcf70140080 [80081009311/0000000000400ab4/00000001/00000201] dynopt_dct16_sve2_shared
Trace 0: 0x7fcf701401c0 [80081009311/0000000000400ab8/00000001/00000201] dynopt_dct16_sve2_shared
Trace 0: 0x7fcf70140300 [80081009311/0000000000400abc/00000001/00000201] dynopt_dct16_sve2_shared
Trace 0: 0x7fcf70140440 [80081009311/0000000000400ac0/00000001/00000201] dynopt_dct16_sve2_shared
Trace 0: 0x7fcf70140580 [80081009311/0000000000400ac4/00000001/00000201] dynopt_dct16_sve2_shared
Trace 0: 0x7fcf701406c0 [80081009311/0000000000400ac8/00000001/00000201] dynopt_dct16_sve2_shared
Trace 0: 0x7fcf70140800 [80081009311/0000000000400acc/00000001/00000201] dynopt_dct16_sve2_shared
Trace 0: 0x7fcf70140940 [80081009311/0000000000400ad0/00000001/00000201] dynopt_dct16_sve2_shared
Trace 0: 0x7fcf70140a80 [80081009311/0000000000400ad4/00000001/00000201] dynopt_dct16_sve2_shared
Trace 0: 0x7fcf70140bc0 [80081009311/0000000000400ad8/00000001/00000201] dynopt_dct16_sve2_shared
Trace 0: 0x7fcf70140d00 [80081009311/0000000000400adc/00000001/00000201] dynopt_dct16_sve2_shared
Trace 0: 0x7fcf70140e40 [80081009311/0000000000400ae0/00000001/00000201] dynopt_dct16_sve2_shared
Trace 0: 0x7fcf70140f80 [80081009311/0000000000400ae4/00000001/00000201] dynopt_dct16_sve2_shared
Trace 0: 0x7fcf701410c0 [80081009311/0000000000400ae8/00000001/00000201] dynopt_dct16_sve2_shared
Trace 0: 0x7fcf70141200 [80081009311/0000000000400aec/00000001/00000201] dynopt_dct16_sve2_shared
Trace 0: 0x7fcf7013bd00 [80081009311/0000000000400af0/00000001/00000201] dynopt_dct16_sve2_shared
Trace 0: 0x7fcf7013be40 [80081009311/0000000000400af4/00000001/00000201] dynopt_dct16_sve2_shared
Trace 0: 0x7fcf7013bf80 [80081009311/0000000000400af8/00000001/00000201] dynopt_dct16_sve2_shared
Trace 0: 0x7fcf7013c0c0 [80081009311/0000000000400afc/00000001/00000201] dynopt_dct16_sve2_shared
Trace 0: 0x7fcf7013c200 [80081009311/0000000000400b00/00000001/00000201] dynopt_dct16_sve2_shared
Trace 0: 0x7fcf7013c340 [80081009311/0000000000400b04/00000001/00000201] dynopt_dct16_sve2_shared
Trace 0: 0x7fcf7013c480 [80081009311/0000000000400b08/00000001/00000201] dynopt_dct16_sve2_shared
Trace 0: 0x7fcf7013c5c0 [80081009311/0000000000400b0c/00000001/00000201] dynopt_dct16_sve2_shared
Trace 0: 0x7fcf7013c700 [80081009311/0000000000400b10/00000001/00000201] dynopt_dct16_sve2_shared
Trace 0: 0x7fcf7013c840 [80081009311/0000000000400b14/00000001/00000201] dynopt_dct16_sve2_shared
Trace 0: 0x7fcf7013c980 [80081009311/0000000000400b18/00000001/00000201] dynopt_dct16_sve2_shared
Trace 0: 0x7fcf7013cac0 [80081009311/0000000000400b1c/00000001/00000201] dynopt_dct16_sve2_shared
Trace 0: 0x7fcf7013cc00 [80081009311/0000000000400b20/00000001/00000201] dynopt_dct16_sve2_shared
Trace 0: 0x7fcf7013cd40 [80081009311/0000000000400b24/00000001/00000201] dynopt_dct16_sve2_shared
Trace 0: 0x7fcf7013ce80 [80081009311/0000000000400b28/00000001/00000201] dynopt_dct16_sve2_shared
Trace 0: 0x7fcf7013cfc0 [80081009311/0000000000400b2c/00000001/00000201] dynopt_dct16_sve2_shared
Trace 0: 0x7fcf7013d100 [80081009311/0000000000400b30/00000001/00000201] dynopt_dct16_sve2_shared
Trace 0: 0x7fcf7013d240 [80081009311/0000000000400b34/00000001/00000201] dynopt_dct16_sve2_shared
Trace 0: 0x7fcf7013d380 [80081009311/0000000000400b38/00000001/00000201] dynopt_dct16_sve2_shared
Trace 0: 0x7fcf7013d4c0 [80081009311/0000000000400b3c/00000001/00000201] dynopt_dct16_sve2_shared
Trace 0: 0x7fcf7013d600 [80081009311/0000000000400b40/00000001/00000201] dynopt_dct16_sve2_shared
Trace 0: 0x7fcf7013d740 [80081009311/0000000000400b44/00000001/00000201] dynopt_dct16_sve2_shared
Trace 0: 0x7fcf7013d880 [80081009311/0000000000400b48/00000001/00000201] dynopt_dct16_sve2_shared
Trace 0: 0x7fcf7013d9c0 [80081009311/0000000000400b4c/00000001/00000201] dynopt_dct16_sve2_shared
Trace 0: 0x7fcf7013db00 [80081009311/0000000000400b50/00000001/00000201] dynopt_dct16_sve2_shared
Trace 0: 0x7fcf7013dc40 [80081009311/0000000000400b54/00000001/00000201] dynopt_dct16_sve2_shared
Trace 0: 0x7fcf7013dd80 [80081009311/0000000000400b58/00000001/00000201] dynopt_dct16_sve2_shared
Trace 0: 0x7fcf7013dec0 [80081009311/0000000000400b5c/00000001/00000201] dynopt_dct16_sve2_shared
Trace 0: 0x7fcf7013e000 [80081009311/0000000000400b60/00000001/00000201] dynopt_dct16_sve2_shared
Trace 0: 0x7fcf7013e140 [80081009311/0000000000400b64/00000001/00000201] dynopt_dct16_sve2_shared
Trace 0: 0x7fcf7013e280 [80081009311/0000000000400b68/00000001/00000201] dynopt_dct16_sve2_shared
Trace 0: 0x7fcf7013e3c0 [80081009311/0000000000400b6c/00000001/00000201] dynopt_dct16_sve2_shared
Trace 0: 0x7fcf7013b940 [80081009311/0000000000400a50/00000001/00000201] dynopt_dct16_sve2_shared
Trace 0: 0x7fcf7013ba80 [80081009311/0000000000400a54/00000001/00000201] dynopt_dct16_sve2_shared
Trace 0: 0x7fcf7013bbc0 [80081009311/0000000000400a58/00000001/00000201] dynopt_dct16_sve2_shared
Trace 0: 0x7fcf7013e500 [80081009311/0000000000400a5c/00000001/00000201] dynopt_dct16_sve2_shared
Trace 0: 0x7fcf7013e640 [80081009311/0000000000400a60/00000001/00000201] dynopt_dct16_sve2_shared
Trace 0: 0x7fcf7013e780 [80081009311/0000000000400a64/00000001/00000201] dynopt_dct16_sve2_shared
Trace 0: 0x7fcf7013e8c0 [80081009311/0000000000400a68/00000001/00000201] dynopt_dct16_sve2_shared
Trace 0: 0x7fcf7013ea00 [80081009311/0000000000400a6c/00000001/00000201] dynopt_dct16_sve2_shared
Trace 0: 0x7fcf7013eb40 [80081009311/0000000000400a70/00000001/00000201] dynopt_dct16_sve2_shared
Trace 0: 0x7fcf7013ec80 [80081009311/0000000000400a74/00000001/00000201] dynopt_dct16_sve2_shared
Trace 0: 0x7fcf7013edc0 [80081009311/0000000000400a78/00000001/00000201] dynopt_dct16_sve2_shared
Trace 0: 0x7fcf7013ef00 [80081009311/0000000000400a7c/00000001/00000201] dynopt_dct16_sve2_shared
Trace 0: 0x7fcf7013f040 [80081009311/0000000000400a80/00000001/00000201] dynopt_dct16_sve2_shared
Trace 0: 0x7fcf7013f180 [80081009311/0000000000400a84/00000001/00000201] dynopt_dct16_sve2_shared
Trace 0: 0x7fcf7013f2c0 [80081009311/0000000000400a88/00000001/00000201] dynopt_dct16_sve2_shared
Trace 0: 0x7fcf7013f400 [80081009311/0000000000400a8c/00000001/00000201] dynopt_dct16_sve2_shared
Trace 0: 0x7fcf7013f540 [80081009311/0000000000400a90/00000001/00000201] dynopt_dct16_sve2_shared
Trace 0: 0x7fcf7013f680 [80081009311/0000000000400a94/00000001/00000201] dynopt_dct16_sve2_shared
Trace 0: 0x7fcf7013f7c0 [80081009311/0000000000400a98/00000001/00000201] dynopt_dct16_sve2_shared
Trace 0: 0x7fcf7013f900 [80081009311/0000000000400a9c/00000001/00000201] dynopt_dct16_sve2_shared
Trace 0: 0x7fcf7013fa40 [80081009311/0000000000400aa0/00000001/00000201] dynopt_dct16_sve2_shared
Trace 0: 0x7fcf7013fb80 [80081009311/0000000000400aa4/00000001/00000201] dynopt_dct16_sve2_shared
Trace 0: 0x7fcf7013fcc0 [80081009311/0000000000400aa8/00000001/00000201] dynopt_dct16_sve2_shared
Trace 0: 0x7fcf7013fe00 [80081009311/0000000000400aac/00000001/00000201] dynopt_dct16_sve2_shared
Trace 0: 0x7fcf7013ff40 [80081009311/0000000000400ab0/00000001/00000201] dynopt_dct16_sve2_shared
Trace 0: 0x7fcf70140080 [80081009311/0000000000400ab4/00000001/00000201] dynopt_dct16_sve2_shared
Trace 0: 0x7fcf701401c0 [80081009311/0000000000400ab8/00000001/00000201] dynopt_dct16_sve2_shared
Trace 0: 0x7fcf70140300 [80081009311/0000000000400abc/00000001/00000201] dynopt_dct16_sve2_shared
Trace 0: 0x7fcf70140440 [80081009311/0000000000400ac0/00000001/00000201] dynopt_dct16_sve2_shared
Trace 0: 0x7fcf70140580 [80081009311/0000000000400ac4/00000001/00000201] dynopt_dct16_sve2_shared
Trace 0: 0x7fcf701406c0 [80081009311/0000000000400ac8/00000001/00000201] dynopt_dct16_sve2_shared
Trace 0: 0x7fcf70140800 [80081009311/0000000000400acc/00000001/00000201] dynopt_dct16_sve2_shared
Trace 0: 0x7fcf70140940 [80081009311/0000000000400ad0/00000001/00000201] dynopt_dct16_sve2_shared
Trace 0: 0x7fcf70140a80 [80081009311/0000000000400ad4/00000001/00000201] dynopt_dct16_sve2_shared
Trace 0: 0x7fcf70140bc0 [80081009311/0000000000400ad8/00000001/00000201] dynopt_dct16_sve2_shared
----------------
IN: dynopt_dct16_sve2_shared
0x00400b70:  9123c120  add      x0, x9, #0x8f0

Trace 0: 0x7fcf70141340 [80081009311/0000000000400b70/00000001/00000201] dynopt_dct16_sve2_shared
----------------
IN: dynopt_dct16_sve2_shared
0x00400b74:  910483e5  add      x5, sp, #0x120

Trace 0: 0x7fcf70141480 [80081009311/0000000000400b74/00000001/00000201] dynopt_dct16_sve2_shared
----------------
IN: dynopt_dct16_sve2_shared
0x00400b78:  910883e4  add      x4, sp, #0x220

Trace 0: 0x7fcf701415c0 [80081009311/0000000000400b78/00000001/00000201] dynopt_dct16_sve2_shared
----------------
IN: dynopt_dct16_sve2_shared
0x00400b7c:  910083e7  add      x7, sp, #0x20

Trace 0: 0x7fcf70141700 [80081009311/0000000000400b7c/00000001/00000201] dynopt_dct16_sve2_shared
----------------
IN: dynopt_dct16_sve2_shared
0x00400b80:  910283e6  add      x6, sp, #0xa0

Trace 0: 0x7fcf70141840 [80081009311/0000000000400b80/00000001/00000201] dynopt_dct16_sve2_shared
----------------
IN: dynopt_dct16_sve2_shared
0x00400b84:  52800002  mov      w2, #0

Trace 0: 0x7fcf70141980 [80081009311/0000000000400b84/00000001/00000201] dynopt_dct16_sve2_shared
----------------
IN: dynopt_dct16_sve2_shared
0x00400b88:  3dc11813  ldr      q19, [x0, #0x460]

Trace 0: 0x7fcf70141ac0 [80081009311/0000000000400b88/00000001/00000201] dynopt_dct16_sve2_shared
----------------
IN: dynopt_dct16_sve2_shared
0x00400b8c:  3dc11c14  ldr      q20, [x0, #0x470]

Trace 0: 0x7fcf70141c00 [80081009311/0000000000400b8c/00000001/00000201] dynopt_dct16_sve2_shared
----------------
IN: dynopt_dct16_sve2_shared
0x00400b90:  13017c40  asr      w0, w2, #1

Trace 0: 0x7fcf70141d40 [80081009311/0000000000400b90/00000001/00000201] dynopt_dct16_sve2_shared
----------------
IN: dynopt_dct16_sve2_shared
0x00400b94:  ad406c76  ldp      q22, q27, [x3]

Trace 0: 0x7fcf70141e80 [80081009311/0000000000400b94/00000001/00000201] dynopt_dct16_sve2_shared
----------------
IN: dynopt_dct16_sve2_shared
0x00400b98:  937c7c00  sbfiz    x0, x0, #4, #0x20

Trace 0: 0x7fcf70142000 [80081009311/0000000000400b98/00000001/00000201] dynopt_dct16_sve2_shared
----------------
IN: dynopt_dct16_sve2_shared
0x00400b9c:  ad417875  ldp      q21, q30, [x3, #0x20]

Trace 0: 0x7fcf70142140 [80081009311/0000000000400b9c/00000001/00000201] dynopt_dct16_sve2_shared
----------------
IN: dynopt_dct16_sve2_shared
0x00400ba0:  11000842  add      w2, w2, #2

Trace 0: 0x7fcf701422c0 [80081009311/0000000000400ba0/00000001/00000201] dynopt_dct16_sve2_shared
----------------
IN: dynopt_dct16_sve2_shared
0x00400ba4:  4e13137b  tbx      v27.16b, {v27.16b}, v19.16b

Trace 0: 0x7fcf70142400 [80081009311/0000000000400ba4/00000001/00000201] dynopt_dct16_sve2_shared
----------------
IN: dynopt_dct16_sve2_shared
0x00400ba8:  91010063  add      x3, x3, #0x40

Trace 0: 0x7fcf70142540 [80081009311/0000000000400ba8/00000001/00000201] dynopt_dct16_sve2_shared
----------------
IN: dynopt_dct16_sve2_shared
0x00400bac:  4e1313de  tbx      v30.16b, {v30.16b}, v19.16b

Trace 0: 0x7fcf70142680 [80081009311/0000000000400bac/00000001/00000201] dynopt_dct16_sve2_shared
----------------
IN: dynopt_dct16_sve2_shared
0x00400bb0:  4e7b02d7  saddl2   v23.4s, v22.8h, v27.8h

Trace 0: 0x7fcf701427c0 [80081009311/0000000000400bb0/00000001/00000201] dynopt_dct16_sve2_shared
----------------
IN: dynopt_dct16_sve2_shared
0x00400bb4:  0e7b02df  saddl    v31.4s, v22.4h, v27.4h

Trace 0: 0x7fcf70142940 [80081009311/0000000000400bb4/00000001/00000201] dynopt_dct16_sve2_shared
----------------
IN: dynopt_dct16_sve2_shared
0x00400bb8:  4e7e02b8  saddl2   v24.4s, v21.8h, v30.8h

Trace 0: 0x7fcf70142ac0 [80081009311/0000000000400bb8/00000001/00000201] dynopt_dct16_sve2_shared
----------------
IN: dynopt_dct16_sve2_shared
0x00400bbc:  0e7e02b9  saddl    v25.4s, v21.4h, v30.4h

Trace 0: 0x7fcf70142c40 [80081009311/0000000000400bbc/00000001/00000201] dynopt_dct16_sve2_shared
----------------
IN: dynopt_dct16_sve2_shared
0x00400bc0:  6e7b86d6  sub      v22.8h, v22.8h, v27.8h

Trace 0: 0x7fcf70142dc0 [80081009311/0000000000400bc0/00000001/00000201] dynopt_dct16_sve2_shared
----------------
IN: dynopt_dct16_sve2_shared
0x00400bc4:  6e7e86b5  sub      v21.8h, v21.8h, v30.8h

Trace 0: 0x7fcf70142f00 [80081009311/0000000000400bc4/00000001/00000201] dynopt_dct16_sve2_shared
----------------
IN: dynopt_dct16_sve2_shared
0x00400bc8:  4eb71efb  mov      v27.16b, v23.16b

Trace 0: 0x7fcf70143040 [80081009311/0000000000400bc8/00000001/00000201] dynopt_dct16_sve2_shared
----------------
IN: dynopt_dct16_sve2_shared
0x00400bcc:  4eb81f1e  mov      v30.16b, v24.16b

Trace 0: 0x7fcf70143180 [80081009311/0000000000400bcc/00000001/00000201] dynopt_dct16_sve2_shared
----------------
IN: dynopt_dct16_sve2_shared
0x00400bd0:  ac8154b6  stp      q22, q21, [x5], #0x20

Trace 0: 0x7fcf701432c0 [80081009311/0000000000400bd0/00000001/00000201] dynopt_dct16_sve2_shared
----------------
IN: dynopt_dct16_sve2_shared
0x00400bd4:  4e1412fb  tbx      v27.16b, {v23.16b}, v20.16b

Trace 0: 0x7fcf70143440 [80081009311/0000000000400bd4/00000001/00000201] dynopt_dct16_sve2_shared
----------------
IN: dynopt_dct16_sve2_shared
0x00400bd8:  4e14131e  tbx      v30.16b, {v24.16b}, v20.16b

Trace 0: 0x7fcf70143580 [80081009311/0000000000400bd8/00000001/00000201] dynopt_dct16_sve2_shared
----------------
IN: dynopt_dct16_sve2_shared
0x00400bdc:  6ebb87f7  sub      v23.4s, v31.4s, v27.4s

Trace 0: 0x7fcf701436c0 [80081009311/0000000000400bdc/00000001/00000201] dynopt_dct16_sve2_shared
----------------
IN: dynopt_dct16_sve2_shared
0x00400be0:  6ebe8738  sub      v24.4s, v25.4s, v30.4s

Trace 0: 0x7fcf70143800 [80081009311/0000000000400be0/00000001/00000201] dynopt_dct16_sve2_shared
----------------
IN: dynopt_dct16_sve2_shared
0x00400be4:  4ebb87ff  add      v31.4s, v31.4s, v27.4s

Trace 0: 0x7fcf70143940 [80081009311/0000000000400be4/00000001/00000201] dynopt_dct16_sve2_shared
----------------
IN: dynopt_dct16_sve2_shared
0x00400be8:  4ebe873e  add      v30.4s, v25.4s, v30.4s

Trace 0: 0x7fcf70143a80 [80081009311/0000000000400be8/00000001/00000201] dynopt_dct16_sve2_shared
----------------
IN: dynopt_dct16_sve2_shared
0x00400bec:  ac816097  stp      q23, q24, [x4], #0x20

Trace 0: 0x7fcf70143bc0 [80081009311/0000000000400bec/00000001/00000201] dynopt_dct16_sve2_shared
----------------
IN: dynopt_dct16_sve2_shared
0x00400bf0:  4ede3bfb  zip1     v27.2d, v31.2d, v30.2d

Trace 0: 0x7fcf70143d40 [80081009311/0000000000400bf0/00000001/00000201] dynopt_dct16_sve2_shared
----------------
IN: dynopt_dct16_sve2_shared
0x00400bf4:  4ede7bff  zip2     v31.2d, v31.2d, v30.2d

Trace 0: 0x7fcf70143e80 [80081009311/0000000000400bf4/00000001/00000201] dynopt_dct16_sve2_shared
----------------
IN: dynopt_dct16_sve2_shared
0x00400bf8:  4ea00bff  rev64    v31.4s, v31.4s

Trace 0: 0x7fcf70143fc0 [80081009311/0000000000400bf8/00000001/00000201] dynopt_dct16_sve2_shared
----------------
IN: dynopt_dct16_sve2_shared
0x00400bfc:  4ebb87fe  add      v30.4s, v31.4s, v27.4s

Trace 0: 0x7fcf70144100 [80081009311/0000000000400bfc/00000001/00000201] dynopt_dct16_sve2_shared
----------------
IN: dynopt_dct16_sve2_shared
0x00400c00:  6ebf877b  sub      v27.4s, v27.4s, v31.4s

Trace 0: 0x7fcf70144240 [80081009311/0000000000400c00/00000001/00000201] dynopt_dct16_sve2_shared
----------------
IN: dynopt_dct16_sve2_shared
0x00400c04:  3ca068fe  str      q30, [x7, x0]

Trace 0: 0x7fcf70144380 [80081009311/0000000000400c04/00000001/00000201] dynopt_dct16_sve2_shared
----------------
IN: dynopt_dct16_sve2_shared
0x00400c08:  3ca068db  str      q27, [x6, x0]

Trace 0: 0x7fcf701444c0 [80081009311/0000000000400c08/00000001/00000201] dynopt_dct16_sve2_shared
----------------
IN: dynopt_dct16_sve2_shared
0x00400c0c:  7100405f  cmp      w2, #0x10

Trace 0: 0x7fcf70144600 [80081009311/0000000000400c0c/00000001/00000201] dynopt_dct16_sve2_shared
----------------
IN: dynopt_dct16_sve2_shared
0x00400c10:  54fffc01  b.ne     #0x400b90

Trace 0: 0x7fcf70144740 [80081009311/0000000000400c10/00000001/00000201] dynopt_dct16_sve2_shared
Trace 0: 0x7fcf70141d40 [80081009311/0000000000400b90/00000001/00000201] dynopt_dct16_sve2_shared
Trace 0: 0x7fcf70141e80 [80081009311/0000000000400b94/00000001/00000201] dynopt_dct16_sve2_shared
Trace 0: 0x7fcf70142000 [80081009311/0000000000400b98/00000001/00000201] dynopt_dct16_sve2_shared
Trace 0: 0x7fcf70142140 [80081009311/0000000000400b9c/00000001/00000201] dynopt_dct16_sve2_shared
Trace 0: 0x7fcf701422c0 [80081009311/0000000000400ba0/00000001/00000201] dynopt_dct16_sve2_shared
Trace 0: 0x7fcf70142400 [80081009311/0000000000400ba4/00000001/00000201] dynopt_dct16_sve2_shared
Trace 0: 0x7fcf70142540 [80081009311/0000000000400ba8/00000001/00000201] dynopt_dct16_sve2_shared
Trace 0: 0x7fcf70142680 [80081009311/0000000000400bac/00000001/00000201] dynopt_dct16_sve2_shared
Trace 0: 0x7fcf701427c0 [80081009311/0000000000400bb0/00000001/00000201] dynopt_dct16_sve2_shared
Trace 0: 0x7fcf70142940 [80081009311/0000000000400bb4/00000001/00000201] dynopt_dct16_sve2_shared
Trace 0: 0x7fcf70142ac0 [80081009311/0000000000400bb8/00000001/00000201] dynopt_dct16_sve2_shared
Trace 0: 0x7fcf70142c40 [80081009311/0000000000400bbc/00000001/00000201] dynopt_dct16_sve2_shared
Trace 0: 0x7fcf70142dc0 [80081009311/0000000000400bc0/00000001/00000201] dynopt_dct16_sve2_shared
Trace 0: 0x7fcf70142f00 [80081009311/0000000000400bc4/00000001/00000201] dynopt_dct16_sve2_shared
Trace 0: 0x7fcf70143040 [80081009311/0000000000400bc8/00000001/00000201] dynopt_dct16_sve2_shared
Trace 0: 0x7fcf70143180 [80081009311/0000000000400bcc/00000001/00000201] dynopt_dct16_sve2_shared
Trace 0: 0x7fcf701432c0 [80081009311/0000000000400bd0/00000001/00000201] dynopt_dct16_sve2_shared
Trace 0: 0x7fcf70143440 [80081009311/0000000000400bd4/00000001/00000201] dynopt_dct16_sve2_shared
Trace 0: 0x7fcf70143580 [80081009311/0000000000400bd8/00000001/00000201] dynopt_dct16_sve2_shared
Trace 0: 0x7fcf701436c0 [80081009311/0000000000400bdc/00000001/00000201] dynopt_dct16_sve2_shared
Trace 0: 0x7fcf70143800 [80081009311/0000000000400be0/00000001/00000201] dynopt_dct16_sve2_shared
Trace 0: 0x7fcf70143940 [80081009311/0000000000400be4/00000001/00000201] dynopt_dct16_sve2_shared
Trace 0: 0x7fcf70143a80 [80081009311/0000000000400be8/00000001/00000201] dynopt_dct16_sve2_shared
Trace 0: 0x7fcf70143bc0 [80081009311/0000000000400bec/00000001/00000201] dynopt_dct16_sve2_shared
Trace 0: 0x7fcf70143d40 [80081009311/0000000000400bf0/00000001/00000201] dynopt_dct16_sve2_shared
Trace 0: 0x7fcf70143e80 [80081009311/0000000000400bf4/00000001/00000201] dynopt_dct16_sve2_shared
Trace 0: 0x7fcf70143fc0 [80081009311/0000000000400bf8/00000001/00000201] dynopt_dct16_sve2_shared
Trace 0: 0x7fcf70144100 [80081009311/0000000000400bfc/00000001/00000201] dynopt_dct16_sve2_shared
Trace 0: 0x7fcf70144240 [80081009311/0000000000400c00/00000001/00000201] dynopt_dct16_sve2_shared
Trace 0: 0x7fcf70144380 [80081009311/0000000000400c04/00000001/00000201] dynopt_dct16_sve2_shared
Trace 0: 0x7fcf701444c0 [80081009311/0000000000400c08/00000001/00000201] dynopt_dct16_sve2_shared
Trace 0: 0x7fcf70144600 [80081009311/0000000000400c0c/00000001/00000201] dynopt_dct16_sve2_shared
Trace 0: 0x7fcf70144740 [80081009311/0000000000400c10/00000001/00000201] dynopt_dct16_sve2_shared
Trace 0: 0x7fcf70141d40 [80081009311/0000000000400b90/00000001/00000201] dynopt_dct16_sve2_shared
Trace 0: 0x7fcf70141e80 [80081009311/0000000000400b94/00000001/00000201] dynopt_dct16_sve2_shared
Trace 0: 0x7fcf70142000 [80081009311/0000000000400b98/00000001/00000201] dynopt_dct16_sve2_shared
Trace 0: 0x7fcf70142140 [80081009311/0000000000400b9c/00000001/00000201] dynopt_dct16_sve2_shared
Trace 0: 0x7fcf701422c0 [80081009311/0000000000400ba0/00000001/00000201] dynopt_dct16_sve2_shared
Trace 0: 0x7fcf70142400 [80081009311/0000000000400ba4/00000001/00000201] dynopt_dct16_sve2_shared
Trace 0: 0x7fcf70142540 [80081009311/0000000000400ba8/00000001/00000201] dynopt_dct16_sve2_shared
Trace 0: 0x7fcf70142680 [80081009311/0000000000400bac/00000001/00000201] dynopt_dct16_sve2_shared
Trace 0: 0x7fcf701427c0 [80081009311/0000000000400bb0/00000001/00000201] dynopt_dct16_sve2_shared
Trace 0: 0x7fcf70142940 [80081009311/0000000000400bb4/00000001/00000201] dynopt_dct16_sve2_shared
Trace 0: 0x7fcf70142ac0 [80081009311/0000000000400bb8/00000001/00000201] dynopt_dct16_sve2_shared
Trace 0: 0x7fcf70142c40 [80081009311/0000000000400bbc/00000001/00000201] dynopt_dct16_sve2_shared
Trace 0: 0x7fcf70142dc0 [80081009311/0000000000400bc0/00000001/00000201] dynopt_dct16_sve2_shared
Trace 0: 0x7fcf70142f00 [80081009311/0000000000400bc4/00000001/00000201] dynopt_dct16_sve2_shared
Trace 0: 0x7fcf70143040 [80081009311/0000000000400bc8/00000001/00000201] dynopt_dct16_sve2_shared
Trace 0: 0x7fcf70143180 [80081009311/0000000000400bcc/00000001/00000201] dynopt_dct16_sve2_shared
Trace 0: 0x7fcf701432c0 [80081009311/0000000000400bd0/00000001/00000201] dynopt_dct16_sve2_shared
Trace 0: 0x7fcf70143440 [80081009311/0000000000400bd4/00000001/00000201] dynopt_dct16_sve2_shared
Trace 0: 0x7fcf70143580 [80081009311/0000000000400bd8/00000001/00000201] dynopt_dct16_sve2_shared
Trace 0: 0x7fcf701436c0 [80081009311/0000000000400bdc/00000001/00000201] dynopt_dct16_sve2_shared
Trace 0: 0x7fcf70143800 [80081009311/0000000000400be0/00000001/00000201] dynopt_dct16_sve2_shared
Trace 0: 0x7fcf70143940 [80081009311/0000000000400be4/00000001/00000201] dynopt_dct16_sve2_shared
Trace 0: 0x7fcf70143a80 [80081009311/0000000000400be8/00000001/00000201] dynopt_dct16_sve2_shared
Trace 0: 0x7fcf70143bc0 [80081009311/0000000000400bec/00000001/00000201] dynopt_dct16_sve2_shared
Trace 0: 0x7fcf70143d40 [80081009311/0000000000400bf0/00000001/00000201] dynopt_dct16_sve2_shared
Trace 0: 0x7fcf70143e80 [80081009311/0000000000400bf4/00000001/00000201] dynopt_dct16_sve2_shared
Trace 0: 0x7fcf70143fc0 [80081009311/0000000000400bf8/00000001/00000201] dynopt_dct16_sve2_shared
Trace 0: 0x7fcf70144100 [80081009311/0000000000400bfc/00000001/00000201] dynopt_dct16_sve2_shared
Trace 0: 0x7fcf70144240 [80081009311/0000000000400c00/00000001/00000201] dynopt_dct16_sve2_shared
Trace 0: 0x7fcf70144380 [80081009311/0000000000400c04/00000001/00000201] dynopt_dct16_sve2_shared
Trace 0: 0x7fcf701444c0 [80081009311/0000000000400c08/00000001/00000201] dynopt_dct16_sve2_shared
Trace 0: 0x7fcf70144600 [80081009311/0000000000400c0c/00000001/00000201] dynopt_dct16_sve2_shared
Trace 0: 0x7fcf70144740 [80081009311/0000000000400c10/00000001/00000201] dynopt_dct16_sve2_shared
Trace 0: 0x7fcf70141d40 [80081009311/0000000000400b90/00000001/00000201] dynopt_dct16_sve2_shared
Trace 0: 0x7fcf70141e80 [80081009311/0000000000400b94/00000001/00000201] dynopt_dct16_sve2_shared
Trace 0: 0x7fcf70142000 [80081009311/0000000000400b98/00000001/00000201] dynopt_dct16_sve2_shared
Trace 0: 0x7fcf70142140 [80081009311/0000000000400b9c/00000001/00000201] dynopt_dct16_sve2_shared
Trace 0: 0x7fcf701422c0 [80081009311/0000000000400ba0/00000001/00000201] dynopt_dct16_sve2_shared
Trace 0: 0x7fcf70142400 [80081009311/0000000000400ba4/00000001/00000201] dynopt_dct16_sve2_shared
Trace 0: 0x7fcf70142540 [80081009311/0000000000400ba8/00000001/00000201] dynopt_dct16_sve2_shared
Trace 0: 0x7fcf70142680 [80081009311/0000000000400bac/00000001/00000201] dynopt_dct16_sve2_shared
Trace 0: 0x7fcf701427c0 [80081009311/0000000000400bb0/00000001/00000201] dynopt_dct16_sve2_shared
Trace 0: 0x7fcf70142940 [80081009311/0000000000400bb4/00000001/00000201] dynopt_dct16_sve2_shared
Trace 0: 0x7fcf70142ac0 [80081009311/0000000000400bb8/00000001/00000201] dynopt_dct16_sve2_shared
Trace 0: 0x7fcf70142c40 [80081009311/0000000000400bbc/00000001/00000201] dynopt_dct16_sve2_shared
Trace 0: 0x7fcf70142dc0 [80081009311/0000000000400bc0/00000001/00000201] dynopt_dct16_sve2_shared
Trace 0: 0x7fcf70142f00 [80081009311/0000000000400bc4/00000001/00000201] dynopt_dct16_sve2_shared
Trace 0: 0x7fcf70143040 [80081009311/0000000000400bc8/00000001/00000201] dynopt_dct16_sve2_shared
Trace 0: 0x7fcf70143180 [80081009311/0000000000400bcc/00000001/00000201] dynopt_dct16_sve2_shared
Trace 0: 0x7fcf701432c0 [80081009311/0000000000400bd0/00000001/00000201] dynopt_dct16_sve2_shared
Trace 0: 0x7fcf70143440 [80081009311/0000000000400bd4/00000001/00000201] dynopt_dct16_sve2_shared
Trace 0: 0x7fcf70143580 [80081009311/0000000000400bd8/00000001/00000201] dynopt_dct16_sve2_shared
Trace 0: 0x7fcf701436c0 [80081009311/0000000000400bdc/00000001/00000201] dynopt_dct16_sve2_shared
Trace 0: 0x7fcf70143800 [80081009311/0000000000400be0/00000001/00000201] dynopt_dct16_sve2_shared
Trace 0: 0x7fcf70143940 [80081009311/0000000000400be4/00000001/00000201] dynopt_dct16_sve2_shared
Trace 0: 0x7fcf70143a80 [80081009311/0000000000400be8/00000001/00000201] dynopt_dct16_sve2_shared
Trace 0: 0x7fcf70143bc0 [80081009311/0000000000400bec/00000001/00000201] dynopt_dct16_sve2_shared
Trace 0: 0x7fcf70143d40 [80081009311/0000000000400bf0/00000001/00000201] dynopt_dct16_sve2_shared
Trace 0: 0x7fcf70143e80 [80081009311/0000000000400bf4/00000001/00000201] dynopt_dct16_sve2_shared
Trace 0: 0x7fcf70143fc0 [80081009311/0000000000400bf8/00000001/00000201] dynopt_dct16_sve2_shared
Trace 0: 0x7fcf70144100 [80081009311/0000000000400bfc/00000001/00000201] dynopt_dct16_sve2_shared
Trace 0: 0x7fcf70144240 [80081009311/0000000000400c00/00000001/00000201] dynopt_dct16_sve2_shared
Trace 0: 0x7fcf70144380 [80081009311/0000000000400c04/00000001/00000201] dynopt_dct16_sve2_shared
Trace 0: 0x7fcf701444c0 [80081009311/0000000000400c08/00000001/00000201] dynopt_dct16_sve2_shared
Trace 0: 0x7fcf70144600 [80081009311/0000000000400c0c/00000001/00000201] dynopt_dct16_sve2_shared
Trace 0: 0x7fcf70144740 [80081009311/0000000000400c10/00000001/00000201] dynopt_dct16_sve2_shared
Trace 0: 0x7fcf70141d40 [80081009311/0000000000400b90/00000001/00000201] dynopt_dct16_sve2_shared
Trace 0: 0x7fcf70141e80 [80081009311/0000000000400b94/00000001/00000201] dynopt_dct16_sve2_shared
Trace 0: 0x7fcf70142000 [80081009311/0000000000400b98/00000001/00000201] dynopt_dct16_sve2_shared
Trace 0: 0x7fcf70142140 [80081009311/0000000000400b9c/00000001/00000201] dynopt_dct16_sve2_shared
Trace 0: 0x7fcf701422c0 [80081009311/0000000000400ba0/00000001/00000201] dynopt_dct16_sve2_shared
Trace 0: 0x7fcf70142400 [80081009311/0000000000400ba4/00000001/00000201] dynopt_dct16_sve2_shared
Trace 0: 0x7fcf70142540 [80081009311/0000000000400ba8/00000001/00000201] dynopt_dct16_sve2_shared
Trace 0: 0x7fcf70142680 [80081009311/0000000000400bac/00000001/00000201] dynopt_dct16_sve2_shared
Trace 0: 0x7fcf701427c0 [80081009311/0000000000400bb0/00000001/00000201] dynopt_dct16_sve2_shared
Trace 0: 0x7fcf70142940 [80081009311/0000000000400bb4/00000001/00000201] dynopt_dct16_sve2_shared
Trace 0: 0x7fcf70142ac0 [80081009311/0000000000400bb8/00000001/00000201] dynopt_dct16_sve2_shared
Trace 0: 0x7fcf70142c40 [80081009311/0000000000400bbc/00000001/00000201] dynopt_dct16_sve2_shared
Trace 0: 0x7fcf70142dc0 [80081009311/0000000000400bc0/00000001/00000201] dynopt_dct16_sve2_shared
Trace 0: 0x7fcf70142f00 [80081009311/0000000000400bc4/00000001/00000201] dynopt_dct16_sve2_shared
Trace 0: 0x7fcf70143040 [80081009311/0000000000400bc8/00000001/00000201] dynopt_dct16_sve2_shared
Trace 0: 0x7fcf70143180 [80081009311/0000000000400bcc/00000001/00000201] dynopt_dct16_sve2_shared
Trace 0: 0x7fcf701432c0 [80081009311/0000000000400bd0/00000001/00000201] dynopt_dct16_sve2_shared
Trace 0: 0x7fcf70143440 [80081009311/0000000000400bd4/00000001/00000201] dynopt_dct16_sve2_shared
Trace 0: 0x7fcf70143580 [80081009311/0000000000400bd8/00000001/00000201] dynopt_dct16_sve2_shared
Trace 0: 0x7fcf701436c0 [80081009311/0000000000400bdc/00000001/00000201] dynopt_dct16_sve2_shared
Trace 0: 0x7fcf70143800 [80081009311/0000000000400be0/00000001/00000201] dynopt_dct16_sve2_shared
Trace 0: 0x7fcf70143940 [80081009311/0000000000400be4/00000001/00000201] dynopt_dct16_sve2_shared
Trace 0: 0x7fcf70143a80 [80081009311/0000000000400be8/00000001/00000201] dynopt_dct16_sve2_shared
Trace 0: 0x7fcf70143bc0 [80081009311/0000000000400bec/00000001/00000201] dynopt_dct16_sve2_shared
Trace 0: 0x7fcf70143d40 [80081009311/0000000000400bf0/00000001/00000201] dynopt_dct16_sve2_shared
Trace 0: 0x7fcf70143e80 [80081009311/0000000000400bf4/00000001/00000201] dynopt_dct16_sve2_shared
Trace 0: 0x7fcf70143fc0 [80081009311/0000000000400bf8/00000001/00000201] dynopt_dct16_sve2_shared
Trace 0: 0x7fcf70144100 [80081009311/0000000000400bfc/00000001/00000201] dynopt_dct16_sve2_shared
Trace 0: 0x7fcf70144240 [80081009311/0000000000400c00/00000001/00000201] dynopt_dct16_sve2_shared
Trace 0: 0x7fcf70144380 [80081009311/0000000000400c04/00000001/00000201] dynopt_dct16_sve2_shared
Trace 0: 0x7fcf701444c0 [80081009311/0000000000400c08/00000001/00000201] dynopt_dct16_sve2_shared
Trace 0: 0x7fcf70144600 [80081009311/0000000000400c0c/00000001/00000201] dynopt_dct16_sve2_shared
Trace 0: 0x7fcf70144740 [80081009311/0000000000400c10/00000001/00000201] dynopt_dct16_sve2_shared
Trace 0: 0x7fcf70141d40 [80081009311/0000000000400b90/00000001/00000201] dynopt_dct16_sve2_shared
Trace 0: 0x7fcf70141e80 [80081009311/0000000000400b94/00000001/00000201] dynopt_dct16_sve2_shared
Trace 0: 0x7fcf70142000 [80081009311/0000000000400b98/00000001/00000201] dynopt_dct16_sve2_shared
Trace 0: 0x7fcf70142140 [80081009311/0000000000400b9c/00000001/00000201] dynopt_dct16_sve2_shared
Trace 0: 0x7fcf701422c0 [80081009311/0000000000400ba0/00000001/00000201] dynopt_dct16_sve2_shared
Trace 0: 0x7fcf70142400 [80081009311/0000000000400ba4/00000001/00000201] dynopt_dct16_sve2_shared
Trace 0: 0x7fcf70142540 [80081009311/0000000000400ba8/00000001/00000201] dynopt_dct16_sve2_shared
Trace 0: 0x7fcf70142680 [80081009311/0000000000400bac/00000001/00000201] dynopt_dct16_sve2_shared
Trace 0: 0x7fcf701427c0 [80081009311/0000000000400bb0/00000001/00000201] dynopt_dct16_sve2_shared
Trace 0: 0x7fcf70142940 [80081009311/0000000000400bb4/00000001/00000201] dynopt_dct16_sve2_shared
Trace 0: 0x7fcf70142ac0 [80081009311/0000000000400bb8/00000001/00000201] dynopt_dct16_sve2_shared
Trace 0: 0x7fcf70142c40 [80081009311/0000000000400bbc/00000001/00000201] dynopt_dct16_sve2_shared
Trace 0: 0x7fcf70142dc0 [80081009311/0000000000400bc0/00000001/00000201] dynopt_dct16_sve2_shared
Trace 0: 0x7fcf70142f00 [80081009311/0000000000400bc4/00000001/00000201] dynopt_dct16_sve2_shared
Trace 0: 0x7fcf70143040 [80081009311/0000000000400bc8/00000001/00000201] dynopt_dct16_sve2_shared
Trace 0: 0x7fcf70143180 [80081009311/0000000000400bcc/00000001/00000201] dynopt_dct16_sve2_shared
Trace 0: 0x7fcf701432c0 [80081009311/0000000000400bd0/00000001/00000201] dynopt_dct16_sve2_shared
Trace 0: 0x7fcf70143440 [80081009311/0000000000400bd4/00000001/00000201] dynopt_dct16_sve2_shared
Trace 0: 0x7fcf70143580 [80081009311/0000000000400bd8/00000001/00000201] dynopt_dct16_sve2_shared
Trace 0: 0x7fcf701436c0 [80081009311/0000000000400bdc/00000001/00000201] dynopt_dct16_sve2_shared
Trace 0: 0x7fcf70143800 [80081009311/0000000000400be0/00000001/00000201] dynopt_dct16_sve2_shared
Trace 0: 0x7fcf70143940 [80081009311/0000000000400be4/00000001/00000201] dynopt_dct16_sve2_shared
Trace 0: 0x7fcf70143a80 [80081009311/0000000000400be8/00000001/00000201] dynopt_dct16_sve2_shared
Trace 0: 0x7fcf70143bc0 [80081009311/0000000000400bec/00000001/00000201] dynopt_dct16_sve2_shared
Trace 0: 0x7fcf70143d40 [80081009311/0000000000400bf0/00000001/00000201] dynopt_dct16_sve2_shared
Trace 0: 0x7fcf70143e80 [80081009311/0000000000400bf4/00000001/00000201] dynopt_dct16_sve2_shared
Trace 0: 0x7fcf70143fc0 [80081009311/0000000000400bf8/00000001/00000201] dynopt_dct16_sve2_shared
Trace 0: 0x7fcf70144100 [80081009311/0000000000400bfc/00000001/00000201] dynopt_dct16_sve2_shared
Trace 0: 0x7fcf70144240 [80081009311/0000000000400c00/00000001/00000201] dynopt_dct16_sve2_shared
Trace 0: 0x7fcf70144380 [80081009311/0000000000400c04/00000001/00000201] dynopt_dct16_sve2_shared
Trace 0: 0x7fcf701444c0 [80081009311/0000000000400c08/00000001/00000201] dynopt_dct16_sve2_shared
Trace 0: 0x7fcf70144600 [80081009311/0000000000400c0c/00000001/00000201] dynopt_dct16_sve2_shared
Trace 0: 0x7fcf70144740 [80081009311/0000000000400c10/00000001/00000201] dynopt_dct16_sve2_shared
Trace 0: 0x7fcf70141d40 [80081009311/0000000000400b90/00000001/00000201] dynopt_dct16_sve2_shared
Trace 0: 0x7fcf70141e80 [80081009311/0000000000400b94/00000001/00000201] dynopt_dct16_sve2_shared
Trace 0: 0x7fcf70142000 [80081009311/0000000000400b98/00000001/00000201] dynopt_dct16_sve2_shared
Trace 0: 0x7fcf70142140 [80081009311/0000000000400b9c/00000001/00000201] dynopt_dct16_sve2_shared
Trace 0: 0x7fcf701422c0 [80081009311/0000000000400ba0/00000001/00000201] dynopt_dct16_sve2_shared
Trace 0: 0x7fcf70142400 [80081009311/0000000000400ba4/00000001/00000201] dynopt_dct16_sve2_shared
Trace 0: 0x7fcf70142540 [80081009311/0000000000400ba8/00000001/00000201] dynopt_dct16_sve2_shared
Trace 0: 0x7fcf70142680 [80081009311/0000000000400bac/00000001/00000201] dynopt_dct16_sve2_shared
Trace 0: 0x7fcf701427c0 [80081009311/0000000000400bb0/00000001/00000201] dynopt_dct16_sve2_shared
Trace 0: 0x7fcf70142940 [80081009311/0000000000400bb4/00000001/00000201] dynopt_dct16_sve2_shared
Trace 0: 0x7fcf70142ac0 [80081009311/0000000000400bb8/00000001/00000201] dynopt_dct16_sve2_shared
Trace 0: 0x7fcf70142c40 [80081009311/0000000000400bbc/00000001/00000201] dynopt_dct16_sve2_shared
Trace 0: 0x7fcf70142dc0 [80081009311/0000000000400bc0/00000001/00000201] dynopt_dct16_sve2_shared
Trace 0: 0x7fcf70142f00 [80081009311/0000000000400bc4/00000001/00000201] dynopt_dct16_sve2_shared
Trace 0: 0x7fcf70143040 [80081009311/0000000000400bc8/00000001/00000201] dynopt_dct16_sve2_shared
Trace 0: 0x7fcf70143180 [80081009311/0000000000400bcc/00000001/00000201] dynopt_dct16_sve2_shared
Trace 0: 0x7fcf701432c0 [80081009311/0000000000400bd0/00000001/00000201] dynopt_dct16_sve2_shared
Trace 0: 0x7fcf70143440 [80081009311/0000000000400bd4/00000001/00000201] dynopt_dct16_sve2_shared
Trace 0: 0x7fcf70143580 [80081009311/0000000000400bd8/00000001/00000201] dynopt_dct16_sve2_shared
Trace 0: 0x7fcf701436c0 [80081009311/0000000000400bdc/00000001/00000201] dynopt_dct16_sve2_shared
Trace 0: 0x7fcf70143800 [80081009311/0000000000400be0/00000001/00000201] dynopt_dct16_sve2_shared
Trace 0: 0x7fcf70143940 [80081009311/0000000000400be4/00000001/00000201] dynopt_dct16_sve2_shared
Trace 0: 0x7fcf70143a80 [80081009311/0000000000400be8/00000001/00000201] dynopt_dct16_sve2_shared
Trace 0: 0x7fcf70143bc0 [80081009311/0000000000400bec/00000001/00000201] dynopt_dct16_sve2_shared
Trace 0: 0x7fcf70143d40 [80081009311/0000000000400bf0/00000001/00000201] dynopt_dct16_sve2_shared
Trace 0: 0x7fcf70143e80 [80081009311/0000000000400bf4/00000001/00000201] dynopt_dct16_sve2_shared
Trace 0: 0x7fcf70143fc0 [80081009311/0000000000400bf8/00000001/00000201] dynopt_dct16_sve2_shared
Trace 0: 0x7fcf70144100 [80081009311/0000000000400bfc/00000001/00000201] dynopt_dct16_sve2_shared
Trace 0: 0x7fcf70144240 [80081009311/0000000000400c00/00000001/00000201] dynopt_dct16_sve2_shared
Trace 0: 0x7fcf70144380 [80081009311/0000000000400c04/00000001/00000201] dynopt_dct16_sve2_shared
Trace 0: 0x7fcf701444c0 [80081009311/0000000000400c08/00000001/00000201] dynopt_dct16_sve2_shared
Trace 0: 0x7fcf70144600 [80081009311/0000000000400c0c/00000001/00000201] dynopt_dct16_sve2_shared
Trace 0: 0x7fcf70144740 [80081009311/0000000000400c10/00000001/00000201] dynopt_dct16_sve2_shared
Trace 0: 0x7fcf70141d40 [80081009311/0000000000400b90/00000001/00000201] dynopt_dct16_sve2_shared
Trace 0: 0x7fcf70141e80 [80081009311/0000000000400b94/00000001/00000201] dynopt_dct16_sve2_shared
Trace 0: 0x7fcf70142000 [80081009311/0000000000400b98/00000001/00000201] dynopt_dct16_sve2_shared
Trace 0: 0x7fcf70142140 [80081009311/0000000000400b9c/00000001/00000201] dynopt_dct16_sve2_shared
Trace 0: 0x7fcf701422c0 [80081009311/0000000000400ba0/00000001/00000201] dynopt_dct16_sve2_shared
Trace 0: 0x7fcf70142400 [80081009311/0000000000400ba4/00000001/00000201] dynopt_dct16_sve2_shared
Trace 0: 0x7fcf70142540 [80081009311/0000000000400ba8/00000001/00000201] dynopt_dct16_sve2_shared
Trace 0: 0x7fcf70142680 [80081009311/0000000000400bac/00000001/00000201] dynopt_dct16_sve2_shared
Trace 0: 0x7fcf701427c0 [80081009311/0000000000400bb0/00000001/00000201] dynopt_dct16_sve2_shared
Trace 0: 0x7fcf70142940 [80081009311/0000000000400bb4/00000001/00000201] dynopt_dct16_sve2_shared
Trace 0: 0x7fcf70142ac0 [80081009311/0000000000400bb8/00000001/00000201] dynopt_dct16_sve2_shared
Trace 0: 0x7fcf70142c40 [80081009311/0000000000400bbc/00000001/00000201] dynopt_dct16_sve2_shared
Trace 0: 0x7fcf70142dc0 [80081009311/0000000000400bc0/00000001/00000201] dynopt_dct16_sve2_shared
Trace 0: 0x7fcf70142f00 [80081009311/0000000000400bc4/00000001/00000201] dynopt_dct16_sve2_shared
Trace 0: 0x7fcf70143040 [80081009311/0000000000400bc8/00000001/00000201] dynopt_dct16_sve2_shared
Trace 0: 0x7fcf70143180 [80081009311/0000000000400bcc/00000001/00000201] dynopt_dct16_sve2_shared
Trace 0: 0x7fcf701432c0 [80081009311/0000000000400bd0/00000001/00000201] dynopt_dct16_sve2_shared
Trace 0: 0x7fcf70143440 [80081009311/0000000000400bd4/00000001/00000201] dynopt_dct16_sve2_shared
Trace 0: 0x7fcf70143580 [80081009311/0000000000400bd8/00000001/00000201] dynopt_dct16_sve2_shared
Trace 0: 0x7fcf701436c0 [80081009311/0000000000400bdc/00000001/00000201] dynopt_dct16_sve2_shared
Trace 0: 0x7fcf70143800 [80081009311/0000000000400be0/00000001/00000201] dynopt_dct16_sve2_shared
Trace 0: 0x7fcf70143940 [80081009311/0000000000400be4/00000001/00000201] dynopt_dct16_sve2_shared
Trace 0: 0x7fcf70143a80 [80081009311/0000000000400be8/00000001/00000201] dynopt_dct16_sve2_shared
Trace 0: 0x7fcf70143bc0 [80081009311/0000000000400bec/00000001/00000201] dynopt_dct16_sve2_shared
Trace 0: 0x7fcf70143d40 [80081009311/0000000000400bf0/00000001/00000201] dynopt_dct16_sve2_shared
Trace 0: 0x7fcf70143e80 [80081009311/0000000000400bf4/00000001/00000201] dynopt_dct16_sve2_shared
Trace 0: 0x7fcf70143fc0 [80081009311/0000000000400bf8/00000001/00000201] dynopt_dct16_sve2_shared
Trace 0: 0x7fcf70144100 [80081009311/0000000000400bfc/00000001/00000201] dynopt_dct16_sve2_shared
Trace 0: 0x7fcf70144240 [80081009311/0000000000400c00/00000001/00000201] dynopt_dct16_sve2_shared
Trace 0: 0x7fcf70144380 [80081009311/0000000000400c04/00000001/00000201] dynopt_dct16_sve2_shared
Trace 0: 0x7fcf701444c0 [80081009311/0000000000400c08/00000001/00000201] dynopt_dct16_sve2_shared
Trace 0: 0x7fcf70144600 [80081009311/0000000000400c0c/00000001/00000201] dynopt_dct16_sve2_shared
Trace 0: 0x7fcf70144740 [80081009311/0000000000400c10/00000001/00000201] dynopt_dct16_sve2_shared
----------------
IN: dynopt_dct16_sve2_shared
0x00400c14:  ad495fef  ldp      q15, q23, [sp, #0x120]

Trace 0: 0x7fcf70144880 [80081009311/0000000000400c14/00000001/00000201] dynopt_dct16_sve2_shared
----------------
IN: dynopt_dct16_sve2_shared
0x00400c18:  047732f1  mov      z17.d, z23.d

Trace 0: 0x7fcf70144a00 [80081009311/0000000000400c18/00000001/00000201] dynopt_dct16_sve2_shared
----------------
IN: dynopt_dct16_sve2_shared
0x00400c1c:  046f31f0  mov      z16.d, z15.d

Trace 0: 0x7fcf70144b40 [80081009311/0000000000400c1c/00000001/00000201] dynopt_dct16_sve2_shared
----------------
IN: dynopt_dct16_sve2_shared
0x00400c20:  9123c123  add      x3, x9, #0x8f0

Trace 0: 0x7fcf70144c80 [80081009311/0000000000400c20/00000001/00000201] dynopt_dct16_sve2_shared
----------------
IN: dynopt_dct16_sve2_shared
0x00400c24:  2518e3e7  ptrue    p7.b

Trace 0: 0x7fcf70144dc0 [80081009311/0000000000400c24/00000001/00000201] dynopt_dct16_sve2_shared
----------------
IN: dynopt_dct16_sve2_shared
0x00400c28:  ad4a7ff2  ldp      q18, q31, [sp, #0x140]

Trace 0: 0x7fcf70144f00 [80081009311/0000000000400c28/00000001/00000201] dynopt_dct16_sve2_shared
----------------
IN: dynopt_dct16_sve2_shared
0x00400c2c:  91008026  add      x6, x1, #0x20

Trace 0: 0x7fcf70145080 [80081009311/0000000000400c2c/00000001/00000201] dynopt_dct16_sve2_shared
----------------
IN: dynopt_dct16_sve2_shared
0x00400c30:  ad4b17e4  ldp      q4, q5, [sp, #0x160]

Trace 0: 0x7fcf701451c0 [80081009311/0000000000400c30/00000001/00000201] dynopt_dct16_sve2_shared
----------------
IN: dynopt_dct16_sve2_shared
0x00400c34:  057d2a17  tbl      z23.h, {z16.h, z17.h}, z29.h

Trace 0: 0x7fcf70145340 [80081009311/0000000000400c34/00000001/00000201] dynopt_dct16_sve2_shared
----------------
IN: dynopt_dct16_sve2_shared
0x00400c38:  047f33f1  mov      z17.d, z31.d

Trace 0: 0x7fcf70145480 [80081009311/0000000000400c38/00000001/00000201] dynopt_dct16_sve2_shared
----------------
IN: dynopt_dct16_sve2_shared
0x00400c3c:  91020065  add      x5, x3, #0x80

Trace 0: 0x7fcf701455c0 [80081009311/0000000000400c3c/00000001/00000201] dynopt_dct16_sve2_shared
----------------
IN: dynopt_dct16_sve2_shared
0x00400c40:  04723250  mov      z16.d, z18.d

Trace 0: 0x7fcf70145700 [80081009311/0000000000400c40/00000001/00000201] dynopt_dct16_sve2_shared
----------------
IN: dynopt_dct16_sve2_shared
0x00400c44:  ad4c1fe6  ldp      q6, q7, [sp, #0x180]

Trace 0: 0x7fcf70145840 [80081009311/0000000000400c44/00000001/00000201] dynopt_dct16_sve2_shared
----------------
IN: dynopt_dct16_sve2_shared
0x00400c48:  057d2a1f  tbl      z31.h, {z16.h, z17.h}, z29.h

Trace 0: 0x7fcf701459c0 [80081009311/0000000000400c48/00000001/00000201] dynopt_dct16_sve2_shared
----------------
IN: dynopt_dct16_sve2_shared
0x00400c4c:  047f33f1  mov      z17.d, z31.d

Trace 0: 0x7fcf70145b00 [80081009311/0000000000400c4c/00000001/00000201] dynopt_dct16_sve2_shared
----------------
IN: dynopt_dct16_sve2_shared
0x00400c50:  910a0064  add      x4, x3, #0x280

Trace 0: 0x7fcf70145c40 [80081009311/0000000000400c50/00000001/00000201] dynopt_dct16_sve2_shared
----------------
IN: dynopt_dct16_sve2_shared
0x00400c54:  047732f0  mov      z16.d, z23.d

Trace 0: 0x7fcf70145d80 [80081009311/0000000000400c54/00000001/00000201] dynopt_dct16_sve2_shared
----------------
IN: dynopt_dct16_sve2_shared
0x00400c58:  057c2a03  tbl      z3.h, {z16.h, z17.h}, z28.h

Trace 0: 0x7fcf70145ec0 [80081009311/0000000000400c58/00000001/00000201] dynopt_dct16_sve2_shared
----------------
IN: dynopt_dct16_sve2_shared
0x00400c5c:  ad4d53f3  ldp      q19, q20, [sp, #0x1a0]

Trace 0: 0x7fcf70146000 [80081009311/0000000000400c5c/00000001/00000201] dynopt_dct16_sve2_shared
----------------
IN: dynopt_dct16_sve2_shared
0x00400c60:  057a2a10  tbl      z16.h, {z16.h, z17.h}, z26.h

Trace 0: 0x7fcf70146180 [80081009311/0000000000400c60/00000001/00000201] dynopt_dct16_sve2_shared
----------------
IN: dynopt_dct16_sve2_shared
0x00400c64:  2f00e411  movi     d17, #0000000000000000

Trace 0: 0x7fcf701462c0 [80081009311/0000000000400c64/00000001/00000201] dynopt_dct16_sve2_shared
----------------
IN: dynopt_dct16_sve2_shared
0x00400c68:  d2800000  mov      x0, #0

Trace 0: 0x7fcf70146400 [80081009311/0000000000400c68/00000001/00000201] dynopt_dct16_sve2_shared
----------------
IN: dynopt_dct16_sve2_shared
0x00400c6c:  ad4e5bf5  ldp      q21, q22, [sp, #0x1c0]

Trace 0: 0x7fcf70146540 [80081009311/0000000000400c6c/00000001/00000201] dynopt_dct16_sve2_shared
----------------
IN: dynopt_dct16_sve2_shared
0x00400c70:  ad4f67f8  ldp      q24, q25, [sp, #0x1e0]

Trace 0: 0x7fcf701466c0 [80081009311/0000000000400c70/00000001/00000201] dynopt_dct16_sve2_shared
----------------
IN: dynopt_dct16_sve2_shared
0x00400c74:  ad507bfb  ldp      q27, q30, [sp, #0x200]

Trace 0: 0x7fcf70146840 [80081009311/0000000000400c74/00000001/00000201] dynopt_dct16_sve2_shared
----------------
IN: dynopt_dct16_sve2_shared
0x00400c78:  d503201f  nop      

Trace 0: 0x7fcf701469c0 [80081009311/0000000000400c78/00000001/00000201] dynopt_dct16_sve2_shared
----------------
IN: dynopt_dct16_sve2_shared
0x00400c7c:  d503201f  nop      

Trace 0: 0x7fcf70146b00 [80081009311/0000000000400c7c/00000001/00000201] dynopt_dct16_sve2_shared
----------------
IN: dynopt_dct16_sve2_shared
0x00400c80:  d37ff802  lsl      x2, x0, #1

Trace 0: 0x7fcf70146c40 [80081009311/0000000000400c80/00000001/00000201] dynopt_dct16_sve2_shared
----------------
IN: dynopt_dct16_sve2_shared
0x00400c84:  a4a05cb7  ld1h     {z23.h}, p7/z, [x5, x0, lsl #1]

Trace 0: 0x7fcf70146d80 [80081009311/0000000000400c84/00000001/00000201] dynopt_dct16_sve2_shared
----------------
IN: dynopt_dct16_sve2_shared
0x00400c88:  a4a05c92  ld1h     {z18.h}, p7/z, [x4, x0, lsl #1]

Trace 0: 0x7fcf70146ec0 [80081009311/0000000000400c88/00000001/00000201] dynopt_dct16_sve2_shared
----------------
IN: dynopt_dct16_sve2_shared
0x00400c8c:  91008000  add      x0, x0, #0x20

Trace 0: 0x7fcf70147000 [80081009311/0000000000400c8c/00000001/00000201] dynopt_dct16_sve2_shared
----------------
IN: dynopt_dct16_sve2_shared
0x00400c90:  0420be3f  movprfx  z31, z17

Trace 0: 0x7fcf70147140 [80081009311/0000000000400c90/00000001/00000201] dynopt_dct16_sve2_shared
----------------
IN: dynopt_dct16_sve2_shared
0x00400c94:  44d2021f  sdot     z31.d, z16.h, z18.h

Trace 0: 0x7fcf70147280 [80081009311/0000000000400c94/00000001/00000201] dynopt_dct16_sve2_shared
----------------
IN: dynopt_dct16_sve2_shared
0x00400c98:  44d7007f  sdot     z31.d, z3.h, z23.h

Trace 0: 0x7fcf701473c0 [80081009311/0000000000400c98/00000001/00000201] dynopt_dct16_sve2_shared
----------------
IN: dynopt_dct16_sve2_shared
0x00400c9c:  05bf6bff  uzp1     z31.s, z31.s, z31.s

Trace 0: 0x7fcf70147500 [80081009311/0000000000400c9c/00000001/00000201] dynopt_dct16_sve2_shared
----------------
IN: dynopt_dct16_sve2_shared
0x00400ca0:  45361bff  rshrnb   z31.h, z31.s, #0xa

Trace 0: 0x7fcf70147640 [80081009311/0000000000400ca0/00000001/00000201] dynopt_dct16_sve2_shared
----------------
IN: dynopt_dct16_sve2_shared
0x00400ca4:  057f6bff  uzp1     z31.h, z31.h, z31.h

Trace 0: 0x7fcf70147780 [80081009311/0000000000400ca4/00000001/00000201] dynopt_dct16_sve2_shared
----------------
IN: dynopt_dct16_sve2_shared
0x00400ca8:  fc2268df  str      d31, [x6, x2]

Trace 0: 0x7fcf701478c0 [80081009311/0000000000400ca8/00000001/00000201] dynopt_dct16_sve2_shared
----------------
IN: dynopt_dct16_sve2_shared
0x00400cac:  f104001f  cmp      x0, #0x100

Trace 0: 0x7fcf70147a00 [80081009311/0000000000400cac/00000001/00000201] dynopt_dct16_sve2_shared
----------------
IN: dynopt_dct16_sve2_shared
0x00400cb0:  54fffe81  b.ne     #0x400c80

Trace 0: 0x7fcf70147b80 [80081009311/0000000000400cb0/00000001/00000201] dynopt_dct16_sve2_shared
Trace 0: 0x7fcf70146c40 [80081009311/0000000000400c80/00000001/00000201] dynopt_dct16_sve2_shared
Trace 0: 0x7fcf70146d80 [80081009311/0000000000400c84/00000001/00000201] dynopt_dct16_sve2_shared
Trace 0: 0x7fcf70146ec0 [80081009311/0000000000400c88/00000001/00000201] dynopt_dct16_sve2_shared
Trace 0: 0x7fcf70147000 [80081009311/0000000000400c8c/00000001/00000201] dynopt_dct16_sve2_shared
Trace 0: 0x7fcf70147140 [80081009311/0000000000400c90/00000001/00000201] dynopt_dct16_sve2_shared
Trace 0: 0x7fcf70147280 [80081009311/0000000000400c94/00000001/00000201] dynopt_dct16_sve2_shared
Trace 0: 0x7fcf701473c0 [80081009311/0000000000400c98/00000001/00000201] dynopt_dct16_sve2_shared
Trace 0: 0x7fcf70147500 [80081009311/0000000000400c9c/00000001/00000201] dynopt_dct16_sve2_shared
Trace 0: 0x7fcf70147640 [80081009311/0000000000400ca0/00000001/00000201] dynopt_dct16_sve2_shared
Trace 0: 0x7fcf70147780 [80081009311/0000000000400ca4/00000001/00000201] dynopt_dct16_sve2_shared
Trace 0: 0x7fcf701478c0 [80081009311/0000000000400ca8/00000001/00000201] dynopt_dct16_sve2_shared
Trace 0: 0x7fcf70147a00 [80081009311/0000000000400cac/00000001/00000201] dynopt_dct16_sve2_shared
Trace 0: 0x7fcf70147b80 [80081009311/0000000000400cb0/00000001/00000201] dynopt_dct16_sve2_shared
Trace 0: 0x7fcf70146c40 [80081009311/0000000000400c80/00000001/00000201] dynopt_dct16_sve2_shared
Trace 0: 0x7fcf70146d80 [80081009311/0000000000400c84/00000001/00000201] dynopt_dct16_sve2_shared
Trace 0: 0x7fcf70146ec0 [80081009311/0000000000400c88/00000001/00000201] dynopt_dct16_sve2_shared
Trace 0: 0x7fcf70147000 [80081009311/0000000000400c8c/00000001/00000201] dynopt_dct16_sve2_shared
Trace 0: 0x7fcf70147140 [80081009311/0000000000400c90/00000001/00000201] dynopt_dct16_sve2_shared
Trace 0: 0x7fcf70147280 [80081009311/0000000000400c94/00000001/00000201] dynopt_dct16_sve2_shared
Trace 0: 0x7fcf701473c0 [80081009311/0000000000400c98/00000001/00000201] dynopt_dct16_sve2_shared
Trace 0: 0x7fcf70147500 [80081009311/0000000000400c9c/00000001/00000201] dynopt_dct16_sve2_shared
Trace 0: 0x7fcf70147640 [80081009311/0000000000400ca0/00000001/00000201] dynopt_dct16_sve2_shared
Trace 0: 0x7fcf70147780 [80081009311/0000000000400ca4/00000001/00000201] dynopt_dct16_sve2_shared
Trace 0: 0x7fcf701478c0 [80081009311/0000000000400ca8/00000001/00000201] dynopt_dct16_sve2_shared
Trace 0: 0x7fcf70147a00 [80081009311/0000000000400cac/00000001/00000201] dynopt_dct16_sve2_shared
Trace 0: 0x7fcf70147b80 [80081009311/0000000000400cb0/00000001/00000201] dynopt_dct16_sve2_shared
Trace 0: 0x7fcf70146c40 [80081009311/0000000000400c80/00000001/00000201] dynopt_dct16_sve2_shared
Trace 0: 0x7fcf70146d80 [80081009311/0000000000400c84/00000001/00000201] dynopt_dct16_sve2_shared
Trace 0: 0x7fcf70146ec0 [80081009311/0000000000400c88/00000001/00000201] dynopt_dct16_sve2_shared
Trace 0: 0x7fcf70147000 [80081009311/0000000000400c8c/00000001/00000201] dynopt_dct16_sve2_shared
Trace 0: 0x7fcf70147140 [80081009311/0000000000400c90/00000001/00000201] dynopt_dct16_sve2_shared
Trace 0: 0x7fcf70147280 [80081009311/0000000000400c94/00000001/00000201] dynopt_dct16_sve2_shared
Trace 0: 0x7fcf701473c0 [80081009311/0000000000400c98/00000001/00000201] dynopt_dct16_sve2_shared
Trace 0: 0x7fcf70147500 [80081009311/0000000000400c9c/00000001/00000201] dynopt_dct16_sve2_shared
Trace 0: 0x7fcf70147640 [80081009311/0000000000400ca0/00000001/00000201] dynopt_dct16_sve2_shared
Trace 0: 0x7fcf70147780 [80081009311/0000000000400ca4/00000001/00000201] dynopt_dct16_sve2_shared
Trace 0: 0x7fcf701478c0 [80081009311/0000000000400ca8/00000001/00000201] dynopt_dct16_sve2_shared
Trace 0: 0x7fcf70147a00 [80081009311/0000000000400cac/00000001/00000201] dynopt_dct16_sve2_shared
Trace 0: 0x7fcf70147b80 [80081009311/0000000000400cb0/00000001/00000201] dynopt_dct16_sve2_shared
Trace 0: 0x7fcf70146c40 [80081009311/0000000000400c80/00000001/00000201] dynopt_dct16_sve2_shared
Trace 0: 0x7fcf70146d80 [80081009311/0000000000400c84/00000001/00000201] dynopt_dct16_sve2_shared
Trace 0: 0x7fcf70146ec0 [80081009311/0000000000400c88/00000001/00000201] dynopt_dct16_sve2_shared
Trace 0: 0x7fcf70147000 [80081009311/0000000000400c8c/00000001/00000201] dynopt_dct16_sve2_shared
Trace 0: 0x7fcf70147140 [80081009311/0000000000400c90/00000001/00000201] dynopt_dct16_sve2_shared
Trace 0: 0x7fcf70147280 [80081009311/0000000000400c94/00000001/00000201] dynopt_dct16_sve2_shared
Trace 0: 0x7fcf701473c0 [80081009311/0000000000400c98/00000001/00000201] dynopt_dct16_sve2_shared
Trace 0: 0x7fcf70147500 [80081009311/0000000000400c9c/00000001/00000201] dynopt_dct16_sve2_shared
Trace 0: 0x7fcf70147640 [80081009311/0000000000400ca0/00000001/00000201] dynopt_dct16_sve2_shared
Trace 0: 0x7fcf70147780 [80081009311/0000000000400ca4/00000001/00000201] dynopt_dct16_sve2_shared
Trace 0: 0x7fcf701478c0 [80081009311/0000000000400ca8/00000001/00000201] dynopt_dct16_sve2_shared
Trace 0: 0x7fcf70147a00 [80081009311/0000000000400cac/00000001/00000201] dynopt_dct16_sve2_shared
Trace 0: 0x7fcf70147b80 [80081009311/0000000000400cb0/00000001/00000201] dynopt_dct16_sve2_shared
Trace 0: 0x7fcf70146c40 [80081009311/0000000000400c80/00000001/00000201] dynopt_dct16_sve2_shared
Trace 0: 0x7fcf70146d80 [80081009311/0000000000400c84/00000001/00000201] dynopt_dct16_sve2_shared
Trace 0: 0x7fcf70146ec0 [80081009311/0000000000400c88/00000001/00000201] dynopt_dct16_sve2_shared
Trace 0: 0x7fcf70147000 [80081009311/0000000000400c8c/00000001/00000201] dynopt_dct16_sve2_shared
Trace 0: 0x7fcf70147140 [80081009311/0000000000400c90/00000001/00000201] dynopt_dct16_sve2_shared
Trace 0: 0x7fcf70147280 [80081009311/0000000000400c94/00000001/00000201] dynopt_dct16_sve2_shared
Trace 0: 0x7fcf701473c0 [80081009311/0000000000400c98/00000001/00000201] dynopt_dct16_sve2_shared
Trace 0: 0x7fcf70147500 [80081009311/0000000000400c9c/00000001/00000201] dynopt_dct16_sve2_shared
Trace 0: 0x7fcf70147640 [80081009311/0000000000400ca0/00000001/00000201] dynopt_dct16_sve2_shared
Trace 0: 0x7fcf70147780 [80081009311/0000000000400ca4/00000001/00000201] dynopt_dct16_sve2_shared
Trace 0: 0x7fcf701478c0 [80081009311/0000000000400ca8/00000001/00000201] dynopt_dct16_sve2_shared
Trace 0: 0x7fcf70147a00 [80081009311/0000000000400cac/00000001/00000201] dynopt_dct16_sve2_shared
Trace 0: 0x7fcf70147b80 [80081009311/0000000000400cb0/00000001/00000201] dynopt_dct16_sve2_shared
Trace 0: 0x7fcf70146c40 [80081009311/0000000000400c80/00000001/00000201] dynopt_dct16_sve2_shared
Trace 0: 0x7fcf70146d80 [80081009311/0000000000400c84/00000001/00000201] dynopt_dct16_sve2_shared
Trace 0: 0x7fcf70146ec0 [80081009311/0000000000400c88/00000001/00000201] dynopt_dct16_sve2_shared
Trace 0: 0x7fcf70147000 [80081009311/0000000000400c8c/00000001/00000201] dynopt_dct16_sve2_shared
Trace 0: 0x7fcf70147140 [80081009311/0000000000400c90/00000001/00000201] dynopt_dct16_sve2_shared
Trace 0: 0x7fcf70147280 [80081009311/0000000000400c94/00000001/00000201] dynopt_dct16_sve2_shared
Trace 0: 0x7fcf701473c0 [80081009311/0000000000400c98/00000001/00000201] dynopt_dct16_sve2_shared
Trace 0: 0x7fcf70147500 [80081009311/0000000000400c9c/00000001/00000201] dynopt_dct16_sve2_shared
Trace 0: 0x7fcf70147640 [80081009311/0000000000400ca0/00000001/00000201] dynopt_dct16_sve2_shared
Trace 0: 0x7fcf70147780 [80081009311/0000000000400ca4/00000001/00000201] dynopt_dct16_sve2_shared
Trace 0: 0x7fcf701478c0 [80081009311/0000000000400ca8/00000001/00000201] dynopt_dct16_sve2_shared
Trace 0: 0x7fcf70147a00 [80081009311/0000000000400cac/00000001/00000201] dynopt_dct16_sve2_shared
Trace 0: 0x7fcf70147b80 [80081009311/0000000000400cb0/00000001/00000201] dynopt_dct16_sve2_shared
Trace 0: 0x7fcf70146c40 [80081009311/0000000000400c80/00000001/00000201] dynopt_dct16_sve2_shared
Trace 0: 0x7fcf70146d80 [80081009311/0000000000400c84/00000001/00000201] dynopt_dct16_sve2_shared
Trace 0: 0x7fcf70146ec0 [80081009311/0000000000400c88/00000001/00000201] dynopt_dct16_sve2_shared
Trace 0: 0x7fcf70147000 [80081009311/0000000000400c8c/00000001/00000201] dynopt_dct16_sve2_shared
Trace 0: 0x7fcf70147140 [80081009311/0000000000400c90/00000001/00000201] dynopt_dct16_sve2_shared
Trace 0: 0x7fcf70147280 [80081009311/0000000000400c94/00000001/00000201] dynopt_dct16_sve2_shared
Trace 0: 0x7fcf701473c0 [80081009311/0000000000400c98/00000001/00000201] dynopt_dct16_sve2_shared
Trace 0: 0x7fcf70147500 [80081009311/0000000000400c9c/00000001/00000201] dynopt_dct16_sve2_shared
Trace 0: 0x7fcf70147640 [80081009311/0000000000400ca0/00000001/00000201] dynopt_dct16_sve2_shared
Trace 0: 0x7fcf70147780 [80081009311/0000000000400ca4/00000001/00000201] dynopt_dct16_sve2_shared
Trace 0: 0x7fcf701478c0 [80081009311/0000000000400ca8/00000001/00000201] dynopt_dct16_sve2_shared
Trace 0: 0x7fcf70147a00 [80081009311/0000000000400cac/00000001/00000201] dynopt_dct16_sve2_shared
Trace 0: 0x7fcf70147b80 [80081009311/0000000000400cb0/00000001/00000201] dynopt_dct16_sve2_shared
----------------
IN: dynopt_dct16_sve2_shared
0x00400cb4:  3dc12077  ldr      q23, [x3, #0x480]

Trace 0: 0x7fcf70147cc0 [80081009311/0000000000400cb4/00000001/00000201] dynopt_dct16_sve2_shared
----------------
IN: dynopt_dct16_sve2_shared
0x00400cb8:  91128063  add      x3, x3, #0x4a0

Trace 0: 0x7fcf70147e00 [80081009311/0000000000400cb8/00000001/00000201] dynopt_dct16_sve2_shared
----------------
IN: dynopt_dct16_sve2_shared
0x00400cbc:  ad510fe2  ldp      q2, q3, [sp, #0x220]

Trace 0: 0x7fcf70147f40 [80081009311/0000000000400cbc/00000001/00000201] dynopt_dct16_sve2_shared
----------------
IN: dynopt_dct16_sve2_shared
0x00400cc0:  91030020  add      x0, x1, #0xc0

Trace 0: 0x7fcf701480c0 [80081009311/0000000000400cc0/00000001/00000201] dynopt_dct16_sve2_shared
----------------
IN: dynopt_dct16_sve2_shared
0x00400cc4:  ad5247f0  ldp      q16, q17, [sp, #0x240]

Trace 0: 0x7fcf70148200 [80081009311/0000000000400cc4/00000001/00000201] dynopt_dct16_sve2_shared
----------------
IN: dynopt_dct16_sve2_shared
0x00400cc8:  91090024  add      x4, x1, #0x240

Trace 0: 0x7fcf70148380 [80081009311/0000000000400cc8/00000001/00000201] dynopt_dct16_sve2_shared
----------------
IN: dynopt_dct16_sve2_shared
0x00400ccc:  4eb79c72  mul      v18.4s, v3.4s, v23.4s

Trace 0: 0x7fcf701484c0 [80081009311/0000000000400ccc/00000001/00000201] dynopt_dct16_sve2_shared
----------------
IN: dynopt_dct16_sve2_shared
0x00400cd0:  aa0303e2  mov      x2, x3

Trace 0: 0x7fcf70148600 [80081009311/0000000000400cd0/00000001/00000201] dynopt_dct16_sve2_shared
----------------
IN: dynopt_dct16_sve2_shared
0x00400cd4:  4eb79c5f  mul      v31.4s, v2.4s, v23.4s

Trace 0: 0x7fcf70148740 [80081009311/0000000000400cd4/00000001/00000201] dynopt_dct16_sve2_shared
----------------
IN: dynopt_dct16_sve2_shared
0x00400cd8:  4eb2bfff  addp     v31.4s, v31.4s, v18.4s

Trace 0: 0x7fcf70148880 [80081009311/0000000000400cd8/00000001/00000201] dynopt_dct16_sve2_shared
----------------
IN: dynopt_dct16_sve2_shared
0x00400cdc:  4eb79e12  mul      v18.4s, v16.4s, v23.4s

Trace 0: 0x7fcf701489c0 [80081009311/0000000000400cdc/00000001/00000201] dynopt_dct16_sve2_shared
----------------
IN: dynopt_dct16_sve2_shared
0x00400ce0:  4eb79e37  mul      v23.4s, v17.4s, v23.4s

Trace 0: 0x7fcf70148b00 [80081009311/0000000000400ce0/00000001/00000201] dynopt_dct16_sve2_shared
----------------
IN: dynopt_dct16_sve2_shared
0x00400ce4:  4eb7be57  addp     v23.4s, v18.4s, v23.4s

Trace 0: 0x7fcf70148c40 [80081009311/0000000000400ce4/00000001/00000201] dynopt_dct16_sve2_shared
----------------
IN: dynopt_dct16_sve2_shared
0x00400ce8:  4eb7bfff  addp     v31.4s, v31.4s, v23.4s

Trace 0: 0x7fcf70148d80 [80081009311/0000000000400ce8/00000001/00000201] dynopt_dct16_sve2_shared
----------------
IN: dynopt_dct16_sve2_shared
0x00400cec:  0f168fff  rshrn    v31.4h, v31.4s, #0xa

Trace 0: 0x7fcf70148ec0 [80081009311/0000000000400cec/00000001/00000201] dynopt_dct16_sve2_shared
----------------
IN: dynopt_dct16_sve2_shared
0x00400cf0:  fd00203f  str      d31, [x1, #0x40]

Trace 0: 0x7fcf70149080 [80081009311/0000000000400cf0/00000001/00000201] dynopt_dct16_sve2_shared
----------------
IN: dynopt_dct16_sve2_shared
0x00400cf4:  3cc10457  ldr      q23, [x2], #0x10

Trace 0: 0x7fcf701491c0 [80081009311/0000000000400cf4/00000001/00000201] dynopt_dct16_sve2_shared
----------------
IN: dynopt_dct16_sve2_shared
0x00400cf8:  4eb79c72  mul      v18.4s, v3.4s, v23.4s

Trace 0: 0x7fcf70149340 [80081009311/0000000000400cf8/00000001/00000201] dynopt_dct16_sve2_shared
----------------
IN: dynopt_dct16_sve2_shared
0x00400cfc:  4eb79c5f  mul      v31.4s, v2.4s, v23.4s

Trace 0: 0x7fcf70149480 [80081009311/0000000000400cfc/00000001/00000201] dynopt_dct16_sve2_shared
----------------
IN: dynopt_dct16_sve2_shared
0x00400d00:  4eb2bfff  addp     v31.4s, v31.4s, v18.4s

Trace 0: 0x7fcf701495c0 [80081009311/0000000000400d00/00000001/00000201] dynopt_dct16_sve2_shared
----------------
IN: dynopt_dct16_sve2_shared
0x00400d04:  4eb79e12  mul      v18.4s, v16.4s, v23.4s

Trace 0: 0x7fcf70149700 [80081009311/0000000000400d04/00000001/00000201] dynopt_dct16_sve2_shared
----------------
IN: dynopt_dct16_sve2_shared
0x00400d08:  4eb79e37  mul      v23.4s, v17.4s, v23.4s

Trace 0: 0x7fcf70149840 [80081009311/0000000000400d08/00000001/00000201] dynopt_dct16_sve2_shared
----------------
IN: dynopt_dct16_sve2_shared
0x00400d0c:  4eb7be57  addp     v23.4s, v18.4s, v23.4s

Trace 0: 0x7fcf70149980 [80081009311/0000000000400d0c/00000001/00000201] dynopt_dct16_sve2_shared
----------------
IN: dynopt_dct16_sve2_shared
0x00400d10:  4eb7bfff  addp     v31.4s, v31.4s, v23.4s

Trace 0: 0x7fcf70149ac0 [80081009311/0000000000400d10/00000001/00000201] dynopt_dct16_sve2_shared
----------------
IN: dynopt_dct16_sve2_shared
0x00400d14:  0f168fff  rshrn    v31.4h, v31.4s, #0xa

Trace 0: 0x7fcf70149c00 [80081009311/0000000000400d14/00000001/00000201] dynopt_dct16_sve2_shared
----------------
IN: dynopt_dct16_sve2_shared
0x00400d18:  fc08041f  str      d31, [x0], #0x80

Trace 0: 0x7fcf70149dc0 [80081009311/0000000000400d18/00000001/00000201] dynopt_dct16_sve2_shared
----------------
IN: dynopt_dct16_sve2_shared
0x00400d1c:  eb00009f  cmp      x4, x0

Trace 0: 0x7fcf70149f00 [80081009311/0000000000400d1c/00000001/00000201] dynopt_dct16_sve2_shared
----------------
IN: dynopt_dct16_sve2_shared
0x00400d20:  54fffea1  b.ne     #0x400cf4

Trace 0: 0x7fcf7014a080 [80081009311/0000000000400d20/00000001/00000201] dynopt_dct16_sve2_shared
Trace 0: 0x7fcf701491c0 [80081009311/0000000000400cf4/00000001/00000201] dynopt_dct16_sve2_shared
Trace 0: 0x7fcf70149340 [80081009311/0000000000400cf8/00000001/00000201] dynopt_dct16_sve2_shared
Trace 0: 0x7fcf70149480 [80081009311/0000000000400cfc/00000001/00000201] dynopt_dct16_sve2_shared
Trace 0: 0x7fcf701495c0 [80081009311/0000000000400d00/00000001/00000201] dynopt_dct16_sve2_shared
Trace 0: 0x7fcf70149700 [80081009311/0000000000400d04/00000001/00000201] dynopt_dct16_sve2_shared
Trace 0: 0x7fcf70149840 [80081009311/0000000000400d08/00000001/00000201] dynopt_dct16_sve2_shared
Trace 0: 0x7fcf70149980 [80081009311/0000000000400d0c/00000001/00000201] dynopt_dct16_sve2_shared
Trace 0: 0x7fcf70149ac0 [80081009311/0000000000400d10/00000001/00000201] dynopt_dct16_sve2_shared
Trace 0: 0x7fcf70149c00 [80081009311/0000000000400d14/00000001/00000201] dynopt_dct16_sve2_shared
Trace 0: 0x7fcf70149dc0 [80081009311/0000000000400d18/00000001/00000201] dynopt_dct16_sve2_shared
Trace 0: 0x7fcf70149f00 [80081009311/0000000000400d1c/00000001/00000201] dynopt_dct16_sve2_shared
Trace 0: 0x7fcf7014a080 [80081009311/0000000000400d20/00000001/00000201] dynopt_dct16_sve2_shared
Trace 0: 0x7fcf701491c0 [80081009311/0000000000400cf4/00000001/00000201] dynopt_dct16_sve2_shared
Trace 0: 0x7fcf70149340 [80081009311/0000000000400cf8/00000001/00000201] dynopt_dct16_sve2_shared
Trace 0: 0x7fcf70149480 [80081009311/0000000000400cfc/00000001/00000201] dynopt_dct16_sve2_shared
Trace 0: 0x7fcf701495c0 [80081009311/0000000000400d00/00000001/00000201] dynopt_dct16_sve2_shared
Trace 0: 0x7fcf70149700 [80081009311/0000000000400d04/00000001/00000201] dynopt_dct16_sve2_shared
Trace 0: 0x7fcf70149840 [80081009311/0000000000400d08/00000001/00000201] dynopt_dct16_sve2_shared
Trace 0: 0x7fcf70149980 [80081009311/0000000000400d0c/00000001/00000201] dynopt_dct16_sve2_shared
Trace 0: 0x7fcf70149ac0 [80081009311/0000000000400d10/00000001/00000201] dynopt_dct16_sve2_shared
Trace 0: 0x7fcf70149c00 [80081009311/0000000000400d14/00000001/00000201] dynopt_dct16_sve2_shared
Trace 0: 0x7fcf70149dc0 [80081009311/0000000000400d18/00000001/00000201] dynopt_dct16_sve2_shared
Trace 0: 0x7fcf70149f00 [80081009311/0000000000400d1c/00000001/00000201] dynopt_dct16_sve2_shared
Trace 0: 0x7fcf7014a080 [80081009311/0000000000400d20/00000001/00000201] dynopt_dct16_sve2_shared
----------------
IN: dynopt_dct16_sve2_shared
0x00400d24:  ad414bff  ldp      q31, q18, [sp, #0x20]

Trace 0: 0x7fcf7014a1c0 [80081009311/0000000000400d24/00000001/00000201] dynopt_dct16_sve2_shared
----------------
IN: dynopt_dct16_sve2_shared
0x00400d28:  2518e3e7  ptrue    p7.b

Trace 0: 0x7fcf7014a340 [80081009311/0000000000400d28/00000001/00000201] dynopt_dct16_sve2_shared
----------------
IN: dynopt_dct16_sve2_shared
0x00400d2c:  9123c127  add      x7, x9, #0x8f0

Trace 0: 0x7fcf7014a480 [80081009311/0000000000400d2c/00000001/00000201] dynopt_dct16_sve2_shared
----------------
IN: dynopt_dct16_sve2_shared
0x00400d30:  9100a026  add      x6, x1, #0x28

Trace 0: 0x7fcf7014a5c0 [80081009311/0000000000400d30/00000001/00000201] dynopt_dct16_sve2_shared
----------------
IN: dynopt_dct16_sve2_shared
0x00400d34:  910200e5  add      x5, x7, #0x80

Trace 0: 0x7fcf7014a700 [80081009311/0000000000400d34/00000001/00000201] dynopt_dct16_sve2_shared
----------------
IN: dynopt_dct16_sve2_shared
0x00400d38:  910a00e4  add      x4, x7, #0x280

Trace 0: 0x7fcf7014a840 [80081009311/0000000000400d38/00000001/00000201] dynopt_dct16_sve2_shared
----------------
IN: dynopt_dct16_sve2_shared
0x00400d3c:  d2800000  mov      x0, #0

Trace 0: 0x7fcf7014a980 [80081009311/0000000000400d3c/00000001/00000201] dynopt_dct16_sve2_shared
----------------
IN: dynopt_dct16_sve2_shared
0x00400d40:  4eb2bff7  addp     v23.4s, v31.4s, v18.4s

Trace 0: 0x7fcf7014aac0 [80081009311/0000000000400d40/00000001/00000201] dynopt_dct16_sve2_shared
----------------
IN: dynopt_dct16_sve2_shared
0x00400d44:  3dc134e3  ldr      q3, [x7, #0x4d0]

Trace 0: 0x7fcf7014ac00 [80081009311/0000000000400d44/00000001/00000201] dynopt_dct16_sve2_shared
----------------
IN: dynopt_dct16_sve2_shared
0x00400d48:  4f2656f7  shl      v23.4s, v23.4s, #6

Trace 0: 0x7fcf7014ad40 [80081009311/0000000000400d48/00000001/00000201] dynopt_dct16_sve2_shared
----------------
IN: dynopt_dct16_sve2_shared
0x00400d4c:  0f168ef7  rshrn    v23.4h, v23.4s, #0xa

Trace 0: 0x7fcf7014ae80 [80081009311/0000000000400d4c/00000001/00000201] dynopt_dct16_sve2_shared
----------------
IN: dynopt_dct16_sve2_shared
0x00400d50:  fd000037  str      d23, [x1]

Trace 0: 0x7fcf7014b040 [80081009311/0000000000400d50/00000001/00000201] dynopt_dct16_sve2_shared
----------------
IN: dynopt_dct16_sve2_shared
0x00400d54:  ad4543f7  ldp      q23, q16, [sp, #0xa0]

Trace 0: 0x7fcf7014b180 [80081009311/0000000000400d54/00000001/00000201] dynopt_dct16_sve2_shared
----------------
IN: dynopt_dct16_sve2_shared
0x00400d58:  4ea39ef1  mul      v17.4s, v23.4s, v3.4s

Trace 0: 0x7fcf7014b300 [80081009311/0000000000400d58/00000001/00000201] dynopt_dct16_sve2_shared
----------------
IN: dynopt_dct16_sve2_shared
0x00400d5c:  4ea39e03  mul      v3.4s, v16.4s, v3.4s

Trace 0: 0x7fcf7014b440 [80081009311/0000000000400d5c/00000001/00000201] dynopt_dct16_sve2_shared
----------------
IN: dynopt_dct16_sve2_shared
0x00400d60:  4ea3be31  addp     v17.4s, v17.4s, v3.4s

Trace 0: 0x7fcf7014b580 [80081009311/0000000000400d60/00000001/00000201] dynopt_dct16_sve2_shared
----------------
IN: dynopt_dct16_sve2_shared
0x00400d64:  0f168e31  rshrn    v17.4h, v17.4s, #0xa

Trace 0: 0x7fcf7014b6c0 [80081009311/0000000000400d64/00000001/00000201] dynopt_dct16_sve2_shared
----------------
IN: dynopt_dct16_sve2_shared
0x00400d68:  fd004031  str      d17, [x1, #0x80]

Trace 0: 0x7fcf7014b880 [80081009311/0000000000400d68/00000001/00000201] dynopt_dct16_sve2_shared
----------------
IN: dynopt_dct16_sve2_shared
0x00400d6c:  3dc138f1  ldr      q17, [x7, #0x4e0]

Trace 0: 0x7fcf7014b9c0 [80081009311/0000000000400d6c/00000001/00000201] dynopt_dct16_sve2_shared
----------------
IN: dynopt_dct16_sve2_shared
0x00400d70:  4eb19e52  mul      v18.4s, v18.4s, v17.4s

Trace 0: 0x7fcf7014bb00 [80081009311/0000000000400d70/00000001/00000201] dynopt_dct16_sve2_shared
----------------
IN: dynopt_dct16_sve2_shared
0x00400d74:  4eb19fff  mul      v31.4s, v31.4s, v17.4s

Trace 0: 0x7fcf7014bc40 [80081009311/0000000000400d74/00000001/00000201] dynopt_dct16_sve2_shared
----------------
IN: dynopt_dct16_sve2_shared
0x00400d78:  046530b1  mov      z17.d, z5.d

Trace 0: 0x7fcf7014bd80 [80081009311/0000000000400d78/00000001/00000201] dynopt_dct16_sve2_shared
----------------
IN: dynopt_dct16_sve2_shared
0x00400d7c:  4eb2bfff  addp     v31.4s, v31.4s, v18.4s

Trace 0: 0x7fcf7014bec0 [80081009311/0000000000400d7c/00000001/00000201] dynopt_dct16_sve2_shared
----------------
IN: dynopt_dct16_sve2_shared
0x00400d80:  3dc13cf2  ldr      q18, [x7, #0x4f0]

Trace 0: 0x7fcf7014c000 [80081009311/0000000000400d80/00000001/00000201] dynopt_dct16_sve2_shared
----------------
IN: dynopt_dct16_sve2_shared
0x00400d84:  0f168fff  rshrn    v31.4h, v31.4s, #0xa

Trace 0: 0x7fcf7014c140 [80081009311/0000000000400d84/00000001/00000201] dynopt_dct16_sve2_shared
----------------
IN: dynopt_dct16_sve2_shared
0x00400d88:  fd00803f  str      d31, [x1, #0x100]

Trace 0: 0x7fcf7014c300 [80081009311/0000000000400d88/00000001/00000201] dynopt_dct16_sve2_shared
----------------
IN: dynopt_dct16_sve2_shared
0x00400d8c:  4eb29eff  mul      v31.4s, v23.4s, v18.4s

Trace 0: 0x7fcf7014c440 [80081009311/0000000000400d8c/00000001/00000201] dynopt_dct16_sve2_shared
----------------
IN: dynopt_dct16_sve2_shared
0x00400d90:  4eb29e17  mul      v23.4s, v16.4s, v18.4s

Trace 0: 0x7fcf7014c580 [80081009311/0000000000400d90/00000001/00000201] dynopt_dct16_sve2_shared
----------------
IN: dynopt_dct16_sve2_shared
0x00400d94:  04643090  mov      z16.d, z4.d

Trace 0: 0x7fcf7014c6c0 [80081009311/0000000000400d94/00000001/00000201] dynopt_dct16_sve2_shared
----------------
IN: dynopt_dct16_sve2_shared
0x00400d98:  4eb7bfff  addp     v31.4s, v31.4s, v23.4s

Trace 0: 0x7fcf7014c800 [80081009311/0000000000400d98/00000001/00000201] dynopt_dct16_sve2_shared
----------------
IN: dynopt_dct16_sve2_shared
0x00400d9c:  057d2a17  tbl      z23.h, {z16.h, z17.h}, z29.h

Trace 0: 0x7fcf7014c940 [80081009311/0000000000400d9c/00000001/00000201] dynopt_dct16_sve2_shared
----------------
IN: dynopt_dct16_sve2_shared
0x00400da0:  046730f1  mov      z17.d, z7.d

Trace 0: 0x7fcf7014ca80 [80081009311/0000000000400da0/00000001/00000201] dynopt_dct16_sve2_shared
----------------
IN: dynopt_dct16_sve2_shared
0x00400da4:  046630d0  mov      z16.d, z6.d

Trace 0: 0x7fcf7014cbc0 [80081009311/0000000000400da4/00000001/00000201] dynopt_dct16_sve2_shared
----------------
IN: dynopt_dct16_sve2_shared
0x00400da8:  0f168fff  rshrn    v31.4h, v31.4s, #0xa

Trace 0: 0x7fcf7014cd00 [80081009311/0000000000400da8/00000001/00000201] dynopt_dct16_sve2_shared
----------------
IN: dynopt_dct16_sve2_shared
0x00400dac:  fd00c03f  str      d31, [x1, #0x180]

Trace 0: 0x7fcf7014cec0 [80081009311/0000000000400dac/00000001/00000201] dynopt_dct16_sve2_shared
----------------
IN: dynopt_dct16_sve2_shared
0x00400db0:  057d2a1f  tbl      z31.h, {z16.h, z17.h}, z29.h

Trace 0: 0x7fcf7014d000 [80081009311/0000000000400db0/00000001/00000201] dynopt_dct16_sve2_shared
----------------
IN: dynopt_dct16_sve2_shared
0x00400db4:  047f33f1  mov      z17.d, z31.d

Trace 0: 0x7fcf7014d140 [80081009311/0000000000400db4/00000001/00000201] dynopt_dct16_sve2_shared
----------------
IN: dynopt_dct16_sve2_shared
0x00400db8:  047732f0  mov      z16.d, z23.d

Trace 0: 0x7fcf7014d280 [80081009311/0000000000400db8/00000001/00000201] dynopt_dct16_sve2_shared
----------------
IN: dynopt_dct16_sve2_shared
0x00400dbc:  057c2a07  tbl      z7.h, {z16.h, z17.h}, z28.h

Trace 0: 0x7fcf7014d3c0 [80081009311/0000000000400dbc/00000001/00000201] dynopt_dct16_sve2_shared
----------------
IN: dynopt_dct16_sve2_shared
0x00400dc0:  057a2a10  tbl      z16.h, {z16.h, z17.h}, z26.h

Trace 0: 0x7fcf7014d500 [80081009311/0000000000400dc0/00000001/00000201] dynopt_dct16_sve2_shared
----------------
IN: dynopt_dct16_sve2_shared
0x00400dc4:  2f00e411  movi     d17, #0000000000000000

Trace 0: 0x7fcf7014d640 [80081009311/0000000000400dc4/00000001/00000201] dynopt_dct16_sve2_shared
----------------
IN: dynopt_dct16_sve2_shared
0x00400dc8:  d37ff802  lsl      x2, x0, #1

Trace 0: 0x7fcf7014d780 [80081009311/0000000000400dc8/00000001/00000201] dynopt_dct16_sve2_shared
----------------
IN: dynopt_dct16_sve2_shared
0x00400dcc:  a4a05cb7  ld1h     {z23.h}, p7/z, [x5, x0, lsl #1]

Trace 0: 0x7fcf7014d8c0 [80081009311/0000000000400dcc/00000001/00000201] dynopt_dct16_sve2_shared
----------------
IN: dynopt_dct16_sve2_shared
0x00400dd0:  a4a05c92  ld1h     {z18.h}, p7/z, [x4, x0, lsl #1]

Trace 0: 0x7fcf7014da00 [80081009311/0000000000400dd0/00000001/00000201] dynopt_dct16_sve2_shared
----------------
IN: dynopt_dct16_sve2_shared
0x00400dd4:  91008000  add      x0, x0, #0x20

Trace 0: 0x7fcf7014db40 [80081009311/0000000000400dd4/00000001/00000201] dynopt_dct16_sve2_shared
----------------
IN: dynopt_dct16_sve2_shared
0x00400dd8:  0420be3f  movprfx  z31, z17

Trace 0: 0x7fcf7014dc80 [80081009311/0000000000400dd8/00000001/00000201] dynopt_dct16_sve2_shared
----------------
IN: dynopt_dct16_sve2_shared
0x00400ddc:  44d2021f  sdot     z31.d, z16.h, z18.h

Trace 0: 0x7fcf7014ddc0 [80081009311/0000000000400ddc/00000001/00000201] dynopt_dct16_sve2_shared
----------------
IN: dynopt_dct16_sve2_shared
0x00400de0:  44d700ff  sdot     z31.d, z7.h, z23.h

Trace 0: 0x7fcf7014df00 [80081009311/0000000000400de0/00000001/00000201] dynopt_dct16_sve2_shared
----------------
IN: dynopt_dct16_sve2_shared
0x00400de4:  05bf6bff  uzp1     z31.s, z31.s, z31.s

Trace 0: 0x7fcf7014e040 [80081009311/0000000000400de4/00000001/00000201] dynopt_dct16_sve2_shared
----------------
IN: dynopt_dct16_sve2_shared
0x00400de8:  45361bff  rshrnb   z31.h, z31.s, #0xa

Trace 0: 0x7fcf7014e180 [80081009311/0000000000400de8/00000001/00000201] dynopt_dct16_sve2_shared
----------------
IN: dynopt_dct16_sve2_shared
0x00400dec:  057f6bff  uzp1     z31.h, z31.h, z31.h

Trace 0: 0x7fcf7014e2c0 [80081009311/0000000000400dec/00000001/00000201] dynopt_dct16_sve2_shared
----------------
IN: dynopt_dct16_sve2_shared
0x00400df0:  fc2268df  str      d31, [x6, x2]

Trace 0: 0x7fcf7014e400 [80081009311/0000000000400df0/00000001/00000201] dynopt_dct16_sve2_shared
----------------
IN: dynopt_dct16_sve2_shared
0x00400df4:  f104001f  cmp      x0, #0x100

Trace 0: 0x7fcf7014e540 [80081009311/0000000000400df4/00000001/00000201] dynopt_dct16_sve2_shared
----------------
IN: dynopt_dct16_sve2_shared
0x00400df8:  54fffe81  b.ne     #0x400dc8

Trace 0: 0x7fcf7014e6c0 [80081009311/0000000000400df8/00000001/00000201] dynopt_dct16_sve2_shared
Trace 0: 0x7fcf7014d780 [80081009311/0000000000400dc8/00000001/00000201] dynopt_dct16_sve2_shared
Trace 0: 0x7fcf7014d8c0 [80081009311/0000000000400dcc/00000001/00000201] dynopt_dct16_sve2_shared
Trace 0: 0x7fcf7014da00 [80081009311/0000000000400dd0/00000001/00000201] dynopt_dct16_sve2_shared
Trace 0: 0x7fcf7014db40 [80081009311/0000000000400dd4/00000001/00000201] dynopt_dct16_sve2_shared
Trace 0: 0x7fcf7014dc80 [80081009311/0000000000400dd8/00000001/00000201] dynopt_dct16_sve2_shared
Trace 0: 0x7fcf7014ddc0 [80081009311/0000000000400ddc/00000001/00000201] dynopt_dct16_sve2_shared
Trace 0: 0x7fcf7014df00 [80081009311/0000000000400de0/00000001/00000201] dynopt_dct16_sve2_shared
Trace 0: 0x7fcf7014e040 [80081009311/0000000000400de4/00000001/00000201] dynopt_dct16_sve2_shared
Trace 0: 0x7fcf7014e180 [80081009311/0000000000400de8/00000001/00000201] dynopt_dct16_sve2_shared
Trace 0: 0x7fcf7014e2c0 [80081009311/0000000000400dec/00000001/00000201] dynopt_dct16_sve2_shared
Trace 0: 0x7fcf7014e400 [80081009311/0000000000400df0/00000001/00000201] dynopt_dct16_sve2_shared
Trace 0: 0x7fcf7014e540 [80081009311/0000000000400df4/00000001/00000201] dynopt_dct16_sve2_shared
Trace 0: 0x7fcf7014e6c0 [80081009311/0000000000400df8/00000001/00000201] dynopt_dct16_sve2_shared
Trace 0: 0x7fcf7014d780 [80081009311/0000000000400dc8/00000001/00000201] dynopt_dct16_sve2_shared
Trace 0: 0x7fcf7014d8c0 [80081009311/0000000000400dcc/00000001/00000201] dynopt_dct16_sve2_shared
Trace 0: 0x7fcf7014da00 [80081009311/0000000000400dd0/00000001/00000201] dynopt_dct16_sve2_shared
Trace 0: 0x7fcf7014db40 [80081009311/0000000000400dd4/00000001/00000201] dynopt_dct16_sve2_shared
Trace 0: 0x7fcf7014dc80 [80081009311/0000000000400dd8/00000001/00000201] dynopt_dct16_sve2_shared
Trace 0: 0x7fcf7014ddc0 [80081009311/0000000000400ddc/00000001/00000201] dynopt_dct16_sve2_shared
Trace 0: 0x7fcf7014df00 [80081009311/0000000000400de0/00000001/00000201] dynopt_dct16_sve2_shared
Trace 0: 0x7fcf7014e040 [80081009311/0000000000400de4/00000001/00000201] dynopt_dct16_sve2_shared
Trace 0: 0x7fcf7014e180 [80081009311/0000000000400de8/00000001/00000201] dynopt_dct16_sve2_shared
Trace 0: 0x7fcf7014e2c0 [80081009311/0000000000400dec/00000001/00000201] dynopt_dct16_sve2_shared
Trace 0: 0x7fcf7014e400 [80081009311/0000000000400df0/00000001/00000201] dynopt_dct16_sve2_shared
Trace 0: 0x7fcf7014e540 [80081009311/0000000000400df4/00000001/00000201] dynopt_dct16_sve2_shared
Trace 0: 0x7fcf7014e6c0 [80081009311/0000000000400df8/00000001/00000201] dynopt_dct16_sve2_shared
Trace 0: 0x7fcf7014d780 [80081009311/0000000000400dc8/00000001/00000201] dynopt_dct16_sve2_shared
Trace 0: 0x7fcf7014d8c0 [80081009311/0000000000400dcc/00000001/00000201] dynopt_dct16_sve2_shared
Trace 0: 0x7fcf7014da00 [80081009311/0000000000400dd0/00000001/00000201] dynopt_dct16_sve2_shared
Trace 0: 0x7fcf7014db40 [80081009311/0000000000400dd4/00000001/00000201] dynopt_dct16_sve2_shared
Trace 0: 0x7fcf7014dc80 [80081009311/0000000000400dd8/00000001/00000201] dynopt_dct16_sve2_shared
Trace 0: 0x7fcf7014ddc0 [80081009311/0000000000400ddc/00000001/00000201] dynopt_dct16_sve2_shared
Trace 0: 0x7fcf7014df00 [80081009311/0000000000400de0/00000001/00000201] dynopt_dct16_sve2_shared
Trace 0: 0x7fcf7014e040 [80081009311/0000000000400de4/00000001/00000201] dynopt_dct16_sve2_shared
Trace 0: 0x7fcf7014e180 [80081009311/0000000000400de8/00000001/00000201] dynopt_dct16_sve2_shared
Trace 0: 0x7fcf7014e2c0 [80081009311/0000000000400dec/00000001/00000201] dynopt_dct16_sve2_shared
Trace 0: 0x7fcf7014e400 [80081009311/0000000000400df0/00000001/00000201] dynopt_dct16_sve2_shared
Trace 0: 0x7fcf7014e540 [80081009311/0000000000400df4/00000001/00000201] dynopt_dct16_sve2_shared
Trace 0: 0x7fcf7014e6c0 [80081009311/0000000000400df8/00000001/00000201] dynopt_dct16_sve2_shared
Trace 0: 0x7fcf7014d780 [80081009311/0000000000400dc8/00000001/00000201] dynopt_dct16_sve2_shared
Trace 0: 0x7fcf7014d8c0 [80081009311/0000000000400dcc/00000001/00000201] dynopt_dct16_sve2_shared
Trace 0: 0x7fcf7014da00 [80081009311/0000000000400dd0/00000001/00000201] dynopt_dct16_sve2_shared
Trace 0: 0x7fcf7014db40 [80081009311/0000000000400dd4/00000001/00000201] dynopt_dct16_sve2_shared
Trace 0: 0x7fcf7014dc80 [80081009311/0000000000400dd8/00000001/00000201] dynopt_dct16_sve2_shared
Trace 0: 0x7fcf7014ddc0 [80081009311/0000000000400ddc/00000001/00000201] dynopt_dct16_sve2_shared
Trace 0: 0x7fcf7014df00 [80081009311/0000000000400de0/00000001/00000201] dynopt_dct16_sve2_shared
Trace 0: 0x7fcf7014e040 [80081009311/0000000000400de4/00000001/00000201] dynopt_dct16_sve2_shared
Trace 0: 0x7fcf7014e180 [80081009311/0000000000400de8/00000001/00000201] dynopt_dct16_sve2_shared
Trace 0: 0x7fcf7014e2c0 [80081009311/0000000000400dec/00000001/00000201] dynopt_dct16_sve2_shared
Trace 0: 0x7fcf7014e400 [80081009311/0000000000400df0/00000001/00000201] dynopt_dct16_sve2_shared
Trace 0: 0x7fcf7014e540 [80081009311/0000000000400df4/00000001/00000201] dynopt_dct16_sve2_shared
Trace 0: 0x7fcf7014e6c0 [80081009311/0000000000400df8/00000001/00000201] dynopt_dct16_sve2_shared
Trace 0: 0x7fcf7014d780 [80081009311/0000000000400dc8/00000001/00000201] dynopt_dct16_sve2_shared
Trace 0: 0x7fcf7014d8c0 [80081009311/0000000000400dcc/00000001/00000201] dynopt_dct16_sve2_shared
Trace 0: 0x7fcf7014da00 [80081009311/0000000000400dd0/00000001/00000201] dynopt_dct16_sve2_shared
Trace 0: 0x7fcf7014db40 [80081009311/0000000000400dd4/00000001/00000201] dynopt_dct16_sve2_shared
Trace 0: 0x7fcf7014dc80 [80081009311/0000000000400dd8/00000001/00000201] dynopt_dct16_sve2_shared
Trace 0: 0x7fcf7014ddc0 [80081009311/0000000000400ddc/00000001/00000201] dynopt_dct16_sve2_shared
Trace 0: 0x7fcf7014df00 [80081009311/0000000000400de0/00000001/00000201] dynopt_dct16_sve2_shared
Trace 0: 0x7fcf7014e040 [80081009311/0000000000400de4/00000001/00000201] dynopt_dct16_sve2_shared
Trace 0: 0x7fcf7014e180 [80081009311/0000000000400de8/00000001/00000201] dynopt_dct16_sve2_shared
Trace 0: 0x7fcf7014e2c0 [80081009311/0000000000400dec/00000001/00000201] dynopt_dct16_sve2_shared
Trace 0: 0x7fcf7014e400 [80081009311/0000000000400df0/00000001/00000201] dynopt_dct16_sve2_shared
Trace 0: 0x7fcf7014e540 [80081009311/0000000000400df4/00000001/00000201] dynopt_dct16_sve2_shared
Trace 0: 0x7fcf7014e6c0 [80081009311/0000000000400df8/00000001/00000201] dynopt_dct16_sve2_shared
Trace 0: 0x7fcf7014d780 [80081009311/0000000000400dc8/00000001/00000201] dynopt_dct16_sve2_shared
Trace 0: 0x7fcf7014d8c0 [80081009311/0000000000400dcc/00000001/00000201] dynopt_dct16_sve2_shared
Trace 0: 0x7fcf7014da00 [80081009311/0000000000400dd0/00000001/00000201] dynopt_dct16_sve2_shared
Trace 0: 0x7fcf7014db40 [80081009311/0000000000400dd4/00000001/00000201] dynopt_dct16_sve2_shared
Trace 0: 0x7fcf7014dc80 [80081009311/0000000000400dd8/00000001/00000201] dynopt_dct16_sve2_shared
Trace 0: 0x7fcf7014ddc0 [80081009311/0000000000400ddc/00000001/00000201] dynopt_dct16_sve2_shared
Trace 0: 0x7fcf7014df00 [80081009311/0000000000400de0/00000001/00000201] dynopt_dct16_sve2_shared
Trace 0: 0x7fcf7014e040 [80081009311/0000000000400de4/00000001/00000201] dynopt_dct16_sve2_shared
Trace 0: 0x7fcf7014e180 [80081009311/0000000000400de8/00000001/00000201] dynopt_dct16_sve2_shared
Trace 0: 0x7fcf7014e2c0 [80081009311/0000000000400dec/00000001/00000201] dynopt_dct16_sve2_shared
Trace 0: 0x7fcf7014e400 [80081009311/0000000000400df0/00000001/00000201] dynopt_dct16_sve2_shared
Trace 0: 0x7fcf7014e540 [80081009311/0000000000400df4/00000001/00000201] dynopt_dct16_sve2_shared
Trace 0: 0x7fcf7014e6c0 [80081009311/0000000000400df8/00000001/00000201] dynopt_dct16_sve2_shared
Trace 0: 0x7fcf7014d780 [80081009311/0000000000400dc8/00000001/00000201] dynopt_dct16_sve2_shared
Trace 0: 0x7fcf7014d8c0 [80081009311/0000000000400dcc/00000001/00000201] dynopt_dct16_sve2_shared
Trace 0: 0x7fcf7014da00 [80081009311/0000000000400dd0/00000001/00000201] dynopt_dct16_sve2_shared
Trace 0: 0x7fcf7014db40 [80081009311/0000000000400dd4/00000001/00000201] dynopt_dct16_sve2_shared
Trace 0: 0x7fcf7014dc80 [80081009311/0000000000400dd8/00000001/00000201] dynopt_dct16_sve2_shared
Trace 0: 0x7fcf7014ddc0 [80081009311/0000000000400ddc/00000001/00000201] dynopt_dct16_sve2_shared
Trace 0: 0x7fcf7014df00 [80081009311/0000000000400de0/00000001/00000201] dynopt_dct16_sve2_shared
Trace 0: 0x7fcf7014e040 [80081009311/0000000000400de4/00000001/00000201] dynopt_dct16_sve2_shared
Trace 0: 0x7fcf7014e180 [80081009311/0000000000400de8/00000001/00000201] dynopt_dct16_sve2_shared
Trace 0: 0x7fcf7014e2c0 [80081009311/0000000000400dec/00000001/00000201] dynopt_dct16_sve2_shared
Trace 0: 0x7fcf7014e400 [80081009311/0000000000400df0/00000001/00000201] dynopt_dct16_sve2_shared
Trace 0: 0x7fcf7014e540 [80081009311/0000000000400df4/00000001/00000201] dynopt_dct16_sve2_shared
Trace 0: 0x7fcf7014e6c0 [80081009311/0000000000400df8/00000001/00000201] dynopt_dct16_sve2_shared
----------------
IN: dynopt_dct16_sve2_shared
0x00400dfc:  3dc120f7  ldr      q23, [x7, #0x480]

Trace 0: 0x7fcf7014e800 [80081009311/0000000000400dfc/00000001/00000201] dynopt_dct16_sve2_shared
----------------
IN: dynopt_dct16_sve2_shared
0x00400e00:  91032020  add      x0, x1, #0xc8

Trace 0: 0x7fcf7014e940 [80081009311/0000000000400e00/00000001/00000201] dynopt_dct16_sve2_shared
----------------
IN: dynopt_dct16_sve2_shared
0x00400e04:  ad531fe6  ldp      q6, q7, [sp, #0x260]

Trace 0: 0x7fcf7014ea80 [80081009311/0000000000400e04/00000001/00000201] dynopt_dct16_sve2_shared
----------------
IN: dynopt_dct16_sve2_shared
0x00400e08:  91092024  add      x4, x1, #0x248

Trace 0: 0x7fcf7014ec00 [80081009311/0000000000400e08/00000001/00000201] dynopt_dct16_sve2_shared
----------------
IN: dynopt_dct16_sve2_shared
0x00400e0c:  ad5447f0  ldp      q16, q17, [sp, #0x280]

Trace 0: 0x7fcf7014ed40 [80081009311/0000000000400e0c/00000001/00000201] dynopt_dct16_sve2_shared
----------------
IN: dynopt_dct16_sve2_shared
0x00400e10:  aa0303e2  mov      x2, x3

Trace 0: 0x7fcf7014eec0 [80081009311/0000000000400e10/00000001/00000201] dynopt_dct16_sve2_shared
----------------
IN: dynopt_dct16_sve2_shared
0x00400e14:  4eb79cf2  mul      v18.4s, v7.4s, v23.4s

Trace 0: 0x7fcf7014f000 [80081009311/0000000000400e14/00000001/00000201] dynopt_dct16_sve2_shared
----------------
IN: dynopt_dct16_sve2_shared
0x00400e18:  4eb79cdf  mul      v31.4s, v6.4s, v23.4s

Trace 0: 0x7fcf7014f140 [80081009311/0000000000400e18/00000001/00000201] dynopt_dct16_sve2_shared
----------------
IN: dynopt_dct16_sve2_shared
0x00400e1c:  4eb2bfff  addp     v31.4s, v31.4s, v18.4s

Trace 0: 0x7fcf7014f280 [80081009311/0000000000400e1c/00000001/00000201] dynopt_dct16_sve2_shared
----------------
IN: dynopt_dct16_sve2_shared
0x00400e20:  4eb79e12  mul      v18.4s, v16.4s, v23.4s

Trace 0: 0x7fcf7014f3c0 [80081009311/0000000000400e20/00000001/00000201] dynopt_dct16_sve2_shared
----------------
IN: dynopt_dct16_sve2_shared
0x00400e24:  4eb79e37  mul      v23.4s, v17.4s, v23.4s

Trace 0: 0x7fcf7014f500 [80081009311/0000000000400e24/00000001/00000201] dynopt_dct16_sve2_shared
----------------
IN: dynopt_dct16_sve2_shared
0x00400e28:  4eb7be57  addp     v23.4s, v18.4s, v23.4s

Trace 0: 0x7fcf7014f640 [80081009311/0000000000400e28/00000001/00000201] dynopt_dct16_sve2_shared
----------------
IN: dynopt_dct16_sve2_shared
0x00400e2c:  4eb7bfff  addp     v31.4s, v31.4s, v23.4s

Trace 0: 0x7fcf7014f780 [80081009311/0000000000400e2c/00000001/00000201] dynopt_dct16_sve2_shared
----------------
IN: dynopt_dct16_sve2_shared
0x00400e30:  0f168fff  rshrn    v31.4h, v31.4s, #0xa

Trace 0: 0x7fcf7014f8c0 [80081009311/0000000000400e30/00000001/00000201] dynopt_dct16_sve2_shared
----------------
IN: dynopt_dct16_sve2_shared
0x00400e34:  fd00243f  str      d31, [x1, #0x48]

Trace 0: 0x7fcf7014fa80 [80081009311/0000000000400e34/00000001/00000201] dynopt_dct16_sve2_shared
----------------
IN: dynopt_dct16_sve2_shared
0x00400e38:  3cc10457  ldr      q23, [x2], #0x10

Trace 0: 0x7fcf7014fbc0 [80081009311/0000000000400e38/00000001/00000201] dynopt_dct16_sve2_shared
----------------
IN: dynopt_dct16_sve2_shared
0x00400e3c:  4eb79cf2  mul      v18.4s, v7.4s, v23.4s

Trace 0: 0x7fcf7014fd40 [80081009311/0000000000400e3c/00000001/00000201] dynopt_dct16_sve2_shared
----------------
IN: dynopt_dct16_sve2_shared
0x00400e40:  4eb79cdf  mul      v31.4s, v6.4s, v23.4s

Trace 0: 0x7fcf7014fe80 [80081009311/0000000000400e40/00000001/00000201] dynopt_dct16_sve2_shared
----------------
IN: dynopt_dct16_sve2_shared
0x00400e44:  4eb2bfff  addp     v31.4s, v31.4s, v18.4s

Trace 0: 0x7fcf7014ffc0 [80081009311/0000000000400e44/00000001/00000201] dynopt_dct16_sve2_shared
----------------
IN: dynopt_dct16_sve2_shared
0x00400e48:  4eb79e12  mul      v18.4s, v16.4s, v23.4s

Trace 0: 0x7fcf70150100 [80081009311/0000000000400e48/00000001/00000201] dynopt_dct16_sve2_shared
----------------
IN: dynopt_dct16_sve2_shared
0x00400e4c:  4eb79e37  mul      v23.4s, v17.4s, v23.4s

Trace 0: 0x7fcf70150240 [80081009311/0000000000400e4c/00000001/00000201] dynopt_dct16_sve2_shared
----------------
IN: dynopt_dct16_sve2_shared
0x00400e50:  4eb7be57  addp     v23.4s, v18.4s, v23.4s

Trace 0: 0x7fcf70150380 [80081009311/0000000000400e50/00000001/00000201] dynopt_dct16_sve2_shared
----------------
IN: dynopt_dct16_sve2_shared
0x00400e54:  4eb7bfff  addp     v31.4s, v31.4s, v23.4s

Trace 0: 0x7fcf701504c0 [80081009311/0000000000400e54/00000001/00000201] dynopt_dct16_sve2_shared
----------------
IN: dynopt_dct16_sve2_shared
0x00400e58:  0f168fff  rshrn    v31.4h, v31.4s, #0xa

Trace 0: 0x7fcf70150600 [80081009311/0000000000400e58/00000001/00000201] dynopt_dct16_sve2_shared
----------------
IN: dynopt_dct16_sve2_shared
0x00400e5c:  fc08041f  str      d31, [x0], #0x80

Trace 0: 0x7fcf701507c0 [80081009311/0000000000400e5c/00000001/00000201] dynopt_dct16_sve2_shared
----------------
IN: dynopt_dct16_sve2_shared
0x00400e60:  eb04001f  cmp      x0, x4

Trace 0: 0x7fcf70150900 [80081009311/0000000000400e60/00000001/00000201] dynopt_dct16_sve2_shared
----------------
IN: dynopt_dct16_sve2_shared
0x00400e64:  54fffea1  b.ne     #0x400e38

Trace 0: 0x7fcf70150a80 [80081009311/0000000000400e64/00000001/00000201] dynopt_dct16_sve2_shared
Trace 0: 0x7fcf7014fbc0 [80081009311/0000000000400e38/00000001/00000201] dynopt_dct16_sve2_shared
Trace 0: 0x7fcf7014fd40 [80081009311/0000000000400e3c/00000001/00000201] dynopt_dct16_sve2_shared
Trace 0: 0x7fcf7014fe80 [80081009311/0000000000400e40/00000001/00000201] dynopt_dct16_sve2_shared
Trace 0: 0x7fcf7014ffc0 [80081009311/0000000000400e44/00000001/00000201] dynopt_dct16_sve2_shared
Trace 0: 0x7fcf70150100 [80081009311/0000000000400e48/00000001/00000201] dynopt_dct16_sve2_shared
Trace 0: 0x7fcf70150240 [80081009311/0000000000400e4c/00000001/00000201] dynopt_dct16_sve2_shared
Trace 0: 0x7fcf70150380 [80081009311/0000000000400e50/00000001/00000201] dynopt_dct16_sve2_shared
Trace 0: 0x7fcf701504c0 [80081009311/0000000000400e54/00000001/00000201] dynopt_dct16_sve2_shared
Trace 0: 0x7fcf70150600 [80081009311/0000000000400e58/00000001/00000201] dynopt_dct16_sve2_shared
Trace 0: 0x7fcf701507c0 [80081009311/0000000000400e5c/00000001/00000201] dynopt_dct16_sve2_shared
Trace 0: 0x7fcf70150900 [80081009311/0000000000400e60/00000001/00000201] dynopt_dct16_sve2_shared
Trace 0: 0x7fcf70150a80 [80081009311/0000000000400e64/00000001/00000201] dynopt_dct16_sve2_shared
Trace 0: 0x7fcf7014fbc0 [80081009311/0000000000400e38/00000001/00000201] dynopt_dct16_sve2_shared
Trace 0: 0x7fcf7014fd40 [80081009311/0000000000400e3c/00000001/00000201] dynopt_dct16_sve2_shared
Trace 0: 0x7fcf7014fe80 [80081009311/0000000000400e40/00000001/00000201] dynopt_dct16_sve2_shared
Trace 0: 0x7fcf7014ffc0 [80081009311/0000000000400e44/00000001/00000201] dynopt_dct16_sve2_shared
Trace 0: 0x7fcf70150100 [80081009311/0000000000400e48/00000001/00000201] dynopt_dct16_sve2_shared
Trace 0: 0x7fcf70150240 [80081009311/0000000000400e4c/00000001/00000201] dynopt_dct16_sve2_shared
Trace 0: 0x7fcf70150380 [80081009311/0000000000400e50/00000001/00000201] dynopt_dct16_sve2_shared
Trace 0: 0x7fcf701504c0 [80081009311/0000000000400e54/00000001/00000201] dynopt_dct16_sve2_shared
Trace 0: 0x7fcf70150600 [80081009311/0000000000400e58/00000001/00000201] dynopt_dct16_sve2_shared
Trace 0: 0x7fcf701507c0 [80081009311/0000000000400e5c/00000001/00000201] dynopt_dct16_sve2_shared
Trace 0: 0x7fcf70150900 [80081009311/0000000000400e60/00000001/00000201] dynopt_dct16_sve2_shared
Trace 0: 0x7fcf70150a80 [80081009311/0000000000400e64/00000001/00000201] dynopt_dct16_sve2_shared
----------------
IN: dynopt_dct16_sve2_shared
0x00400e68:  ad424bff  ldp      q31, q18, [sp, #0x40]

Trace 0: 0x7fcf70150bc0 [80081009311/0000000000400e68/00000001/00000201] dynopt_dct16_sve2_shared
----------------
IN: dynopt_dct16_sve2_shared
0x00400e6c:  2518e3e7  ptrue    p7.b

Trace 0: 0x7fcf70150d40 [80081009311/0000000000400e6c/00000001/00000201] dynopt_dct16_sve2_shared
----------------
IN: dynopt_dct16_sve2_shared
0x00400e70:  9123c127  add      x7, x9, #0x8f0

Trace 0: 0x7fcf70150e80 [80081009311/0000000000400e70/00000001/00000201] dynopt_dct16_sve2_shared
----------------
IN: dynopt_dct16_sve2_shared
0x00400e74:  9100c026  add      x6, x1, #0x30

Trace 0: 0x7fcf70150fc0 [80081009311/0000000000400e74/00000001/00000201] dynopt_dct16_sve2_shared
----------------
IN: dynopt_dct16_sve2_shared
0x00400e78:  910200e5  add      x5, x7, #0x80

Trace 0: 0x7fcf70151100 [80081009311/0000000000400e78/00000001/00000201] dynopt_dct16_sve2_shared
----------------
IN: dynopt_dct16_sve2_shared
0x00400e7c:  910a00e4  add      x4, x7, #0x280

Trace 0: 0x7fcf70151240 [80081009311/0000000000400e7c/00000001/00000201] dynopt_dct16_sve2_shared
----------------
IN: dynopt_dct16_sve2_shared
0x00400e80:  d2800000  mov      x0, #0

Trace 0: 0x7fcf70151380 [80081009311/0000000000400e80/00000001/00000201] dynopt_dct16_sve2_shared
----------------
IN: dynopt_dct16_sve2_shared
0x00400e84:  4eb2bff7  addp     v23.4s, v31.4s, v18.4s

Trace 0: 0x7fcf701514c0 [80081009311/0000000000400e84/00000001/00000201] dynopt_dct16_sve2_shared
----------------
IN: dynopt_dct16_sve2_shared
0x00400e88:  3dc134e7  ldr      q7, [x7, #0x4d0]

Trace 0: 0x7fcf70151600 [80081009311/0000000000400e88/00000001/00000201] dynopt_dct16_sve2_shared
----------------
IN: dynopt_dct16_sve2_shared
0x00400e8c:  4f2656f7  shl      v23.4s, v23.4s, #6

Trace 0: 0x7fcf70151740 [80081009311/0000000000400e8c/00000001/00000201] dynopt_dct16_sve2_shared
----------------
IN: dynopt_dct16_sve2_shared
0x00400e90:  0f168ef7  rshrn    v23.4h, v23.4s, #0xa

Trace 0: 0x7fcf70151880 [80081009311/0000000000400e90/00000001/00000201] dynopt_dct16_sve2_shared
----------------
IN: dynopt_dct16_sve2_shared
0x00400e94:  fd000437  str      d23, [x1, #8]

Trace 0: 0x7fcf70151a40 [80081009311/0000000000400e94/00000001/00000201] dynopt_dct16_sve2_shared
----------------
IN: dynopt_dct16_sve2_shared
0x00400e98:  ad4643f7  ldp      q23, q16, [sp, #0xc0]

Trace 0: 0x7fcf70151b80 [80081009311/0000000000400e98/00000001/00000201] dynopt_dct16_sve2_shared
----------------
IN: dynopt_dct16_sve2_shared
0x00400e9c:  4ea79ef1  mul      v17.4s, v23.4s, v7.4s

Trace 0: 0x7fcf70151d00 [80081009311/0000000000400e9c/00000001/00000201] dynopt_dct16_sve2_shared
----------------
IN: dynopt_dct16_sve2_shared
0x00400ea0:  4ea79e07  mul      v7.4s, v16.4s, v7.4s

Trace 0: 0x7fcf70151e40 [80081009311/0000000000400ea0/00000001/00000201] dynopt_dct16_sve2_shared
----------------
IN: dynopt_dct16_sve2_shared
0x00400ea4:  4ea7be31  addp     v17.4s, v17.4s, v7.4s

Trace 0: 0x7fcf70151f80 [80081009311/0000000000400ea4/00000001/00000201] dynopt_dct16_sve2_shared
----------------
IN: dynopt_dct16_sve2_shared
0x00400ea8:  0f168e31  rshrn    v17.4h, v17.4s, #0xa

Trace 0: 0x7fcf701520c0 [80081009311/0000000000400ea8/00000001/00000201] dynopt_dct16_sve2_shared
----------------
IN: dynopt_dct16_sve2_shared
0x00400eac:  fd004431  str      d17, [x1, #0x88]

Trace 0: 0x7fcf70152280 [80081009311/0000000000400eac/00000001/00000201] dynopt_dct16_sve2_shared
----------------
IN: dynopt_dct16_sve2_shared
0x00400eb0:  3dc138f1  ldr      q17, [x7, #0x4e0]

Trace 0: 0x7fcf701523c0 [80081009311/0000000000400eb0/00000001/00000201] dynopt_dct16_sve2_shared
----------------
IN: dynopt_dct16_sve2_shared
0x00400eb4:  4eb19e52  mul      v18.4s, v18.4s, v17.4s

Trace 0: 0x7fcf70152500 [80081009311/0000000000400eb4/00000001/00000201] dynopt_dct16_sve2_shared
----------------
IN: dynopt_dct16_sve2_shared
0x00400eb8:  4eb19fff  mul      v31.4s, v31.4s, v17.4s

Trace 0: 0x7fcf70152640 [80081009311/0000000000400eb8/00000001/00000201] dynopt_dct16_sve2_shared
----------------
IN: dynopt_dct16_sve2_shared
0x00400ebc:  04743291  mov      z17.d, z20.d

Trace 0: 0x7fcf70152780 [80081009311/0000000000400ebc/00000001/00000201] dynopt_dct16_sve2_shared
----------------
IN: dynopt_dct16_sve2_shared
0x00400ec0:  2f00e414  movi     d20, #0000000000000000

Trace 0: 0x7fcf701528c0 [80081009311/0000000000400ec0/00000001/00000201] dynopt_dct16_sve2_shared
----------------
IN: dynopt_dct16_sve2_shared
0x00400ec4:  4eb2bfff  addp     v31.4s, v31.4s, v18.4s

Trace 0: 0x7fcf70152a00 [80081009311/0000000000400ec4/00000001/00000201] dynopt_dct16_sve2_shared
----------------
IN: dynopt_dct16_sve2_shared
0x00400ec8:  3dc13cf2  ldr      q18, [x7, #0x4f0]

Trace 0: 0x7fcf70152b40 [80081009311/0000000000400ec8/00000001/00000201] dynopt_dct16_sve2_shared
----------------
IN: dynopt_dct16_sve2_shared
0x00400ecc:  0f168fff  rshrn    v31.4h, v31.4s, #0xa

Trace 0: 0x7fcf70152c80 [80081009311/0000000000400ecc/00000001/00000201] dynopt_dct16_sve2_shared
----------------
IN: dynopt_dct16_sve2_shared
0x00400ed0:  fd00843f  str      d31, [x1, #0x108]

Trace 0: 0x7fcf70152e40 [80081009311/0000000000400ed0/00000001/00000201] dynopt_dct16_sve2_shared
----------------
IN: dynopt_dct16_sve2_shared
0x00400ed4:  4eb29eff  mul      v31.4s, v23.4s, v18.4s

Trace 0: 0x7fcf70152f80 [80081009311/0000000000400ed4/00000001/00000201] dynopt_dct16_sve2_shared
----------------
IN: dynopt_dct16_sve2_shared
0x00400ed8:  4eb29e17  mul      v23.4s, v16.4s, v18.4s

Trace 0: 0x7fcf701530c0 [80081009311/0000000000400ed8/00000001/00000201] dynopt_dct16_sve2_shared
----------------
IN: dynopt_dct16_sve2_shared
0x00400edc:  04733270  mov      z16.d, z19.d

Trace 0: 0x7fcf70153200 [80081009311/0000000000400edc/00000001/00000201] dynopt_dct16_sve2_shared
----------------
IN: dynopt_dct16_sve2_shared
0x00400ee0:  047632d3  mov      z19.d, z22.d

Trace 0: 0x7fcf70153340 [80081009311/0000000000400ee0/00000001/00000201] dynopt_dct16_sve2_shared
----------------
IN: dynopt_dct16_sve2_shared
0x00400ee4:  057d2a16  tbl      z22.h, {z16.h, z17.h}, z29.h

Trace 0: 0x7fcf70153480 [80081009311/0000000000400ee4/00000001/00000201] dynopt_dct16_sve2_shared
----------------
IN: dynopt_dct16_sve2_shared
0x00400ee8:  047532b2  mov      z18.d, z21.d

Trace 0: 0x7fcf701535c0 [80081009311/0000000000400ee8/00000001/00000201] dynopt_dct16_sve2_shared
----------------
IN: dynopt_dct16_sve2_shared
0x00400eec:  057d2a52  tbl      z18.h, {z18.h, z19.h}, z29.h

Trace 0: 0x7fcf70153700 [80081009311/0000000000400eec/00000001/00000201] dynopt_dct16_sve2_shared
----------------
IN: dynopt_dct16_sve2_shared
0x00400ef0:  4eb7bfff  addp     v31.4s, v31.4s, v23.4s

Trace 0: 0x7fcf70153840 [80081009311/0000000000400ef0/00000001/00000201] dynopt_dct16_sve2_shared
----------------
IN: dynopt_dct16_sve2_shared
0x00400ef4:  04723257  mov      z23.d, z18.d

Trace 0: 0x7fcf70153980 [80081009311/0000000000400ef4/00000001/00000201] dynopt_dct16_sve2_shared
----------------
IN: dynopt_dct16_sve2_shared
0x00400ef8:  057c2ad3  tbl      z19.h, {z22.h, z23.h}, z28.h

Trace 0: 0x7fcf70153ac0 [80081009311/0000000000400ef8/00000001/00000201] dynopt_dct16_sve2_shared
----------------
IN: dynopt_dct16_sve2_shared
0x00400efc:  057d2a16  tbl      z22.h, {z16.h, z17.h}, z29.h

Trace 0: 0x7fcf70153c00 [80081009311/0000000000400efc/00000001/00000201] dynopt_dct16_sve2_shared
----------------
IN: dynopt_dct16_sve2_shared
0x00400f00:  057a2ad6  tbl      z22.h, {z22.h, z23.h}, z26.h

Trace 0: 0x7fcf70153d40 [80081009311/0000000000400f00/00000001/00000201] dynopt_dct16_sve2_shared
----------------
IN: dynopt_dct16_sve2_shared
0x00400f04:  0f168fff  rshrn    v31.4h, v31.4s, #0xa

Trace 0: 0x7fcf70153e80 [80081009311/0000000000400f04/00000001/00000201] dynopt_dct16_sve2_shared
----------------
IN: dynopt_dct16_sve2_shared
0x00400f08:  fd00c43f  str      d31, [x1, #0x188]

Trace 0: 0x7fcf70154040 [80081009311/0000000000400f08/00000001/00000201] dynopt_dct16_sve2_shared
----------------
IN: dynopt_dct16_sve2_shared
0x00400f0c:  d37ff802  lsl      x2, x0, #1

Trace 0: 0x7fcf70154180 [80081009311/0000000000400f0c/00000001/00000201] dynopt_dct16_sve2_shared
----------------
IN: dynopt_dct16_sve2_shared
0x00400f10:  a4a05cb7  ld1h     {z23.h}, p7/z, [x5, x0, lsl #1]

Trace 0: 0x7fcf701542c0 [80081009311/0000000000400f10/00000001/00000201] dynopt_dct16_sve2_shared
----------------
IN: dynopt_dct16_sve2_shared
0x00400f14:  a4a05c95  ld1h     {z21.h}, p7/z, [x4, x0, lsl #1]

Trace 0: 0x7fcf70154400 [80081009311/0000000000400f14/00000001/00000201] dynopt_dct16_sve2_shared
----------------
IN: dynopt_dct16_sve2_shared
0x00400f18:  91008000  add      x0, x0, #0x20

Trace 0: 0x7fcf70154540 [80081009311/0000000000400f18/00000001/00000201] dynopt_dct16_sve2_shared
----------------
IN: dynopt_dct16_sve2_shared
0x00400f1c:  0420be9f  movprfx  z31, z20

Trace 0: 0x7fcf70154680 [80081009311/0000000000400f1c/00000001/00000201] dynopt_dct16_sve2_shared
----------------
IN: dynopt_dct16_sve2_shared
0x00400f20:  44d502df  sdot     z31.d, z22.h, z21.h

Trace 0: 0x7fcf701547c0 [80081009311/0000000000400f20/00000001/00000201] dynopt_dct16_sve2_shared
----------------
IN: dynopt_dct16_sve2_shared
0x00400f24:  44d7027f  sdot     z31.d, z19.h, z23.h

Trace 0: 0x7fcf70154900 [80081009311/0000000000400f24/00000001/00000201] dynopt_dct16_sve2_shared
----------------
IN: dynopt_dct16_sve2_shared
0x00400f28:  05bf6bff  uzp1     z31.s, z31.s, z31.s

Trace 0: 0x7fcf70154a40 [80081009311/0000000000400f28/00000001/00000201] dynopt_dct16_sve2_shared
----------------
IN: dynopt_dct16_sve2_shared
0x00400f2c:  45361bff  rshrnb   z31.h, z31.s, #0xa

Trace 0: 0x7fcf70154b80 [80081009311/0000000000400f2c/00000001/00000201] dynopt_dct16_sve2_shared
----------------
IN: dynopt_dct16_sve2_shared
0x00400f30:  057f6bff  uzp1     z31.h, z31.h, z31.h

Trace 0: 0x7fcf70154cc0 [80081009311/0000000000400f30/00000001/00000201] dynopt_dct16_sve2_shared
----------------
IN: dynopt_dct16_sve2_shared
0x00400f34:  fc2268df  str      d31, [x6, x2]

Trace 0: 0x7fcf70154e00 [80081009311/0000000000400f34/00000001/00000201] dynopt_dct16_sve2_shared
----------------
IN: dynopt_dct16_sve2_shared
0x00400f38:  f104001f  cmp      x0, #0x100

Trace 0: 0x7fcf70154f40 [80081009311/0000000000400f38/00000001/00000201] dynopt_dct16_sve2_shared
----------------
IN: dynopt_dct16_sve2_shared
0x00400f3c:  54fffe81  b.ne     #0x400f0c

Trace 0: 0x7fcf701550c0 [80081009311/0000000000400f3c/00000001/00000201] dynopt_dct16_sve2_shared
Trace 0: 0x7fcf70154180 [80081009311/0000000000400f0c/00000001/00000201] dynopt_dct16_sve2_shared
Trace 0: 0x7fcf701542c0 [80081009311/0000000000400f10/00000001/00000201] dynopt_dct16_sve2_shared
Trace 0: 0x7fcf70154400 [80081009311/0000000000400f14/00000001/00000201] dynopt_dct16_sve2_shared
Trace 0: 0x7fcf70154540 [80081009311/0000000000400f18/00000001/00000201] dynopt_dct16_sve2_shared
Trace 0: 0x7fcf70154680 [80081009311/0000000000400f1c/00000001/00000201] dynopt_dct16_sve2_shared
Trace 0: 0x7fcf701547c0 [80081009311/0000000000400f20/00000001/00000201] dynopt_dct16_sve2_shared
Trace 0: 0x7fcf70154900 [80081009311/0000000000400f24/00000001/00000201] dynopt_dct16_sve2_shared
Trace 0: 0x7fcf70154a40 [80081009311/0000000000400f28/00000001/00000201] dynopt_dct16_sve2_shared
Trace 0: 0x7fcf70154b80 [80081009311/0000000000400f2c/00000001/00000201] dynopt_dct16_sve2_shared
Trace 0: 0x7fcf70154cc0 [80081009311/0000000000400f30/00000001/00000201] dynopt_dct16_sve2_shared
Trace 0: 0x7fcf70154e00 [80081009311/0000000000400f34/00000001/00000201] dynopt_dct16_sve2_shared
Trace 0: 0x7fcf70154f40 [80081009311/0000000000400f38/00000001/00000201] dynopt_dct16_sve2_shared
Trace 0: 0x7fcf701550c0 [80081009311/0000000000400f3c/00000001/00000201] dynopt_dct16_sve2_shared
Trace 0: 0x7fcf70154180 [80081009311/0000000000400f0c/00000001/00000201] dynopt_dct16_sve2_shared
Trace 0: 0x7fcf701542c0 [80081009311/0000000000400f10/00000001/00000201] dynopt_dct16_sve2_shared
Trace 0: 0x7fcf70154400 [80081009311/0000000000400f14/00000001/00000201] dynopt_dct16_sve2_shared
Trace 0: 0x7fcf70154540 [80081009311/0000000000400f18/00000001/00000201] dynopt_dct16_sve2_shared
Trace 0: 0x7fcf70154680 [80081009311/0000000000400f1c/00000001/00000201] dynopt_dct16_sve2_shared
Trace 0: 0x7fcf701547c0 [80081009311/0000000000400f20/00000001/00000201] dynopt_dct16_sve2_shared
Trace 0: 0x7fcf70154900 [80081009311/0000000000400f24/00000001/00000201] dynopt_dct16_sve2_shared
Trace 0: 0x7fcf70154a40 [80081009311/0000000000400f28/00000001/00000201] dynopt_dct16_sve2_shared
Trace 0: 0x7fcf70154b80 [80081009311/0000000000400f2c/00000001/00000201] dynopt_dct16_sve2_shared
Trace 0: 0x7fcf70154cc0 [80081009311/0000000000400f30/00000001/00000201] dynopt_dct16_sve2_shared
Trace 0: 0x7fcf70154e00 [80081009311/0000000000400f34/00000001/00000201] dynopt_dct16_sve2_shared
Trace 0: 0x7fcf70154f40 [80081009311/0000000000400f38/00000001/00000201] dynopt_dct16_sve2_shared
Trace 0: 0x7fcf701550c0 [80081009311/0000000000400f3c/00000001/00000201] dynopt_dct16_sve2_shared
Trace 0: 0x7fcf70154180 [80081009311/0000000000400f0c/00000001/00000201] dynopt_dct16_sve2_shared
Trace 0: 0x7fcf701542c0 [80081009311/0000000000400f10/00000001/00000201] dynopt_dct16_sve2_shared
Trace 0: 0x7fcf70154400 [80081009311/0000000000400f14/00000001/00000201] dynopt_dct16_sve2_shared
Trace 0: 0x7fcf70154540 [80081009311/0000000000400f18/00000001/00000201] dynopt_dct16_sve2_shared
Trace 0: 0x7fcf70154680 [80081009311/0000000000400f1c/00000001/00000201] dynopt_dct16_sve2_shared
Trace 0: 0x7fcf701547c0 [80081009311/0000000000400f20/00000001/00000201] dynopt_dct16_sve2_shared
Trace 0: 0x7fcf70154900 [80081009311/0000000000400f24/00000001/00000201] dynopt_dct16_sve2_shared
Trace 0: 0x7fcf70154a40 [80081009311/0000000000400f28/00000001/00000201] dynopt_dct16_sve2_shared
Trace 0: 0x7fcf70154b80 [80081009311/0000000000400f2c/00000001/00000201] dynopt_dct16_sve2_shared
Trace 0: 0x7fcf70154cc0 [80081009311/0000000000400f30/00000001/00000201] dynopt_dct16_sve2_shared
Trace 0: 0x7fcf70154e00 [80081009311/0000000000400f34/00000001/00000201] dynopt_dct16_sve2_shared
Trace 0: 0x7fcf70154f40 [80081009311/0000000000400f38/00000001/00000201] dynopt_dct16_sve2_shared
Trace 0: 0x7fcf701550c0 [80081009311/0000000000400f3c/00000001/00000201] dynopt_dct16_sve2_shared
Trace 0: 0x7fcf70154180 [80081009311/0000000000400f0c/00000001/00000201] dynopt_dct16_sve2_shared
Trace 0: 0x7fcf701542c0 [80081009311/0000000000400f10/00000001/00000201] dynopt_dct16_sve2_shared
Trace 0: 0x7fcf70154400 [80081009311/0000000000400f14/00000001/00000201] dynopt_dct16_sve2_shared
Trace 0: 0x7fcf70154540 [80081009311/0000000000400f18/00000001/00000201] dynopt_dct16_sve2_shared
Trace 0: 0x7fcf70154680 [80081009311/0000000000400f1c/00000001/00000201] dynopt_dct16_sve2_shared
Trace 0: 0x7fcf701547c0 [80081009311/0000000000400f20/00000001/00000201] dynopt_dct16_sve2_shared
Trace 0: 0x7fcf70154900 [80081009311/0000000000400f24/00000001/00000201] dynopt_dct16_sve2_shared
Trace 0: 0x7fcf70154a40 [80081009311/0000000000400f28/00000001/00000201] dynopt_dct16_sve2_shared
Trace 0: 0x7fcf70154b80 [80081009311/0000000000400f2c/00000001/00000201] dynopt_dct16_sve2_shared
Trace 0: 0x7fcf70154cc0 [80081009311/0000000000400f30/00000001/00000201] dynopt_dct16_sve2_shared
Trace 0: 0x7fcf70154e00 [80081009311/0000000000400f34/00000001/00000201] dynopt_dct16_sve2_shared
Trace 0: 0x7fcf70154f40 [80081009311/0000000000400f38/00000001/00000201] dynopt_dct16_sve2_shared
Trace 0: 0x7fcf701550c0 [80081009311/0000000000400f3c/00000001/00000201] dynopt_dct16_sve2_shared
Trace 0: 0x7fcf70154180 [80081009311/0000000000400f0c/00000001/00000201] dynopt_dct16_sve2_shared
Trace 0: 0x7fcf701542c0 [80081009311/0000000000400f10/00000001/00000201] dynopt_dct16_sve2_shared
Trace 0: 0x7fcf70154400 [80081009311/0000000000400f14/00000001/00000201] dynopt_dct16_sve2_shared
Trace 0: 0x7fcf70154540 [80081009311/0000000000400f18/00000001/00000201] dynopt_dct16_sve2_shared
Trace 0: 0x7fcf70154680 [80081009311/0000000000400f1c/00000001/00000201] dynopt_dct16_sve2_shared
Trace 0: 0x7fcf701547c0 [80081009311/0000000000400f20/00000001/00000201] dynopt_dct16_sve2_shared
Trace 0: 0x7fcf70154900 [80081009311/0000000000400f24/00000001/00000201] dynopt_dct16_sve2_shared
Trace 0: 0x7fcf70154a40 [80081009311/0000000000400f28/00000001/00000201] dynopt_dct16_sve2_shared
Trace 0: 0x7fcf70154b80 [80081009311/0000000000400f2c/00000001/00000201] dynopt_dct16_sve2_shared
Trace 0: 0x7fcf70154cc0 [80081009311/0000000000400f30/00000001/00000201] dynopt_dct16_sve2_shared
Trace 0: 0x7fcf70154e00 [80081009311/0000000000400f34/00000001/00000201] dynopt_dct16_sve2_shared
Trace 0: 0x7fcf70154f40 [80081009311/0000000000400f38/00000001/00000201] dynopt_dct16_sve2_shared
Trace 0: 0x7fcf701550c0 [80081009311/0000000000400f3c/00000001/00000201] dynopt_dct16_sve2_shared
Trace 0: 0x7fcf70154180 [80081009311/0000000000400f0c/00000001/00000201] dynopt_dct16_sve2_shared
Trace 0: 0x7fcf701542c0 [80081009311/0000000000400f10/00000001/00000201] dynopt_dct16_sve2_shared
Trace 0: 0x7fcf70154400 [80081009311/0000000000400f14/00000001/00000201] dynopt_dct16_sve2_shared
Trace 0: 0x7fcf70154540 [80081009311/0000000000400f18/00000001/00000201] dynopt_dct16_sve2_shared
Trace 0: 0x7fcf70154680 [80081009311/0000000000400f1c/00000001/00000201] dynopt_dct16_sve2_shared
Trace 0: 0x7fcf701547c0 [80081009311/0000000000400f20/00000001/00000201] dynopt_dct16_sve2_shared
Trace 0: 0x7fcf70154900 [80081009311/0000000000400f24/00000001/00000201] dynopt_dct16_sve2_shared
Trace 0: 0x7fcf70154a40 [80081009311/0000000000400f28/00000001/00000201] dynopt_dct16_sve2_shared
Trace 0: 0x7fcf70154b80 [80081009311/0000000000400f2c/00000001/00000201] dynopt_dct16_sve2_shared
Trace 0: 0x7fcf70154cc0 [80081009311/0000000000400f30/00000001/00000201] dynopt_dct16_sve2_shared
Trace 0: 0x7fcf70154e00 [80081009311/0000000000400f34/00000001/00000201] dynopt_dct16_sve2_shared
Trace 0: 0x7fcf70154f40 [80081009311/0000000000400f38/00000001/00000201] dynopt_dct16_sve2_shared
Trace 0: 0x7fcf701550c0 [80081009311/0000000000400f3c/00000001/00000201] dynopt_dct16_sve2_shared
Trace 0: 0x7fcf70154180 [80081009311/0000000000400f0c/00000001/00000201] dynopt_dct16_sve2_shared
Trace 0: 0x7fcf701542c0 [80081009311/0000000000400f10/00000001/00000201] dynopt_dct16_sve2_shared
Trace 0: 0x7fcf70154400 [80081009311/0000000000400f14/00000001/00000201] dynopt_dct16_sve2_shared
Trace 0: 0x7fcf70154540 [80081009311/0000000000400f18/00000001/00000201] dynopt_dct16_sve2_shared
Trace 0: 0x7fcf70154680 [80081009311/0000000000400f1c/00000001/00000201] dynopt_dct16_sve2_shared
Trace 0: 0x7fcf701547c0 [80081009311/0000000000400f20/00000001/00000201] dynopt_dct16_sve2_shared
Trace 0: 0x7fcf70154900 [80081009311/0000000000400f24/00000001/00000201] dynopt_dct16_sve2_shared
Trace 0: 0x7fcf70154a40 [80081009311/0000000000400f28/00000001/00000201] dynopt_dct16_sve2_shared
Trace 0: 0x7fcf70154b80 [80081009311/0000000000400f2c/00000001/00000201] dynopt_dct16_sve2_shared
Trace 0: 0x7fcf70154cc0 [80081009311/0000000000400f30/00000001/00000201] dynopt_dct16_sve2_shared
Trace 0: 0x7fcf70154e00 [80081009311/0000000000400f34/00000001/00000201] dynopt_dct16_sve2_shared
Trace 0: 0x7fcf70154f40 [80081009311/0000000000400f38/00000001/00000201] dynopt_dct16_sve2_shared
Trace 0: 0x7fcf701550c0 [80081009311/0000000000400f3c/00000001/00000201] dynopt_dct16_sve2_shared
----------------
IN: dynopt_dct16_sve2_shared
0x00400f40:  3dc120f7  ldr      q23, [x7, #0x480]

Trace 0: 0x7fcf70155200 [80081009311/0000000000400f40/00000001/00000201] dynopt_dct16_sve2_shared
----------------
IN: dynopt_dct16_sve2_shared
0x00400f44:  91034020  add      x0, x1, #0xd0

Trace 0: 0x7fcf70155340 [80081009311/0000000000400f44/00000001/00000201] dynopt_dct16_sve2_shared
----------------
IN: dynopt_dct16_sve2_shared
0x00400f48:  ad554ff2  ldp      q18, q19, [sp, #0x2a0]

Trace 0: 0x7fcf70155480 [80081009311/0000000000400f48/00000001/00000201] dynopt_dct16_sve2_shared
----------------
IN: dynopt_dct16_sve2_shared
0x00400f4c:  91094024  add      x4, x1, #0x250

Trace 0: 0x7fcf70155600 [80081009311/0000000000400f4c/00000001/00000201] dynopt_dct16_sve2_shared
----------------
IN: dynopt_dct16_sve2_shared
0x00400f50:  ad5657f4  ldp      q20, q21, [sp, #0x2c0]

Trace 0: 0x7fcf70155740 [80081009311/0000000000400f50/00000001/00000201] dynopt_dct16_sve2_shared
----------------
IN: dynopt_dct16_sve2_shared
0x00400f54:  aa0303e2  mov      x2, x3

Trace 0: 0x7fcf701558c0 [80081009311/0000000000400f54/00000001/00000201] dynopt_dct16_sve2_shared
----------------
IN: dynopt_dct16_sve2_shared
0x00400f58:  4eb79e76  mul      v22.4s, v19.4s, v23.4s

Trace 0: 0x7fcf70155a00 [80081009311/0000000000400f58/00000001/00000201] dynopt_dct16_sve2_shared
----------------
IN: dynopt_dct16_sve2_shared
0x00400f5c:  4eb79e5f  mul      v31.4s, v18.4s, v23.4s

Trace 0: 0x7fcf70155b40 [80081009311/0000000000400f5c/00000001/00000201] dynopt_dct16_sve2_shared
----------------
IN: dynopt_dct16_sve2_shared
0x00400f60:  4eb6bfff  addp     v31.4s, v31.4s, v22.4s

Trace 0: 0x7fcf70155c80 [80081009311/0000000000400f60/00000001/00000201] dynopt_dct16_sve2_shared
----------------
IN: dynopt_dct16_sve2_shared
0x00400f64:  4eb79e96  mul      v22.4s, v20.4s, v23.4s

Trace 0: 0x7fcf70155dc0 [80081009311/0000000000400f64/00000001/00000201] dynopt_dct16_sve2_shared
----------------
IN: dynopt_dct16_sve2_shared
0x00400f68:  4eb79eb7  mul      v23.4s, v21.4s, v23.4s

Trace 0: 0x7fcf70155f00 [80081009311/0000000000400f68/00000001/00000201] dynopt_dct16_sve2_shared
----------------
IN: dynopt_dct16_sve2_shared
0x00400f6c:  4eb7bed7  addp     v23.4s, v22.4s, v23.4s

Trace 0: 0x7fcf70156040 [80081009311/0000000000400f6c/00000001/00000201] dynopt_dct16_sve2_shared
----------------
IN: dynopt_dct16_sve2_shared
0x00400f70:  4eb7bfff  addp     v31.4s, v31.4s, v23.4s

Trace 0: 0x7fcf70156180 [80081009311/0000000000400f70/00000001/00000201] dynopt_dct16_sve2_shared
----------------
IN: dynopt_dct16_sve2_shared
0x00400f74:  0f168fff  rshrn    v31.4h, v31.4s, #0xa

Trace 0: 0x7fcf701562c0 [80081009311/0000000000400f74/00000001/00000201] dynopt_dct16_sve2_shared
----------------
IN: dynopt_dct16_sve2_shared
0x00400f78:  fd00283f  str      d31, [x1, #0x50]

Trace 0: 0x7fcf70156480 [80081009311/0000000000400f78/00000001/00000201] dynopt_dct16_sve2_shared
----------------
IN: dynopt_dct16_sve2_shared
0x00400f7c:  3cc10457  ldr      q23, [x2], #0x10

Trace 0: 0x7fcf701565c0 [80081009311/0000000000400f7c/00000001/00000201] dynopt_dct16_sve2_shared
----------------
IN: dynopt_dct16_sve2_shared
0x00400f80:  4eb79e76  mul      v22.4s, v19.4s, v23.4s

Trace 0: 0x7fcf70156740 [80081009311/0000000000400f80/00000001/00000201] dynopt_dct16_sve2_shared
----------------
IN: dynopt_dct16_sve2_shared
0x00400f84:  4eb79e5f  mul      v31.4s, v18.4s, v23.4s

Trace 0: 0x7fcf70156880 [80081009311/0000000000400f84/00000001/00000201] dynopt_dct16_sve2_shared
----------------
IN: dynopt_dct16_sve2_shared
0x00400f88:  4eb6bfff  addp     v31.4s, v31.4s, v22.4s

Trace 0: 0x7fcf701569c0 [80081009311/0000000000400f88/00000001/00000201] dynopt_dct16_sve2_shared
----------------
IN: dynopt_dct16_sve2_shared
0x00400f8c:  4eb79e96  mul      v22.4s, v20.4s, v23.4s

Trace 0: 0x7fcf70156b00 [80081009311/0000000000400f8c/00000001/00000201] dynopt_dct16_sve2_shared
----------------
IN: dynopt_dct16_sve2_shared
0x00400f90:  4eb79eb7  mul      v23.4s, v21.4s, v23.4s

Trace 0: 0x7fcf70156c40 [80081009311/0000000000400f90/00000001/00000201] dynopt_dct16_sve2_shared
----------------
IN: dynopt_dct16_sve2_shared
0x00400f94:  4eb7bed7  addp     v23.4s, v22.4s, v23.4s

Trace 0: 0x7fcf70156d80 [80081009311/0000000000400f94/00000001/00000201] dynopt_dct16_sve2_shared
----------------
IN: dynopt_dct16_sve2_shared
0x00400f98:  4eb7bfff  addp     v31.4s, v31.4s, v23.4s

Trace 0: 0x7fcf70156ec0 [80081009311/0000000000400f98/00000001/00000201] dynopt_dct16_sve2_shared
----------------
IN: dynopt_dct16_sve2_shared
0x00400f9c:  0f168fff  rshrn    v31.4h, v31.4s, #0xa

Trace 0: 0x7fcf70157000 [80081009311/0000000000400f9c/00000001/00000201] dynopt_dct16_sve2_shared
----------------
IN: dynopt_dct16_sve2_shared
0x00400fa0:  fc08041f  str      d31, [x0], #0x80

Trace 0: 0x7fcf701571c0 [80081009311/0000000000400fa0/00000001/00000201] dynopt_dct16_sve2_shared
----------------
IN: dynopt_dct16_sve2_shared
0x00400fa4:  eb04001f  cmp      x0, x4

Trace 0: 0x7fcf70157300 [80081009311/0000000000400fa4/00000001/00000201] dynopt_dct16_sve2_shared
----------------
IN: dynopt_dct16_sve2_shared
0x00400fa8:  54fffea1  b.ne     #0x400f7c

Trace 0: 0x7fcf70157480 [80081009311/0000000000400fa8/00000001/00000201] dynopt_dct16_sve2_shared
Trace 0: 0x7fcf701565c0 [80081009311/0000000000400f7c/00000001/00000201] dynopt_dct16_sve2_shared
Trace 0: 0x7fcf70156740 [80081009311/0000000000400f80/00000001/00000201] dynopt_dct16_sve2_shared
Trace 0: 0x7fcf70156880 [80081009311/0000000000400f84/00000001/00000201] dynopt_dct16_sve2_shared
Trace 0: 0x7fcf701569c0 [80081009311/0000000000400f88/00000001/00000201] dynopt_dct16_sve2_shared
Trace 0: 0x7fcf70156b00 [80081009311/0000000000400f8c/00000001/00000201] dynopt_dct16_sve2_shared
Trace 0: 0x7fcf70156c40 [80081009311/0000000000400f90/00000001/00000201] dynopt_dct16_sve2_shared
Trace 0: 0x7fcf70156d80 [80081009311/0000000000400f94/00000001/00000201] dynopt_dct16_sve2_shared
Trace 0: 0x7fcf70156ec0 [80081009311/0000000000400f98/00000001/00000201] dynopt_dct16_sve2_shared
Trace 0: 0x7fcf70157000 [80081009311/0000000000400f9c/00000001/00000201] dynopt_dct16_sve2_shared
Trace 0: 0x7fcf701571c0 [80081009311/0000000000400fa0/00000001/00000201] dynopt_dct16_sve2_shared
Trace 0: 0x7fcf70157300 [80081009311/0000000000400fa4/00000001/00000201] dynopt_dct16_sve2_shared
Trace 0: 0x7fcf70157480 [80081009311/0000000000400fa8/00000001/00000201] dynopt_dct16_sve2_shared
Trace 0: 0x7fcf701565c0 [80081009311/0000000000400f7c/00000001/00000201] dynopt_dct16_sve2_shared
Trace 0: 0x7fcf70156740 [80081009311/0000000000400f80/00000001/00000201] dynopt_dct16_sve2_shared
Trace 0: 0x7fcf70156880 [80081009311/0000000000400f84/00000001/00000201] dynopt_dct16_sve2_shared
Trace 0: 0x7fcf701569c0 [80081009311/0000000000400f88/00000001/00000201] dynopt_dct16_sve2_shared
Trace 0: 0x7fcf70156b00 [80081009311/0000000000400f8c/00000001/00000201] dynopt_dct16_sve2_shared
Trace 0: 0x7fcf70156c40 [80081009311/0000000000400f90/00000001/00000201] dynopt_dct16_sve2_shared
Trace 0: 0x7fcf70156d80 [80081009311/0000000000400f94/00000001/00000201] dynopt_dct16_sve2_shared
Trace 0: 0x7fcf70156ec0 [80081009311/0000000000400f98/00000001/00000201] dynopt_dct16_sve2_shared
Trace 0: 0x7fcf70157000 [80081009311/0000000000400f9c/00000001/00000201] dynopt_dct16_sve2_shared
Trace 0: 0x7fcf701571c0 [80081009311/0000000000400fa0/00000001/00000201] dynopt_dct16_sve2_shared
Trace 0: 0x7fcf70157300 [80081009311/0000000000400fa4/00000001/00000201] dynopt_dct16_sve2_shared
Trace 0: 0x7fcf70157480 [80081009311/0000000000400fa8/00000001/00000201] dynopt_dct16_sve2_shared
----------------
IN: dynopt_dct16_sve2_shared
0x00400fac:  ad435bff  ldp      q31, q22, [sp, #0x60]

Trace 0: 0x7fcf701575c0 [80081009311/0000000000400fac/00000001/00000201] dynopt_dct16_sve2_shared
----------------
IN: dynopt_dct16_sve2_shared
0x00400fb0:  2518e3e7  ptrue    p7.b

Trace 0: 0x7fcf70157740 [80081009311/0000000000400fb0/00000001/00000201] dynopt_dct16_sve2_shared
----------------
IN: dynopt_dct16_sve2_shared
0x00400fb4:  9123c127  add      x7, x9, #0x8f0

Trace 0: 0x7fcf70157880 [80081009311/0000000000400fb4/00000001/00000201] dynopt_dct16_sve2_shared
----------------
IN: dynopt_dct16_sve2_shared
0x00400fb8:  9100e026  add      x6, x1, #0x38

Trace 0: 0x7fcf701579c0 [80081009311/0000000000400fb8/00000001/00000201] dynopt_dct16_sve2_shared
----------------
IN: dynopt_dct16_sve2_shared
0x00400fbc:  910200e5  add      x5, x7, #0x80

Trace 0: 0x7fcf70157b00 [80081009311/0000000000400fbc/00000001/00000201] dynopt_dct16_sve2_shared
----------------
IN: dynopt_dct16_sve2_shared
0x00400fc0:  910a00e4  add      x4, x7, #0x280

Trace 0: 0x7fcf70157c40 [80081009311/0000000000400fc0/00000001/00000201] dynopt_dct16_sve2_shared
----------------
IN: dynopt_dct16_sve2_shared
0x00400fc4:  d2800000  mov      x0, #0

Trace 0: 0x7fcf70157d80 [80081009311/0000000000400fc4/00000001/00000201] dynopt_dct16_sve2_shared
----------------
IN: dynopt_dct16_sve2_shared
0x00400fc8:  4eb6bff7  addp     v23.4s, v31.4s, v22.4s

Trace 0: 0x7fcf70157ec0 [80081009311/0000000000400fc8/00000001/00000201] dynopt_dct16_sve2_shared
----------------
IN: dynopt_dct16_sve2_shared
0x00400fcc:  3dc134f3  ldr      q19, [x7, #0x4d0]

Trace 0: 0x7fcf70158000 [80081009311/0000000000400fcc/00000001/00000201] dynopt_dct16_sve2_shared
----------------
IN: dynopt_dct16_sve2_shared
0x00400fd0:  4f2656f7  shl      v23.4s, v23.4s, #6

Trace 0: 0x7fcf70158140 [80081009311/0000000000400fd0/00000001/00000201] dynopt_dct16_sve2_shared
----------------
IN: dynopt_dct16_sve2_shared
0x00400fd4:  0f168ef7  rshrn    v23.4h, v23.4s, #0xa

Trace 0: 0x7fcf70158280 [80081009311/0000000000400fd4/00000001/00000201] dynopt_dct16_sve2_shared
----------------
IN: dynopt_dct16_sve2_shared
0x00400fd8:  fd000837  str      d23, [x1, #0x10]

Trace 0: 0x7fcf70158440 [80081009311/0000000000400fd8/00000001/00000201] dynopt_dct16_sve2_shared
----------------
IN: dynopt_dct16_sve2_shared
0x00400fdc:  ad4753f7  ldp      q23, q20, [sp, #0xe0]

Trace 0: 0x7fcf70158580 [80081009311/0000000000400fdc/00000001/00000201] dynopt_dct16_sve2_shared
----------------
IN: dynopt_dct16_sve2_shared
0x00400fe0:  4eb39ef5  mul      v21.4s, v23.4s, v19.4s

Trace 0: 0x7fcf70158700 [80081009311/0000000000400fe0/00000001/00000201] dynopt_dct16_sve2_shared
----------------
IN: dynopt_dct16_sve2_shared
0x00400fe4:  4eb39e93  mul      v19.4s, v20.4s, v19.4s

Trace 0: 0x7fcf70158840 [80081009311/0000000000400fe4/00000001/00000201] dynopt_dct16_sve2_shared
----------------
IN: dynopt_dct16_sve2_shared
0x00400fe8:  4eb3beb5  addp     v21.4s, v21.4s, v19.4s

Trace 0: 0x7fcf70158980 [80081009311/0000000000400fe8/00000001/00000201] dynopt_dct16_sve2_shared
----------------
IN: dynopt_dct16_sve2_shared
0x00400fec:  0f168eb5  rshrn    v21.4h, v21.4s, #0xa

Trace 0: 0x7fcf70158ac0 [80081009311/0000000000400fec/00000001/00000201] dynopt_dct16_sve2_shared
----------------
IN: dynopt_dct16_sve2_shared
0x00400ff0:  fd004835  str      d21, [x1, #0x90]

Trace 0: 0x7fcf70158c80 [80081009311/0000000000400ff0/00000001/00000201] dynopt_dct16_sve2_shared
----------------
IN: dynopt_dct16_sve2_shared
0x00400ff4:  3dc138f5  ldr      q21, [x7, #0x4e0]

Trace 0: 0x7fcf70158dc0 [80081009311/0000000000400ff4/00000001/00000201] dynopt_dct16_sve2_shared
----------------
IN: dynopt_dct16_sve2_shared
0x00400ff8:  4eb59ed6  mul      v22.4s, v22.4s, v21.4s

Trace 0: 0x7fcf70158f00 [80081009311/0000000000400ff8/00000001/00000201] dynopt_dct16_sve2_shared
----------------
IN: dynopt_dct16_sve2_shared
0x00400ffc:  4eb59fff  mul      v31.4s, v31.4s, v21.4s

Trace 0: 0x7fcf70159040 [80081009311/0000000000400ffc/00000001/00000201] dynopt_dct16_sve2_shared
----------------
IN: dynopt_dct16_sve2_shared
0x00401000:  4eb6bfff  addp     v31.4s, v31.4s, v22.4s

Trace 0: 0x7fcf70159180 [80081009311/0000000000401000/00000001/00000201] dynopt_dct16_sve2_shared
----------------
IN: dynopt_dct16_sve2_shared
0x00401004:  3dc13cf6  ldr      q22, [x7, #0x4f0]

Trace 0: 0x7fcf701592c0 [80081009311/0000000000401004/00000001/00000201] dynopt_dct16_sve2_shared
----------------
IN: dynopt_dct16_sve2_shared
0x00401008:  0f168fff  rshrn    v31.4h, v31.4s, #0xa

Trace 0: 0x7fcf70159400 [80081009311/0000000000401008/00000001/00000201] dynopt_dct16_sve2_shared
----------------
IN: dynopt_dct16_sve2_shared
0x0040100c:  fd00883f  str      d31, [x1, #0x110]

Trace 0: 0x7fcf701595c0 [80081009311/000000000040100c/00000001/00000201] dynopt_dct16_sve2_shared
----------------
IN: dynopt_dct16_sve2_shared
0x00401010:  4eb69eff  mul      v31.4s, v23.4s, v22.4s

Trace 0: 0x7fcf70159700 [80081009311/0000000000401010/00000001/00000201] dynopt_dct16_sve2_shared
----------------
IN: dynopt_dct16_sve2_shared
0x00401014:  4eb69e97  mul      v23.4s, v20.4s, v22.4s

Trace 0: 0x7fcf70159840 [80081009311/0000000000401014/00000001/00000201] dynopt_dct16_sve2_shared
----------------
IN: dynopt_dct16_sve2_shared
0x00401018:  04783316  mov      z22.d, z24.d

Trace 0: 0x7fcf70159980 [80081009311/0000000000401018/00000001/00000201] dynopt_dct16_sve2_shared
----------------
IN: dynopt_dct16_sve2_shared
0x0040101c:  047b3378  mov      z24.d, z27.d

Trace 0: 0x7fcf70159ac0 [80081009311/000000000040101c/00000001/00000201] dynopt_dct16_sve2_shared
----------------
IN: dynopt_dct16_sve2_shared
0x00401020:  4eb7bfff  addp     v31.4s, v31.4s, v23.4s

Trace 0: 0x7fcf70159c00 [80081009311/0000000000401020/00000001/00000201] dynopt_dct16_sve2_shared
----------------
IN: dynopt_dct16_sve2_shared
0x00401024:  04793337  mov      z23.d, z25.d

Trace 0: 0x7fcf70159d40 [80081009311/0000000000401024/00000001/00000201] dynopt_dct16_sve2_shared
----------------
IN: dynopt_dct16_sve2_shared
0x00401028:  047e33d9  mov      z25.d, z30.d

Trace 0: 0x7fcf70159e80 [80081009311/0000000000401028/00000001/00000201] dynopt_dct16_sve2_shared
----------------
IN: dynopt_dct16_sve2_shared
0x0040102c:  057d2ade  tbl      z30.h, {z22.h, z23.h}, z29.h

Trace 0: 0x7fcf70159fc0 [80081009311/000000000040102c/00000001/00000201] dynopt_dct16_sve2_shared
----------------
IN: dynopt_dct16_sve2_shared
0x00401030:  0f168fff  rshrn    v31.4h, v31.4s, #0xa

Trace 0: 0x7fcf7015a100 [80081009311/0000000000401030/00000001/00000201] dynopt_dct16_sve2_shared
----------------
IN: dynopt_dct16_sve2_shared
0x00401034:  fd00c83f  str      d31, [x1, #0x190]

Trace 0: 0x7fcf7015a2c0 [80081009311/0000000000401034/00000001/00000201] dynopt_dct16_sve2_shared
----------------
IN: dynopt_dct16_sve2_shared
0x00401038:  057d2b1f  tbl      z31.h, {z24.h, z25.h}, z29.h

Trace 0: 0x7fcf7015a400 [80081009311/0000000000401038/00000001/00000201] dynopt_dct16_sve2_shared
----------------
IN: dynopt_dct16_sve2_shared
0x0040103c:  057c2bdc  tbl      z28.h, {z30.h, z31.h}, z28.h

Trace 0: 0x7fcf7015a540 [80081009311/000000000040103c/00000001/00000201] dynopt_dct16_sve2_shared
----------------
IN: dynopt_dct16_sve2_shared
0x00401040:  057d2ade  tbl      z30.h, {z22.h, z23.h}, z29.h

Trace 0: 0x7fcf7015a680 [80081009311/0000000000401040/00000001/00000201] dynopt_dct16_sve2_shared
----------------
IN: dynopt_dct16_sve2_shared
0x00401044:  057d2b1f  tbl      z31.h, {z24.h, z25.h}, z29.h

Trace 0: 0x7fcf7015a7c0 [80081009311/0000000000401044/00000001/00000201] dynopt_dct16_sve2_shared
----------------
IN: dynopt_dct16_sve2_shared
0x00401048:  057a2bde  tbl      z30.h, {z30.h, z31.h}, z26.h

Trace 0: 0x7fcf7015a900 [80081009311/0000000000401048/00000001/00000201] dynopt_dct16_sve2_shared
----------------
IN: dynopt_dct16_sve2_shared
0x0040104c:  2f00e41a  movi     d26, #0000000000000000

Trace 0: 0x7fcf7015aa40 [80081009311/000000000040104c/00000001/00000201] dynopt_dct16_sve2_shared
----------------
IN: dynopt_dct16_sve2_shared
0x00401050:  d37ff802  lsl      x2, x0, #1

Trace 0: 0x7fcf7015ab80 [80081009311/0000000000401050/00000001/00000201] dynopt_dct16_sve2_shared
----------------
IN: dynopt_dct16_sve2_shared
0x00401054:  a4a05cbd  ld1h     {z29.h}, p7/z, [x5, x0, lsl #1]

Trace 0: 0x7fcf7015acc0 [80081009311/0000000000401054/00000001/00000201] dynopt_dct16_sve2_shared
----------------
IN: dynopt_dct16_sve2_shared
0x00401058:  a4a05c9b  ld1h     {z27.h}, p7/z, [x4, x0, lsl #1]

Trace 0: 0x7fcf7015ae00 [80081009311/0000000000401058/00000001/00000201] dynopt_dct16_sve2_shared
----------------
IN: dynopt_dct16_sve2_shared
0x0040105c:  91008000  add      x0, x0, #0x20

Trace 0: 0x7fcf7015af40 [80081009311/000000000040105c/00000001/00000201] dynopt_dct16_sve2_shared
----------------
IN: dynopt_dct16_sve2_shared
0x00401060:  0420bf5f  movprfx  z31, z26

Trace 0: 0x7fcf7015b080 [80081009311/0000000000401060/00000001/00000201] dynopt_dct16_sve2_shared
----------------
IN: dynopt_dct16_sve2_shared
0x00401064:  44db03df  sdot     z31.d, z30.h, z27.h

Trace 0: 0x7fcf7015b1c0 [80081009311/0000000000401064/00000001/00000201] dynopt_dct16_sve2_shared
----------------
IN: dynopt_dct16_sve2_shared
0x00401068:  44dd039f  sdot     z31.d, z28.h, z29.h

Trace 0: 0x7fcf7015b300 [80081009311/0000000000401068/00000001/00000201] dynopt_dct16_sve2_shared
----------------
IN: dynopt_dct16_sve2_shared
0x0040106c:  05bf6bff  uzp1     z31.s, z31.s, z31.s

Trace 0: 0x7fcf7015b440 [80081009311/000000000040106c/00000001/00000201] dynopt_dct16_sve2_shared
----------------
IN: dynopt_dct16_sve2_shared
0x00401070:  45361bff  rshrnb   z31.h, z31.s, #0xa

Trace 0: 0x7fcf7015b580 [80081009311/0000000000401070/00000001/00000201] dynopt_dct16_sve2_shared
----------------
IN: dynopt_dct16_sve2_shared
0x00401074:  057f6bff  uzp1     z31.h, z31.h, z31.h

Trace 0: 0x7fcf7015b6c0 [80081009311/0000000000401074/00000001/00000201] dynopt_dct16_sve2_shared
----------------
IN: dynopt_dct16_sve2_shared
0x00401078:  fc2268df  str      d31, [x6, x2]

Trace 0: 0x7fcf7015b800 [80081009311/0000000000401078/00000001/00000201] dynopt_dct16_sve2_shared
----------------
IN: dynopt_dct16_sve2_shared
0x0040107c:  f104001f  cmp      x0, #0x100

Trace 0: 0x7fcf7015b940 [80081009311/000000000040107c/00000001/00000201] dynopt_dct16_sve2_shared
----------------
IN: dynopt_dct16_sve2_shared
0x00401080:  54fffe81  b.ne     #0x401050

Trace 0: 0x7fcf7015bac0 [80081009311/0000000000401080/00000001/00000201] dynopt_dct16_sve2_shared
Trace 0: 0x7fcf7015ab80 [80081009311/0000000000401050/00000001/00000201] dynopt_dct16_sve2_shared
Trace 0: 0x7fcf7015acc0 [80081009311/0000000000401054/00000001/00000201] dynopt_dct16_sve2_shared
Trace 0: 0x7fcf7015ae00 [80081009311/0000000000401058/00000001/00000201] dynopt_dct16_sve2_shared
Trace 0: 0x7fcf7015af40 [80081009311/000000000040105c/00000001/00000201] dynopt_dct16_sve2_shared
Trace 0: 0x7fcf7015b080 [80081009311/0000000000401060/00000001/00000201] dynopt_dct16_sve2_shared
Trace 0: 0x7fcf7015b1c0 [80081009311/0000000000401064/00000001/00000201] dynopt_dct16_sve2_shared
Trace 0: 0x7fcf7015b300 [80081009311/0000000000401068/00000001/00000201] dynopt_dct16_sve2_shared
Trace 0: 0x7fcf7015b440 [80081009311/000000000040106c/00000001/00000201] dynopt_dct16_sve2_shared
Trace 0: 0x7fcf7015b580 [80081009311/0000000000401070/00000001/00000201] dynopt_dct16_sve2_shared
Trace 0: 0x7fcf7015b6c0 [80081009311/0000000000401074/00000001/00000201] dynopt_dct16_sve2_shared
Trace 0: 0x7fcf7015b800 [80081009311/0000000000401078/00000001/00000201] dynopt_dct16_sve2_shared
Trace 0: 0x7fcf7015b940 [80081009311/000000000040107c/00000001/00000201] dynopt_dct16_sve2_shared
Trace 0: 0x7fcf7015bac0 [80081009311/0000000000401080/00000001/00000201] dynopt_dct16_sve2_shared
Trace 0: 0x7fcf7015ab80 [80081009311/0000000000401050/00000001/00000201] dynopt_dct16_sve2_shared
Trace 0: 0x7fcf7015acc0 [80081009311/0000000000401054/00000001/00000201] dynopt_dct16_sve2_shared
Trace 0: 0x7fcf7015ae00 [80081009311/0000000000401058/00000001/00000201] dynopt_dct16_sve2_shared
Trace 0: 0x7fcf7015af40 [80081009311/000000000040105c/00000001/00000201] dynopt_dct16_sve2_shared
Trace 0: 0x7fcf7015b080 [80081009311/0000000000401060/00000001/00000201] dynopt_dct16_sve2_shared
Trace 0: 0x7fcf7015b1c0 [80081009311/0000000000401064/00000001/00000201] dynopt_dct16_sve2_shared
Trace 0: 0x7fcf7015b300 [80081009311/0000000000401068/00000001/00000201] dynopt_dct16_sve2_shared
Trace 0: 0x7fcf7015b440 [80081009311/000000000040106c/00000001/00000201] dynopt_dct16_sve2_shared
Trace 0: 0x7fcf7015b580 [80081009311/0000000000401070/00000001/00000201] dynopt_dct16_sve2_shared
Trace 0: 0x7fcf7015b6c0 [80081009311/0000000000401074/00000001/00000201] dynopt_dct16_sve2_shared
Trace 0: 0x7fcf7015b800 [80081009311/0000000000401078/00000001/00000201] dynopt_dct16_sve2_shared
Trace 0: 0x7fcf7015b940 [80081009311/000000000040107c/00000001/00000201] dynopt_dct16_sve2_shared
Trace 0: 0x7fcf7015bac0 [80081009311/0000000000401080/00000001/00000201] dynopt_dct16_sve2_shared
Trace 0: 0x7fcf7015ab80 [80081009311/0000000000401050/00000001/00000201] dynopt_dct16_sve2_shared
Trace 0: 0x7fcf7015acc0 [80081009311/0000000000401054/00000001/00000201] dynopt_dct16_sve2_shared
Trace 0: 0x7fcf7015ae00 [80081009311/0000000000401058/00000001/00000201] dynopt_dct16_sve2_shared
Trace 0: 0x7fcf7015af40 [80081009311/000000000040105c/00000001/00000201] dynopt_dct16_sve2_shared
Trace 0: 0x7fcf7015b080 [80081009311/0000000000401060/00000001/00000201] dynopt_dct16_sve2_shared
Trace 0: 0x7fcf7015b1c0 [80081009311/0000000000401064/00000001/00000201] dynopt_dct16_sve2_shared
Trace 0: 0x7fcf7015b300 [80081009311/0000000000401068/00000001/00000201] dynopt_dct16_sve2_shared
Trace 0: 0x7fcf7015b440 [80081009311/000000000040106c/00000001/00000201] dynopt_dct16_sve2_shared
Trace 0: 0x7fcf7015b580 [80081009311/0000000000401070/00000001/00000201] dynopt_dct16_sve2_shared
Trace 0: 0x7fcf7015b6c0 [80081009311/0000000000401074/00000001/00000201] dynopt_dct16_sve2_shared
Trace 0: 0x7fcf7015b800 [80081009311/0000000000401078/00000001/00000201] dynopt_dct16_sve2_shared
Trace 0: 0x7fcf7015b940 [80081009311/000000000040107c/00000001/00000201] dynopt_dct16_sve2_shared
Trace 0: 0x7fcf7015bac0 [80081009311/0000000000401080/00000001/00000201] dynopt_dct16_sve2_shared
Trace 0: 0x7fcf7015ab80 [80081009311/0000000000401050/00000001/00000201] dynopt_dct16_sve2_shared
Trace 0: 0x7fcf7015acc0 [80081009311/0000000000401054/00000001/00000201] dynopt_dct16_sve2_shared
Trace 0: 0x7fcf7015ae00 [80081009311/0000000000401058/00000001/00000201] dynopt_dct16_sve2_shared
Trace 0: 0x7fcf7015af40 [80081009311/000000000040105c/00000001/00000201] dynopt_dct16_sve2_shared
Trace 0: 0x7fcf7015b080 [80081009311/0000000000401060/00000001/00000201] dynopt_dct16_sve2_shared
Trace 0: 0x7fcf7015b1c0 [80081009311/0000000000401064/00000001/00000201] dynopt_dct16_sve2_shared
Trace 0: 0x7fcf7015b300 [80081009311/0000000000401068/00000001/00000201] dynopt_dct16_sve2_shared
Trace 0: 0x7fcf7015b440 [80081009311/000000000040106c/00000001/00000201] dynopt_dct16_sve2_shared
Trace 0: 0x7fcf7015b580 [80081009311/0000000000401070/00000001/00000201] dynopt_dct16_sve2_shared
Trace 0: 0x7fcf7015b6c0 [80081009311/0000000000401074/00000001/00000201] dynopt_dct16_sve2_shared
Trace 0: 0x7fcf7015b800 [80081009311/0000000000401078/00000001/00000201] dynopt_dct16_sve2_shared
Trace 0: 0x7fcf7015b940 [80081009311/000000000040107c/00000001/00000201] dynopt_dct16_sve2_shared
Trace 0: 0x7fcf7015bac0 [80081009311/0000000000401080/00000001/00000201] dynopt_dct16_sve2_shared
Trace 0: 0x7fcf7015ab80 [80081009311/0000000000401050/00000001/00000201] dynopt_dct16_sve2_shared
Trace 0: 0x7fcf7015acc0 [80081009311/0000000000401054/00000001/00000201] dynopt_dct16_sve2_shared
Trace 0: 0x7fcf7015ae00 [80081009311/0000000000401058/00000001/00000201] dynopt_dct16_sve2_shared
Trace 0: 0x7fcf7015af40 [80081009311/000000000040105c/00000001/00000201] dynopt_dct16_sve2_shared
Trace 0: 0x7fcf7015b080 [80081009311/0000000000401060/00000001/00000201] dynopt_dct16_sve2_shared
Trace 0: 0x7fcf7015b1c0 [80081009311/0000000000401064/00000001/00000201] dynopt_dct16_sve2_shared
Trace 0: 0x7fcf7015b300 [80081009311/0000000000401068/00000001/00000201] dynopt_dct16_sve2_shared
Trace 0: 0x7fcf7015b440 [80081009311/000000000040106c/00000001/00000201] dynopt_dct16_sve2_shared
Trace 0: 0x7fcf7015b580 [80081009311/0000000000401070/00000001/00000201] dynopt_dct16_sve2_shared
Trace 0: 0x7fcf7015b6c0 [80081009311/0000000000401074/00000001/00000201] dynopt_dct16_sve2_shared
Trace 0: 0x7fcf7015b800 [80081009311/0000000000401078/00000001/00000201] dynopt_dct16_sve2_shared
Trace 0: 0x7fcf7015b940 [80081009311/000000000040107c/00000001/00000201] dynopt_dct16_sve2_shared
Trace 0: 0x7fcf7015bac0 [80081009311/0000000000401080/00000001/00000201] dynopt_dct16_sve2_shared
Trace 0: 0x7fcf7015ab80 [80081009311/0000000000401050/00000001/00000201] dynopt_dct16_sve2_shared
Trace 0: 0x7fcf7015acc0 [80081009311/0000000000401054/00000001/00000201] dynopt_dct16_sve2_shared
Trace 0: 0x7fcf7015ae00 [80081009311/0000000000401058/00000001/00000201] dynopt_dct16_sve2_shared
Trace 0: 0x7fcf7015af40 [80081009311/000000000040105c/00000001/00000201] dynopt_dct16_sve2_shared
Trace 0: 0x7fcf7015b080 [80081009311/0000000000401060/00000001/00000201] dynopt_dct16_sve2_shared
Trace 0: 0x7fcf7015b1c0 [80081009311/0000000000401064/00000001/00000201] dynopt_dct16_sve2_shared
Trace 0: 0x7fcf7015b300 [80081009311/0000000000401068/00000001/00000201] dynopt_dct16_sve2_shared
Trace 0: 0x7fcf7015b440 [80081009311/000000000040106c/00000001/00000201] dynopt_dct16_sve2_shared
Trace 0: 0x7fcf7015b580 [80081009311/0000000000401070/00000001/00000201] dynopt_dct16_sve2_shared
Trace 0: 0x7fcf7015b6c0 [80081009311/0000000000401074/00000001/00000201] dynopt_dct16_sve2_shared
Trace 0: 0x7fcf7015b800 [80081009311/0000000000401078/00000001/00000201] dynopt_dct16_sve2_shared
Trace 0: 0x7fcf7015b940 [80081009311/000000000040107c/00000001/00000201] dynopt_dct16_sve2_shared
Trace 0: 0x7fcf7015bac0 [80081009311/0000000000401080/00000001/00000201] dynopt_dct16_sve2_shared
Trace 0: 0x7fcf7015ab80 [80081009311/0000000000401050/00000001/00000201] dynopt_dct16_sve2_shared
Trace 0: 0x7fcf7015acc0 [80081009311/0000000000401054/00000001/00000201] dynopt_dct16_sve2_shared
Trace 0: 0x7fcf7015ae00 [80081009311/0000000000401058/00000001/00000201] dynopt_dct16_sve2_shared
Trace 0: 0x7fcf7015af40 [80081009311/000000000040105c/00000001/00000201] dynopt_dct16_sve2_shared
Trace 0: 0x7fcf7015b080 [80081009311/0000000000401060/00000001/00000201] dynopt_dct16_sve2_shared
Trace 0: 0x7fcf7015b1c0 [80081009311/0000000000401064/00000001/00000201] dynopt_dct16_sve2_shared
Trace 0: 0x7fcf7015b300 [80081009311/0000000000401068/00000001/00000201] dynopt_dct16_sve2_shared
Trace 0: 0x7fcf7015b440 [80081009311/000000000040106c/00000001/00000201] dynopt_dct16_sve2_shared
Trace 0: 0x7fcf7015b580 [80081009311/0000000000401070/00000001/00000201] dynopt_dct16_sve2_shared
Trace 0: 0x7fcf7015b6c0 [80081009311/0000000000401074/00000001/00000201] dynopt_dct16_sve2_shared
Trace 0: 0x7fcf7015b800 [80081009311/0000000000401078/00000001/00000201] dynopt_dct16_sve2_shared
Trace 0: 0x7fcf7015b940 [80081009311/000000000040107c/00000001/00000201] dynopt_dct16_sve2_shared
Trace 0: 0x7fcf7015bac0 [80081009311/0000000000401080/00000001/00000201] dynopt_dct16_sve2_shared
----------------
IN: dynopt_dct16_sve2_shared
0x00401084:  3dc120e1  ldr      q1, [x7, #0x480]

Trace 0: 0x7fcf7015bc00 [80081009311/0000000000401084/00000001/00000201] dynopt_dct16_sve2_shared
----------------
IN: dynopt_dct16_sve2_shared
0x00401088:  91036020  add      x0, x1, #0xd8

Trace 0: 0x7fcf7015bd40 [80081009311/0000000000401088/00000001/00000201] dynopt_dct16_sve2_shared
----------------
IN: dynopt_dct16_sve2_shared
0x0040108c:  ad577bff  ldp      q31, q30, [sp, #0x2e0]

Trace 0: 0x7fcf7015be80 [80081009311/000000000040108c/00000001/00000201] dynopt_dct16_sve2_shared
----------------
IN: dynopt_dct16_sve2_shared
0x00401090:  91096022  add      x2, x1, #0x258

Trace 0: 0x7fcf7015c000 [80081009311/0000000000401090/00000001/00000201] dynopt_dct16_sve2_shared
----------------
IN: dynopt_dct16_sve2_shared
0x00401094:  ad5873fd  ldp      q29, q28, [sp, #0x300]

Trace 0: 0x7fcf7015c140 [80081009311/0000000000401094/00000001/00000201] dynopt_dct16_sve2_shared
----------------
IN: dynopt_dct16_sve2_shared
0x00401098:  4ea19fe4  mul      v4.4s, v31.4s, v1.4s

Trace 0: 0x7fcf7015c2c0 [80081009311/0000000000401098/00000001/00000201] dynopt_dct16_sve2_shared
----------------
IN: dynopt_dct16_sve2_shared
0x0040109c:  4ea19fc3  mul      v3.4s, v30.4s, v1.4s

Trace 0: 0x7fcf7015c400 [80081009311/000000000040109c/00000001/00000201] dynopt_dct16_sve2_shared
----------------
IN: dynopt_dct16_sve2_shared
0x004010a0:  4ea19fa2  mul      v2.4s, v29.4s, v1.4s

Trace 0: 0x7fcf7015c540 [80081009311/00000000004010a0/00000001/00000201] dynopt_dct16_sve2_shared
----------------
IN: dynopt_dct16_sve2_shared
0x004010a4:  4ea19f81  mul      v1.4s, v28.4s, v1.4s

Trace 0: 0x7fcf7015c680 [80081009311/00000000004010a4/00000001/00000201] dynopt_dct16_sve2_shared
----------------
IN: dynopt_dct16_sve2_shared
0x004010a8:  4ea3bc83  addp     v3.4s, v4.4s, v3.4s

Trace 0: 0x7fcf7015c7c0 [80081009311/00000000004010a8/00000001/00000201] dynopt_dct16_sve2_shared
----------------
IN: dynopt_dct16_sve2_shared
0x004010ac:  4ea1bc41  addp     v1.4s, v2.4s, v1.4s

Trace 0: 0x7fcf7015c900 [80081009311/00000000004010ac/00000001/00000201] dynopt_dct16_sve2_shared
----------------
IN: dynopt_dct16_sve2_shared
0x004010b0:  4ea1bc61  addp     v1.4s, v3.4s, v1.4s

Trace 0: 0x7fcf7015ca40 [80081009311/00000000004010b0/00000001/00000201] dynopt_dct16_sve2_shared
----------------
IN: dynopt_dct16_sve2_shared
0x004010b4:  0f168c21  rshrn    v1.4h, v1.4s, #0xa

Trace 0: 0x7fcf7015cb80 [80081009311/00000000004010b4/00000001/00000201] dynopt_dct16_sve2_shared
----------------
IN: dynopt_dct16_sve2_shared
0x004010b8:  fd002c21  str      d1, [x1, #0x58]

Trace 0: 0x7fcf7015cd40 [80081009311/00000000004010b8/00000001/00000201] dynopt_dct16_sve2_shared
----------------
IN: dynopt_dct16_sve2_shared
0x004010bc:  3cc10479  ldr      q25, [x3], #0x10

Trace 0: 0x7fcf7015ce80 [80081009311/00000000004010bc/00000001/00000201] dynopt_dct16_sve2_shared
----------------
IN: dynopt_dct16_sve2_shared
0x004010c0:  4eb99fe0  mul      v0.4s, v31.4s, v25.4s

Trace 0: 0x7fcf7015d000 [80081009311/00000000004010c0/00000001/00000201] dynopt_dct16_sve2_shared
----------------
IN: dynopt_dct16_sve2_shared
0x004010c4:  4eb99fdb  mul      v27.4s, v30.4s, v25.4s

Trace 0: 0x7fcf7015d140 [80081009311/00000000004010c4/00000001/00000201] dynopt_dct16_sve2_shared
----------------
IN: dynopt_dct16_sve2_shared
0x004010c8:  4eb99fba  mul      v26.4s, v29.4s, v25.4s

Trace 0: 0x7fcf7015d280 [80081009311/00000000004010c8/00000001/00000201] dynopt_dct16_sve2_shared
----------------
IN: dynopt_dct16_sve2_shared
0x004010cc:  4eb99f99  mul      v25.4s, v28.4s, v25.4s

Trace 0: 0x7fcf7015d3c0 [80081009311/00000000004010cc/00000001/00000201] dynopt_dct16_sve2_shared
----------------
IN: dynopt_dct16_sve2_shared
0x004010d0:  4ebbbc1b  addp     v27.4s, v0.4s, v27.4s

Trace 0: 0x7fcf7015d500 [80081009311/00000000004010d0/00000001/00000201] dynopt_dct16_sve2_shared
----------------
IN: dynopt_dct16_sve2_shared
0x004010d4:  4eb9bf59  addp     v25.4s, v26.4s, v25.4s

Trace 0: 0x7fcf7015d640 [80081009311/00000000004010d4/00000001/00000201] dynopt_dct16_sve2_shared
----------------
IN: dynopt_dct16_sve2_shared
0x004010d8:  4eb9bf79  addp     v25.4s, v27.4s, v25.4s

Trace 0: 0x7fcf7015d780 [80081009311/00000000004010d8/00000001/00000201] dynopt_dct16_sve2_shared
----------------
IN: dynopt_dct16_sve2_shared
0x004010dc:  0f168f39  rshrn    v25.4h, v25.4s, #0xa

Trace 0: 0x7fcf7015d8c0 [80081009311/00000000004010dc/00000001/00000201] dynopt_dct16_sve2_shared
----------------
IN: dynopt_dct16_sve2_shared
0x004010e0:  fc080419  str      d25, [x0], #0x80

Trace 0: 0x7fcf7015da80 [80081009311/00000000004010e0/00000001/00000201] dynopt_dct16_sve2_shared
----------------
IN: dynopt_dct16_sve2_shared
0x004010e4:  eb02001f  cmp      x0, x2

Trace 0: 0x7fcf7015dbc0 [80081009311/00000000004010e4/00000001/00000201] dynopt_dct16_sve2_shared
----------------
IN: dynopt_dct16_sve2_shared
0x004010e8:  54fffea1  b.ne     #0x4010bc

Trace 0: 0x7fcf7015dd40 [80081009311/00000000004010e8/00000001/00000201] dynopt_dct16_sve2_shared
Trace 0: 0x7fcf7015ce80 [80081009311/00000000004010bc/00000001/00000201] dynopt_dct16_sve2_shared
Trace 0: 0x7fcf7015d000 [80081009311/00000000004010c0/00000001/00000201] dynopt_dct16_sve2_shared
Trace 0: 0x7fcf7015d140 [80081009311/00000000004010c4/00000001/00000201] dynopt_dct16_sve2_shared
Trace 0: 0x7fcf7015d280 [80081009311/00000000004010c8/00000001/00000201] dynopt_dct16_sve2_shared
Trace 0: 0x7fcf7015d3c0 [80081009311/00000000004010cc/00000001/00000201] dynopt_dct16_sve2_shared
Trace 0: 0x7fcf7015d500 [80081009311/00000000004010d0/00000001/00000201] dynopt_dct16_sve2_shared
Trace 0: 0x7fcf7015d640 [80081009311/00000000004010d4/00000001/00000201] dynopt_dct16_sve2_shared
Trace 0: 0x7fcf7015d780 [80081009311/00000000004010d8/00000001/00000201] dynopt_dct16_sve2_shared
Trace 0: 0x7fcf7015d8c0 [80081009311/00000000004010dc/00000001/00000201] dynopt_dct16_sve2_shared
Trace 0: 0x7fcf7015da80 [80081009311/00000000004010e0/00000001/00000201] dynopt_dct16_sve2_shared
Trace 0: 0x7fcf7015dbc0 [80081009311/00000000004010e4/00000001/00000201] dynopt_dct16_sve2_shared
Trace 0: 0x7fcf7015dd40 [80081009311/00000000004010e8/00000001/00000201] dynopt_dct16_sve2_shared
Trace 0: 0x7fcf7015ce80 [80081009311/00000000004010bc/00000001/00000201] dynopt_dct16_sve2_shared
Trace 0: 0x7fcf7015d000 [80081009311/00000000004010c0/00000001/00000201] dynopt_dct16_sve2_shared
Trace 0: 0x7fcf7015d140 [80081009311/00000000004010c4/00000001/00000201] dynopt_dct16_sve2_shared
Trace 0: 0x7fcf7015d280 [80081009311/00000000004010c8/00000001/00000201] dynopt_dct16_sve2_shared
Trace 0: 0x7fcf7015d3c0 [80081009311/00000000004010cc/00000001/00000201] dynopt_dct16_sve2_shared
Trace 0: 0x7fcf7015d500 [80081009311/00000000004010d0/00000001/00000201] dynopt_dct16_sve2_shared
Trace 0: 0x7fcf7015d640 [80081009311/00000000004010d4/00000001/00000201] dynopt_dct16_sve2_shared
Trace 0: 0x7fcf7015d780 [80081009311/00000000004010d8/00000001/00000201] dynopt_dct16_sve2_shared
Trace 0: 0x7fcf7015d8c0 [80081009311/00000000004010dc/00000001/00000201] dynopt_dct16_sve2_shared
Trace 0: 0x7fcf7015da80 [80081009311/00000000004010e0/00000001/00000201] dynopt_dct16_sve2_shared
Trace 0: 0x7fcf7015dbc0 [80081009311/00000000004010e4/00000001/00000201] dynopt_dct16_sve2_shared
Trace 0: 0x7fcf7015dd40 [80081009311/00000000004010e8/00000001/00000201] dynopt_dct16_sve2_shared
----------------
IN: dynopt_dct16_sve2_shared
0x004010ec:  9123c129  add      x9, x9, #0x8f0

Trace 0: 0x7fcf7015de80 [80081009311/00000000004010ec/00000001/00000201] dynopt_dct16_sve2_shared
----------------
IN: dynopt_dct16_sve2_shared
0x004010f0:  fd400bef  ldr      d15, [sp, #0x10]

Trace 0: 0x7fcf7015dfc0 [80081009311/00000000004010f0/00000001/00000201] dynopt_dct16_sve2_shared
----------------
IN: dynopt_dct16_sve2_shared
0x004010f4:  ad4853f5  ldp      q21, q20, [sp, #0x100]

Trace 0: 0x7fcf7015e100 [80081009311/00000000004010f4/00000001/00000201] dynopt_dct16_sve2_shared
----------------
IN: dynopt_dct16_sve2_shared
0x004010f8:  3dc13526  ldr      q6, [x9, #0x4d0]

Trace 0: 0x7fcf7015e280 [80081009311/00000000004010f8/00000001/00000201] dynopt_dct16_sve2_shared
----------------
IN: dynopt_dct16_sve2_shared
0x004010fc:  3dc13925  ldr      q5, [x9, #0x4e0]

Trace 0: 0x7fcf7015e3c0 [80081009311/00000000004010fc/00000001/00000201] dynopt_dct16_sve2_shared
----------------
IN: dynopt_dct16_sve2_shared
0x00401100:  3dc13d33  ldr      q19, [x9, #0x4f0]

Trace 0: 0x7fcf7015e500 [80081009311/0000000000401100/00000001/00000201] dynopt_dct16_sve2_shared
----------------
IN: dynopt_dct16_sve2_shared
0x00401104:  ad445ff8  ldp      q24, q23, [sp, #0x80]

Trace 0: 0x7fcf7015e640 [80081009311/0000000000401104/00000001/00000201] dynopt_dct16_sve2_shared
----------------
IN: dynopt_dct16_sve2_shared
0x00401108:  4ea69eb6  mul      v22.4s, v21.4s, v6.4s

Trace 0: 0x7fcf7015e7c0 [80081009311/0000000000401108/00000001/00000201] dynopt_dct16_sve2_shared
----------------
IN: dynopt_dct16_sve2_shared
0x0040110c:  4eb39eb5  mul      v21.4s, v21.4s, v19.4s

Trace 0: 0x7fcf7015e900 [80081009311/000000000040110c/00000001/00000201] dynopt_dct16_sve2_shared
----------------
IN: dynopt_dct16_sve2_shared
0x00401110:  4eb7bf07  addp     v7.4s, v24.4s, v23.4s

Trace 0: 0x7fcf7015ea40 [80081009311/0000000000401110/00000001/00000201] dynopt_dct16_sve2_shared
----------------
IN: dynopt_dct16_sve2_shared
0x00401114:  4ea69e86  mul      v6.4s, v20.4s, v6.4s

Trace 0: 0x7fcf7015eb80 [80081009311/0000000000401114/00000001/00000201] dynopt_dct16_sve2_shared
----------------
IN: dynopt_dct16_sve2_shared
0x00401118:  4ea59f18  mul      v24.4s, v24.4s, v5.4s

Trace 0: 0x7fcf7015ecc0 [80081009311/0000000000401118/00000001/00000201] dynopt_dct16_sve2_shared
----------------
IN: dynopt_dct16_sve2_shared
0x0040111c:  4eb39e93  mul      v19.4s, v20.4s, v19.4s

Trace 0: 0x7fcf7015ee00 [80081009311/000000000040111c/00000001/00000201] dynopt_dct16_sve2_shared
----------------
IN: dynopt_dct16_sve2_shared
0x00401120:  4ea59ee5  mul      v5.4s, v23.4s, v5.4s

Trace 0: 0x7fcf7015ef40 [80081009311/0000000000401120/00000001/00000201] dynopt_dct16_sve2_shared
----------------
IN: dynopt_dct16_sve2_shared
0x00401124:  4ea6bec6  addp     v6.4s, v22.4s, v6.4s

Trace 0: 0x7fcf7015f080 [80081009311/0000000000401124/00000001/00000201] dynopt_dct16_sve2_shared
----------------
IN: dynopt_dct16_sve2_shared
0x00401128:  4f2654e7  shl      v7.4s, v7.4s, #6

Trace 0: 0x7fcf7015f1c0 [80081009311/0000000000401128/00000001/00000201] dynopt_dct16_sve2_shared
----------------
IN: dynopt_dct16_sve2_shared
0x0040112c:  4eb3beb3  addp     v19.4s, v21.4s, v19.4s

Trace 0: 0x7fcf7015f300 [80081009311/000000000040112c/00000001/00000201] dynopt_dct16_sve2_shared
----------------
IN: dynopt_dct16_sve2_shared
0x00401130:  4ea5bf05  addp     v5.4s, v24.4s, v5.4s

Trace 0: 0x7fcf7015f440 [80081009311/0000000000401130/00000001/00000201] dynopt_dct16_sve2_shared
----------------
IN: dynopt_dct16_sve2_shared
0x00401134:  0f168cc6  rshrn    v6.4h, v6.4s, #0xa

Trace 0: 0x7fcf7015f580 [80081009311/0000000000401134/00000001/00000201] dynopt_dct16_sve2_shared
----------------
IN: dynopt_dct16_sve2_shared
0x00401138:  0f168ce7  rshrn    v7.4h, v7.4s, #0xa

Trace 0: 0x7fcf7015f740 [80081009311/0000000000401138/00000001/00000201] dynopt_dct16_sve2_shared
----------------
IN: dynopt_dct16_sve2_shared
0x0040113c:  0f168e73  rshrn    v19.4h, v19.4s, #0xa

Trace 0: 0x7fcf7015f900 [80081009311/000000000040113c/00000001/00000201] dynopt_dct16_sve2_shared
----------------
IN: dynopt_dct16_sve2_shared
0x00401140:  0f168ca5  rshrn    v5.4h, v5.4s, #0xa

Trace 0: 0x7fcf7015fac0 [80081009311/0000000000401140/00000001/00000201] dynopt_dct16_sve2_shared
----------------
IN: dynopt_dct16_sve2_shared
0x00401144:  fd004c26  str      d6, [x1, #0x98]

Trace 0: 0x7fcf7015fc80 [80081009311/0000000000401144/00000001/00000201] dynopt_dct16_sve2_shared
----------------
IN: dynopt_dct16_sve2_shared
0x00401148:  fd000c27  str      d7, [x1, #0x18]

Trace 0: 0x7fcf7015fdc0 [80081009311/0000000000401148/00000001/00000201] dynopt_dct16_sve2_shared
----------------
IN: dynopt_dct16_sve2_shared
0x0040114c:  fd00cc33  str      d19, [x1, #0x198]

Trace 0: 0x7fcf7015ff00 [80081009311/000000000040114c/00000001/00000201] dynopt_dct16_sve2_shared
----------------
IN: dynopt_dct16_sve2_shared
0x00401150:  fd008c25  str      d5, [x1, #0x118]

Trace 0: 0x7fcf70160040 [80081009311/0000000000401150/00000001/00000201] dynopt_dct16_sve2_shared
----------------
IN: dynopt_dct16_sve2_shared
0x00401154:  6d403bed  ldp      d13, d14, [sp]

Trace 0: 0x7fcf70160180 [80081009311/0000000000401154/00000001/00000201] dynopt_dct16_sve2_shared
----------------
IN: dynopt_dct16_sve2_shared
0x00401158:  911483ff  add      sp, sp, #0x520

Trace 0: 0x7fcf70160300 [80081009311/0000000000401158/00000001/00000201] dynopt_dct16_sve2_shared
----------------
IN: dynopt_dct16_sve2_shared
0x0040115c:  d65f03c0  ret      

Trace 0: 0x7fcf70160440 [80081009311/000000000040115c/00000001/00000201] dynopt_dct16_sve2_shared
----------------
IN: call_fini
0x00401160:  a9be7bfd  stp      x29, x30, [sp, #-0x20]!

Trace 0: 0x7fcf70168580 [80081009b11/0000000000401160/00000001/00000201] call_fini
