----------------
IN: dynopt_dct16_sve2_shared
0x00400820:  d114c3ff  sub      sp, sp, #0x530

Trace 0: 0x7f57501337c0 [80081009311/0000000000400820/00000001/00000201] dynopt_dct16_sve2_shared
----------------
IN: dynopt_dct16_sve2_shared
0x00400824:  2518e3e7  ptrue    p7.b

Trace 0: 0x7f5750133900 [80081009311/0000000000400824/00000001/00000201] dynopt_dct16_sve2_shared
----------------
IN: dynopt_dct16_sve2_shared
0x00400828:  b00002a8  adrp     x8, #0x455000

Trace 0: 0x7f5750133a40 [80081009311/0000000000400828/00000001/00000201] dynopt_dct16_sve2_shared
----------------
IN: dynopt_dct16_sve2_shared
0x0040082c:  9114c106  add      x6, x8, #0x530

Trace 0: 0x7f5750133b80 [80081009311/000000000040082c/00000001/00000201] dynopt_dct16_sve2_shared
----------------
IN: dynopt_dct16_sve2_shared
0x00400830:  a4a0bcd3  ld1h     {z19.h}, p7/z, [x6]

Trace 0: 0x7f5750133cc0 [80081009311/0000000000400830/00000001/00000201] dynopt_dct16_sve2_shared
----------------
IN: dynopt_dct16_sve2_shared
0x00400834:  910ce3eb  add      x11, sp, #0x338

Trace 0: 0x7f5750133e00 [80081009311/0000000000400834/00000001/00000201] dynopt_dct16_sve2_shared
----------------
IN: dynopt_dct16_sve2_shared
0x00400838:  910080c3  add      x3, x6, #0x20

Trace 0: 0x7f5750133f40 [80081009311/0000000000400838/00000001/00000201] dynopt_dct16_sve2_shared
----------------
IN: dynopt_dct16_sve2_shared
0x0040083c:  a4a0bc72  ld1h     {z18.h}, p7/z, [x3]

Trace 0: 0x7f5750134080 [80081009311/000000000040083c/00000001/00000201] dynopt_dct16_sve2_shared
----------------
IN: dynopt_dct16_sve2_shared
0x00400840:  910180c7  add      x7, x6, #0x60

Trace 0: 0x7f57501341c0 [80081009311/0000000000400840/00000001/00000201] dynopt_dct16_sve2_shared
----------------
IN: dynopt_dct16_sve2_shared
0x00400844:  6d002fea  stp      d10, d11, [sp]

Trace 0: 0x7f5750134300 [80081009311/0000000000400844/00000001/00000201] dynopt_dct16_sve2_shared
----------------
IN: dynopt_dct16_sve2_shared
0x00400848:  910100c3  add      x3, x6, #0x40

Trace 0: 0x7f5750134440 [80081009311/0000000000400848/00000001/00000201] dynopt_dct16_sve2_shared
----------------
IN: dynopt_dct16_sve2_shared
0x0040084c:  a4a0bc71  ld1h     {z17.h}, p7/z, [x3]

Trace 0: 0x7f5750134580 [80081009311/000000000040084c/00000001/00000201] dynopt_dct16_sve2_shared
----------------
IN: dynopt_dct16_sve2_shared
0x00400850:  910cc3e3  add      x3, sp, #0x330

Trace 0: 0x7f57501346c0 [80081009311/0000000000400850/00000001/00000201] dynopt_dct16_sve2_shared
----------------
IN: dynopt_dct16_sve2_shared
0x00400854:  6d0137ec  stp      d12, d13, [sp, #0x10]

Trace 0: 0x7f5750134800 [80081009311/0000000000400854/00000001/00000201] dynopt_dct16_sve2_shared
----------------
IN: dynopt_dct16_sve2_shared
0x00400858:  aa0303e5  mov      x5, x3

Trace 0: 0x7f5750134940 [80081009311/0000000000400858/00000001/00000201] dynopt_dct16_sve2_shared
----------------
IN: dynopt_dct16_sve2_shared
0x0040085c:  910d03ea  add      x10, sp, #0x340

Trace 0: 0x7f5750134a80 [80081009311/000000000040085c/00000001/00000201] dynopt_dct16_sve2_shared
----------------
IN: dynopt_dct16_sve2_shared
0x00400860:  6d023fee  stp      d14, d15, [sp, #0x20]

Trace 0: 0x7f5750134bc0 [80081009311/0000000000400860/00000001/00000201] dynopt_dct16_sve2_shared
----------------
IN: dynopt_dct16_sve2_shared
0x00400864:  a4a0bc10  ld1h     {z16.h}, p7/z, [x0]

Trace 0: 0x7f5750134d00 [80081009311/0000000000400864/00000001/00000201] dynopt_dct16_sve2_shared
----------------
IN: dynopt_dct16_sve2_shared
0x00400868:  05783a1e  rev      z30.h, z16.h

Trace 0: 0x7f5750134e40 [80081009311/0000000000400868/00000001/00000201] dynopt_dct16_sve2_shared
----------------
IN: dynopt_dct16_sve2_shared
0x0040086c:  047e021a  add      z26.h, z16.h, z30.h

Trace 0: 0x7f5750134f80 [80081009311/000000000040086c/00000001/00000201] dynopt_dct16_sve2_shared
----------------
IN: dynopt_dct16_sve2_shared
0x00400870:  a4a25c07  ld1h     {z7.h}, p7/z, [x0, x2, lsl #1]

Trace 0: 0x7f57501350c0 [80081009311/0000000000400870/00000001/00000201] dynopt_dct16_sve2_shared
----------------
IN: dynopt_dct16_sve2_shared
0x00400874:  8b020800  add      x0, x0, x2, lsl #2

Trace 0: 0x7f5750135200 [80081009311/0000000000400874/00000001/00000201] dynopt_dct16_sve2_shared
----------------
IN: dynopt_dct16_sve2_shared
0x00400878:  057838ff  rev      z31.h, z7.h

Trace 0: 0x7f5750135340 [80081009311/0000000000400878/00000001/00000201] dynopt_dct16_sve2_shared
----------------
IN: dynopt_dct16_sve2_shared
0x0040087c:  a4a0bc06  ld1h     {z6.h}, p7/z, [x0]

Trace 0: 0x7f5750135480 [80081009311/000000000040087c/00000001/00000201] dynopt_dct16_sve2_shared
----------------
IN: dynopt_dct16_sve2_shared
0x00400880:  047f00fb  add      z27.h, z7.h, z31.h

Trace 0: 0x7f57501355c0 [80081009311/0000000000400880/00000001/00000201] dynopt_dct16_sve2_shared
----------------
IN: dynopt_dct16_sve2_shared
0x00400884:  057838dc  rev      z28.h, z6.h

Trace 0: 0x7f5750135700 [80081009311/0000000000400884/00000001/00000201] dynopt_dct16_sve2_shared
----------------
IN: dynopt_dct16_sve2_shared
0x00400888:  05732b44  tbl      z4.h, {z26.h, z27.h}, z19.h

Trace 0: 0x7f5750135840 [80081009311/0000000000400888/00000001/00000201] dynopt_dct16_sve2_shared
----------------
IN: dynopt_dct16_sve2_shared
0x0040088c:  047c00da  add      z26.h, z6.h, z28.h

Trace 0: 0x7f5750135980 [80081009311/000000000040088c/00000001/00000201] dynopt_dct16_sve2_shared
----------------
IN: dynopt_dct16_sve2_shared
0x00400890:  047c04dc  sub      z28.h, z6.h, z28.h

Trace 0: 0x7f5750135ac0 [80081009311/0000000000400890/00000001/00000201] dynopt_dct16_sve2_shared
----------------
IN: dynopt_dct16_sve2_shared
0x00400894:  a4a25c05  ld1h     {z5.h}, p7/z, [x0, x2, lsl #1]

Trace 0: 0x7f5750135c00 [80081009311/0000000000400894/00000001/00000201] dynopt_dct16_sve2_shared
----------------
IN: dynopt_dct16_sve2_shared
0x00400898:  047f04ff  sub      z31.h, z7.h, z31.h

Trace 0: 0x7f5750135d40 [80081009311/0000000000400898/00000001/00000201] dynopt_dct16_sve2_shared
----------------
IN: dynopt_dct16_sve2_shared
0x0040089c:  057838bd  rev      z29.h, z5.h

Trace 0: 0x7f5750135e80 [80081009311/000000000040089c/00000001/00000201] dynopt_dct16_sve2_shared
----------------
IN: dynopt_dct16_sve2_shared
0x004008a0:  047e061e  sub      z30.h, z16.h, z30.h

Trace 0: 0x7f5750135fc0 [80081009311/00000000004008a0/00000001/00000201] dynopt_dct16_sve2_shared
----------------
IN: dynopt_dct16_sve2_shared
0x004008a4:  047d00bb  add      z27.h, z5.h, z29.h

Trace 0: 0x7f5750136100 [80081009311/00000000004008a4/00000001/00000201] dynopt_dct16_sve2_shared
----------------
IN: dynopt_dct16_sve2_shared
0x004008a8:  047d04bd  sub      z29.h, z5.h, z29.h

Trace 0: 0x7f5750136240 [80081009311/00000000004008a8/00000001/00000201] dynopt_dct16_sve2_shared
----------------
IN: dynopt_dct16_sve2_shared
0x004008ac:  05732b9d  tbl      z29.h, {z28.h, z29.h}, z19.h

Trace 0: 0x7f5750136380 [80081009311/00000000004008ac/00000001/00000201] dynopt_dct16_sve2_shared
----------------
IN: dynopt_dct16_sve2_shared
0x004008b0:  05732bdc  tbl      z28.h, {z30.h, z31.h}, z19.h

Trace 0: 0x7f57501364c0 [80081009311/00000000004008b0/00000001/00000201] dynopt_dct16_sve2_shared
----------------
IN: dynopt_dct16_sve2_shared
0x004008b4:  8b020800  add      x0, x0, x2, lsl #2

Trace 0: 0x7f5750136600 [80081009311/00000000004008b4/00000001/00000201] dynopt_dct16_sve2_shared
----------------
IN: dynopt_dct16_sve2_shared
0x004008b8:  0464309e  mov      z30.d, z4.d

Trace 0: 0x7f5750136740 [80081009311/00000000004008b8/00000001/00000201] dynopt_dct16_sve2_shared
----------------
IN: dynopt_dct16_sve2_shared
0x004008bc:  a4a0bc05  ld1h     {z5.h}, p7/z, [x0]

Trace 0: 0x7f5750136880 [80081009311/00000000004008bc/00000001/00000201] dynopt_dct16_sve2_shared
----------------
IN: dynopt_dct16_sve2_shared
0x004008c0:  05722b86  tbl      z6.h, {z28.h, z29.h}, z18.h

Trace 0: 0x7f57501369c0 [80081009311/00000000004008c0/00000001/00000201] dynopt_dct16_sve2_shared
----------------
IN: dynopt_dct16_sve2_shared
0x004008c4:  05712b82  tbl      z2.h, {z28.h, z29.h}, z17.h

Trace 0: 0x7f5750136b00 [80081009311/00000000004008c4/00000001/00000201] dynopt_dct16_sve2_shared
----------------
IN: dynopt_dct16_sve2_shared
0x004008c8:  057838b8  rev      z24.h, z5.h

Trace 0: 0x7f5750136c40 [80081009311/00000000004008c8/00000001/00000201] dynopt_dct16_sve2_shared
----------------
IN: dynopt_dct16_sve2_shared
0x004008cc:  047800bc  add      z28.h, z5.h, z24.h

Trace 0: 0x7f5750136d80 [80081009311/00000000004008cc/00000001/00000201] dynopt_dct16_sve2_shared
----------------
IN: dynopt_dct16_sve2_shared
0x004008d0:  05732b5f  tbl      z31.h, {z26.h, z27.h}, z19.h

Trace 0: 0x7f5750136ec0 [80081009311/00000000004008d0/00000001/00000201] dynopt_dct16_sve2_shared
----------------
IN: dynopt_dct16_sve2_shared
0x004008d4:  a4a25c04  ld1h     {z4.h}, p7/z, [x0, x2, lsl #1]

Trace 0: 0x7f5750137000 [80081009311/00000000004008d4/00000001/00000201] dynopt_dct16_sve2_shared
----------------
IN: dynopt_dct16_sve2_shared
0x004008d8:  05722bc7  tbl      z7.h, {z30.h, z31.h}, z18.h

Trace 0: 0x7f5750137140 [80081009311/00000000004008d8/00000001/00000201] dynopt_dct16_sve2_shared
----------------
IN: dynopt_dct16_sve2_shared
0x004008dc:  8b020800  add      x0, x0, x2, lsl #2

Trace 0: 0x7f5750137280 [80081009311/00000000004008dc/00000001/00000201] dynopt_dct16_sve2_shared
----------------
IN: dynopt_dct16_sve2_shared
0x004008e0:  05783899  rev      z25.h, z4.h

Trace 0: 0x7f57501373c0 [80081009311/00000000004008e0/00000001/00000201] dynopt_dct16_sve2_shared
----------------
IN: dynopt_dct16_sve2_shared
0x004008e4:  a4a0bc1b  ld1h     {z27.h}, p7/z, [x0]

Trace 0: 0x7f5750137500 [80081009311/00000000004008e4/00000001/00000201] dynopt_dct16_sve2_shared
----------------
IN: dynopt_dct16_sve2_shared
0x004008e8:  0479009d  add      z29.h, z4.h, z25.h

Trace 0: 0x7f5750137640 [80081009311/00000000004008e8/00000001/00000201] dynopt_dct16_sve2_shared
----------------
IN: dynopt_dct16_sve2_shared
0x004008ec:  05712bc3  tbl      z3.h, {z30.h, z31.h}, z17.h

Trace 0: 0x7f5750137780 [80081009311/00000000004008ec/00000001/00000201] dynopt_dct16_sve2_shared
----------------
IN: dynopt_dct16_sve2_shared
0x004008f0:  05732b81  tbl      z1.h, {z28.h, z29.h}, z19.h

Trace 0: 0x7f57501378c0 [80081009311/00000000004008f0/00000001/00000201] dynopt_dct16_sve2_shared
----------------
IN: dynopt_dct16_sve2_shared
0x004008f4:  05783b7e  rev      z30.h, z27.h

Trace 0: 0x7f5750137a00 [80081009311/00000000004008f4/00000001/00000201] dynopt_dct16_sve2_shared
----------------
IN: dynopt_dct16_sve2_shared
0x004008f8:  047e037c  add      z28.h, z27.h, z30.h

Trace 0: 0x7f5750137b40 [80081009311/00000000004008f8/00000001/00000201] dynopt_dct16_sve2_shared
----------------
IN: dynopt_dct16_sve2_shared
0x004008fc:  047e077e  sub      z30.h, z27.h, z30.h

Trace 0: 0x7f5750137c80 [80081009311/00000000004008fc/00000001/00000201] dynopt_dct16_sve2_shared
----------------
IN: dynopt_dct16_sve2_shared
0x00400900:  a4a25c1a  ld1h     {z26.h}, p7/z, [x0, x2, lsl #1]

Trace 0: 0x7f5750137dc0 [80081009311/0000000000400900/00000001/00000201] dynopt_dct16_sve2_shared
----------------
IN: dynopt_dct16_sve2_shared
0x00400904:  04790499  sub      z25.h, z4.h, z25.h

Trace 0: 0x7f5750137f00 [80081009311/0000000000400904/00000001/00000201] dynopt_dct16_sve2_shared
----------------
IN: dynopt_dct16_sve2_shared
0x00400908:  05783b5f  rev      z31.h, z26.h

Trace 0: 0x7f5750138040 [80081009311/0000000000400908/00000001/00000201] dynopt_dct16_sve2_shared
----------------
IN: dynopt_dct16_sve2_shared
0x0040090c:  047804b8  sub      z24.h, z5.h, z24.h

Trace 0: 0x7f5750138180 [80081009311/000000000040090c/00000001/00000201] dynopt_dct16_sve2_shared
----------------
IN: dynopt_dct16_sve2_shared
0x00400910:  047f035d  add      z29.h, z26.h, z31.h

Trace 0: 0x7f57501382c0 [80081009311/0000000000400910/00000001/00000201] dynopt_dct16_sve2_shared
----------------
IN: dynopt_dct16_sve2_shared
0x00400914:  047f075f  sub      z31.h, z26.h, z31.h

Trace 0: 0x7f5750138400 [80081009311/0000000000400914/00000001/00000201] dynopt_dct16_sve2_shared
----------------
IN: dynopt_dct16_sve2_shared
0x00400918:  05732bdf  tbl      z31.h, {z30.h, z31.h}, z19.h

Trace 0: 0x7f5750138540 [80081009311/0000000000400918/00000001/00000201] dynopt_dct16_sve2_shared
----------------
IN: dynopt_dct16_sve2_shared
0x0040091c:  05732b1e  tbl      z30.h, {z24.h, z25.h}, z19.h

Trace 0: 0x7f5750138680 [80081009311/000000000040091c/00000001/00000201] dynopt_dct16_sve2_shared
----------------
IN: dynopt_dct16_sve2_shared
0x00400920:  8b020800  add      x0, x0, x2, lsl #2

Trace 0: 0x7f57501387c0 [80081009311/0000000000400920/00000001/00000201] dynopt_dct16_sve2_shared
----------------
IN: dynopt_dct16_sve2_shared
0x00400924:  04613038  mov      z24.d, z1.d

Trace 0: 0x7f5750138900 [80081009311/0000000000400924/00000001/00000201] dynopt_dct16_sve2_shared
----------------
IN: dynopt_dct16_sve2_shared
0x00400928:  a4a0bc1a  ld1h     {z26.h}, p7/z, [x0]

Trace 0: 0x7f5750138a40 [80081009311/0000000000400928/00000001/00000201] dynopt_dct16_sve2_shared
----------------
IN: dynopt_dct16_sve2_shared
0x0040092c:  05722bdb  tbl      z27.h, {z30.h, z31.h}, z18.h

Trace 0: 0x7f5750138b80 [80081009311/000000000040092c/00000001/00000201] dynopt_dct16_sve2_shared
----------------
IN: dynopt_dct16_sve2_shared
0x00400930:  05712bcf  tbl      z15.h, {z30.h, z31.h}, z17.h

Trace 0: 0x7f5750138cc0 [80081009311/0000000000400930/00000001/00000201] dynopt_dct16_sve2_shared
----------------
IN: dynopt_dct16_sve2_shared
0x00400934:  05783b56  rev      z22.h, z26.h

Trace 0: 0x7f5750138e00 [80081009311/0000000000400934/00000001/00000201] dynopt_dct16_sve2_shared
----------------
IN: dynopt_dct16_sve2_shared
0x00400938:  0476035e  add      z30.h, z26.h, z22.h

Trace 0: 0x7f5750138f40 [80081009311/0000000000400938/00000001/00000201] dynopt_dct16_sve2_shared
----------------
IN: dynopt_dct16_sve2_shared
0x0040093c:  05732b99  tbl      z25.h, {z28.h, z29.h}, z19.h

Trace 0: 0x7f5750139080 [80081009311/000000000040093c/00000001/00000201] dynopt_dct16_sve2_shared
----------------
IN: dynopt_dct16_sve2_shared
0x00400940:  a4a25c01  ld1h     {z1.h}, p7/z, [x0, x2, lsl #1]

Trace 0: 0x7f57501391c0 [80081009311/0000000000400940/00000001/00000201] dynopt_dct16_sve2_shared
----------------
IN: dynopt_dct16_sve2_shared
0x00400944:  05722b04  tbl      z4.h, {z24.h, z25.h}, z18.h

Trace 0: 0x7f5750139300 [80081009311/0000000000400944/00000001/00000201] dynopt_dct16_sve2_shared
----------------
IN: dynopt_dct16_sve2_shared
0x00400948:  8b020800  add      x0, x0, x2, lsl #2

Trace 0: 0x7f5750139440 [80081009311/0000000000400948/00000001/00000201] dynopt_dct16_sve2_shared
----------------
IN: dynopt_dct16_sve2_shared
0x0040094c:  05783837  rev      z23.h, z1.h

Trace 0: 0x7f5750139580 [80081009311/000000000040094c/00000001/00000201] dynopt_dct16_sve2_shared
----------------
IN: dynopt_dct16_sve2_shared
0x00400950:  a4a0bc1d  ld1h     {z29.h}, p7/z, [x0]

Trace 0: 0x7f57501396c0 [80081009311/0000000000400950/00000001/00000201] dynopt_dct16_sve2_shared
----------------
IN: dynopt_dct16_sve2_shared
0x00400954:  0477003f  add      z31.h, z1.h, z23.h

Trace 0: 0x7f5750139800 [80081009311/0000000000400954/00000001/00000201] dynopt_dct16_sve2_shared
----------------
IN: dynopt_dct16_sve2_shared
0x00400958:  05712b00  tbl      z0.h, {z24.h, z25.h}, z17.h

Trace 0: 0x7f5750139940 [80081009311/0000000000400958/00000001/00000201] dynopt_dct16_sve2_shared
----------------
IN: dynopt_dct16_sve2_shared
0x0040095c:  05732bce  tbl      z14.h, {z30.h, z31.h}, z19.h

Trace 0: 0x7f5750139a80 [80081009311/000000000040095c/00000001/00000201] dynopt_dct16_sve2_shared
----------------
IN: dynopt_dct16_sve2_shared
0x00400960:  05783bb8  rev      z24.h, z29.h

Trace 0: 0x7f5750139bc0 [80081009311/0000000000400960/00000001/00000201] dynopt_dct16_sve2_shared
----------------
IN: dynopt_dct16_sve2_shared
0x00400964:  047803be  add      z30.h, z29.h, z24.h

Trace 0: 0x7f5750139d00 [80081009311/0000000000400964/00000001/00000201] dynopt_dct16_sve2_shared
----------------
IN: dynopt_dct16_sve2_shared
0x00400968:  047807b8  sub      z24.h, z29.h, z24.h

Trace 0: 0x7f5750139e40 [80081009311/0000000000400968/00000001/00000201] dynopt_dct16_sve2_shared
----------------
IN: dynopt_dct16_sve2_shared
0x0040096c:  a4a25c1c  ld1h     {z28.h}, p7/z, [x0, x2, lsl #1]

Trace 0: 0x7f5750139f80 [80081009311/000000000040096c/00000001/00000201] dynopt_dct16_sve2_shared
----------------
IN: dynopt_dct16_sve2_shared
0x00400970:  04770437  sub      z23.h, z1.h, z23.h

Trace 0: 0x7f575013a0c0 [80081009311/0000000000400970/00000001/00000201] dynopt_dct16_sve2_shared
----------------
IN: dynopt_dct16_sve2_shared
0x00400974:  8b020800  add      x0, x0, x2, lsl #2

Trace 0: 0x7f575013a200 [80081009311/0000000000400974/00000001/00000201] dynopt_dct16_sve2_shared
----------------
IN: dynopt_dct16_sve2_shared
0x00400978:  05783b99  rev      z25.h, z28.h

Trace 0: 0x7f575013a340 [80081009311/0000000000400978/00000001/00000201] dynopt_dct16_sve2_shared
----------------
IN: dynopt_dct16_sve2_shared
0x0040097c:  04760756  sub      z22.h, z26.h, z22.h

Trace 0: 0x7f575013a480 [80081009311/000000000040097c/00000001/00000201] dynopt_dct16_sve2_shared
----------------
IN: dynopt_dct16_sve2_shared
0x00400980:  0479039f  add      z31.h, z28.h, z25.h

Trace 0: 0x7f575013a5c0 [80081009311/0000000000400980/00000001/00000201] dynopt_dct16_sve2_shared
----------------
IN: dynopt_dct16_sve2_shared
0x00400984:  04790799  sub      z25.h, z28.h, z25.h

Trace 0: 0x7f575013a700 [80081009311/0000000000400984/00000001/00000201] dynopt_dct16_sve2_shared
----------------
IN: dynopt_dct16_sve2_shared
0x00400988:  05732b19  tbl      z25.h, {z24.h, z25.h}, z19.h

Trace 0: 0x7f575013a840 [80081009311/0000000000400988/00000001/00000201] dynopt_dct16_sve2_shared
----------------
IN: dynopt_dct16_sve2_shared
0x0040098c:  05732ad8  tbl      z24.h, {z22.h, z23.h}, z19.h

Trace 0: 0x7f575013a980 [80081009311/000000000040098c/00000001/00000201] dynopt_dct16_sve2_shared
----------------
IN: dynopt_dct16_sve2_shared
0x00400990:  a4a0bc1c  ld1h     {z28.h}, p7/z, [x0]

Trace 0: 0x7f575013aac0 [80081009311/0000000000400990/00000001/00000201] dynopt_dct16_sve2_shared
----------------
IN: dynopt_dct16_sve2_shared
0x00400994:  05732bd7  tbl      z23.h, {z30.h, z31.h}, z19.h

Trace 0: 0x7f575013ac00 [80081009311/0000000000400994/00000001/00000201] dynopt_dct16_sve2_shared
----------------
IN: dynopt_dct16_sve2_shared
0x00400998:  046e31d6  mov      z22.d, z14.d

Trace 0: 0x7f575013ad40 [80081009311/0000000000400998/00000001/00000201] dynopt_dct16_sve2_shared
----------------
IN: dynopt_dct16_sve2_shared
0x0040099c:  05722b1d  tbl      z29.h, {z24.h, z25.h}, z18.h

Trace 0: 0x7f575013ae80 [80081009311/000000000040099c/00000001/00000201] dynopt_dct16_sve2_shared
----------------
IN: dynopt_dct16_sve2_shared
0x004009a0:  a4a25c0e  ld1h     {z14.h}, p7/z, [x0, x2, lsl #1]

Trace 0: 0x7f575013afc0 [80081009311/00000000004009a0/00000001/00000201] dynopt_dct16_sve2_shared
----------------
IN: dynopt_dct16_sve2_shared
0x004009a4:  05712b0c  tbl      z12.h, {z24.h, z25.h}, z17.h

Trace 0: 0x7f575013b100 [80081009311/00000000004009a4/00000001/00000201] dynopt_dct16_sve2_shared
----------------
IN: dynopt_dct16_sve2_shared
0x004009a8:  8b020800  add      x0, x0, x2, lsl #2

Trace 0: 0x7f575013b240 [80081009311/00000000004009a8/00000001/00000201] dynopt_dct16_sve2_shared
----------------
IN: dynopt_dct16_sve2_shared
0x004009ac:  05783b94  rev      z20.h, z28.h

Trace 0: 0x7f575013b380 [80081009311/00000000004009ac/00000001/00000201] dynopt_dct16_sve2_shared
----------------
IN: dynopt_dct16_sve2_shared
0x004009b0:  057839d5  rev      z21.h, z14.h

Trace 0: 0x7f575013b4c0 [80081009311/00000000004009b0/00000001/00000201] dynopt_dct16_sve2_shared
----------------
IN: dynopt_dct16_sve2_shared
0x004009b4:  04740398  add      z24.h, z28.h, z20.h

Trace 0: 0x7f575013b600 [80081009311/00000000004009b4/00000001/00000201] dynopt_dct16_sve2_shared
----------------
IN: dynopt_dct16_sve2_shared
0x004009b8:  047501d9  add      z25.h, z14.h, z21.h

Trace 0: 0x7f575013b740 [80081009311/00000000004009b8/00000001/00000201] dynopt_dct16_sve2_shared
----------------
IN: dynopt_dct16_sve2_shared
0x004009bc:  910d23e9  add      x9, sp, #0x348

Trace 0: 0x7f575013b880 [80081009311/00000000004009bc/00000001/00000201] dynopt_dct16_sve2_shared
----------------
IN: dynopt_dct16_sve2_shared
0x004009c0:  910980c6  add      x6, x6, #0x260

Trace 0: 0x7f575013b9c0 [80081009311/00000000004009c0/00000001/00000201] dynopt_dct16_sve2_shared
----------------
IN: dynopt_dct16_sve2_shared
0x004009c4:  a4a25c1e  ld1h     {z30.h}, p7/z, [x0, x2, lsl #1]

Trace 0: 0x7f575013bb00 [80081009311/00000000004009c4/00000001/00000201] dynopt_dct16_sve2_shared
----------------
IN: dynopt_dct16_sve2_shared
0x004009c8:  a4a0bc1f  ld1h     {z31.h}, p7/z, [x0]

Trace 0: 0x7f575013bc40 [80081009311/00000000004009c8/00000001/00000201] dynopt_dct16_sve2_shared
----------------
IN: dynopt_dct16_sve2_shared
0x004009cc:  05732b0b  tbl      z11.h, {z24.h, z25.h}, z19.h

Trace 0: 0x7f575013bd80 [80081009311/00000000004009cc/00000001/00000201] dynopt_dct16_sve2_shared
----------------
IN: dynopt_dct16_sve2_shared
0x004009d0:  05722ac1  tbl      z1.h, {z22.h, z23.h}, z18.h

Trace 0: 0x7f575013bec0 [80081009311/00000000004009d0/00000001/00000201] dynopt_dct16_sve2_shared
----------------
IN: dynopt_dct16_sve2_shared
0x004009d4:  05712acd  tbl      z13.h, {z22.h, z23.h}, z17.h

Trace 0: 0x7f575013c000 [80081009311/00000000004009d4/00000001/00000201] dynopt_dct16_sve2_shared
----------------
IN: dynopt_dct16_sve2_shared
0x004009d8:  d2800000  mov      x0, #0

Trace 0: 0x7f575013c140 [80081009311/00000000004009d8/00000001/00000201] dynopt_dct16_sve2_shared
----------------
IN: dynopt_dct16_sve2_shared
0x004009dc:  05783bf6  rev      z22.h, z31.h

Trace 0: 0x7f575013c280 [80081009311/00000000004009dc/00000001/00000201] dynopt_dct16_sve2_shared
----------------
IN: dynopt_dct16_sve2_shared
0x004009e0:  05783bd7  rev      z23.h, z30.h

Trace 0: 0x7f575013c3c0 [80081009311/00000000004009e0/00000001/00000201] dynopt_dct16_sve2_shared
----------------
IN: dynopt_dct16_sve2_shared
0x004009e4:  047603f8  add      z24.h, z31.h, z22.h

Trace 0: 0x7f575013c500 [80081009311/00000000004009e4/00000001/00000201] dynopt_dct16_sve2_shared
----------------
IN: dynopt_dct16_sve2_shared
0x004009e8:  047703d9  add      z25.h, z30.h, z23.h

Trace 0: 0x7f575013c640 [80081009311/00000000004009e8/00000001/00000201] dynopt_dct16_sve2_shared
----------------
IN: dynopt_dct16_sve2_shared
0x004009ec:  047607f6  sub      z22.h, z31.h, z22.h

Trace 0: 0x7f575013c780 [80081009311/00000000004009ec/00000001/00000201] dynopt_dct16_sve2_shared
----------------
IN: dynopt_dct16_sve2_shared
0x004009f0:  047707d7  sub      z23.h, z30.h, z23.h

Trace 0: 0x7f575013c8c0 [80081009311/00000000004009f0/00000001/00000201] dynopt_dct16_sve2_shared
----------------
IN: dynopt_dct16_sve2_shared
0x004009f4:  52800002  mov      w2, #0

Trace 0: 0x7f575013ca00 [80081009311/00000000004009f4/00000001/00000201] dynopt_dct16_sve2_shared
----------------
IN: dynopt_dct16_sve2_shared
0x004009f8:  05732b18  tbl      z24.h, {z24.h, z25.h}, z19.h

Trace 0: 0x7f575013cb40 [80081009311/00000000004009f8/00000001/00000201] dynopt_dct16_sve2_shared
----------------
IN: dynopt_dct16_sve2_shared
0x004009fc:  047505d5  sub      z21.h, z14.h, z21.h

Trace 0: 0x7f575013cc80 [80081009311/00000000004009fc/00000001/00000201] dynopt_dct16_sve2_shared
----------------
IN: dynopt_dct16_sve2_shared
0x00400a00:  04740794  sub      z20.h, z28.h, z20.h

Trace 0: 0x7f575013cdc0 [80081009311/0000000000400a00/00000001/00000201] dynopt_dct16_sve2_shared
----------------
IN: dynopt_dct16_sve2_shared
0x00400a04:  05732a94  tbl      z20.h, {z20.h, z21.h}, z19.h

Trace 0: 0x7f575013cf00 [80081009311/0000000000400a04/00000001/00000201] dynopt_dct16_sve2_shared
----------------
IN: dynopt_dct16_sve2_shared
0x00400a08:  05732ad3  tbl      z19.h, {z22.h, z23.h}, z19.h

Trace 0: 0x7f575013d040 [80081009311/0000000000400a08/00000001/00000201] dynopt_dct16_sve2_shared
----------------
IN: dynopt_dct16_sve2_shared
0x00400a0c:  046b3176  mov      z22.d, z11.d

Trace 0: 0x7f575013d180 [80081009311/0000000000400a0c/00000001/00000201] dynopt_dct16_sve2_shared
----------------
IN: dynopt_dct16_sve2_shared
0x00400a10:  04783317  mov      z23.d, z24.d

Trace 0: 0x7f575013d2c0 [80081009311/0000000000400a10/00000001/00000201] dynopt_dct16_sve2_shared
----------------
IN: dynopt_dct16_sve2_shared
0x00400a14:  2f00e415  movi     d21, #0000000000000000

Trace 0: 0x7f575013d400 [80081009311/0000000000400a14/00000001/00000201] dynopt_dct16_sve2_shared
----------------
IN: dynopt_dct16_sve2_shared
0x00400a18:  05722ad9  tbl      z25.h, {z22.h, z23.h}, z18.h

Trace 0: 0x7f575013d540 [80081009311/0000000000400a18/00000001/00000201] dynopt_dct16_sve2_shared
----------------
IN: dynopt_dct16_sve2_shared
0x00400a1c:  05712aca  tbl      z10.h, {z22.h, z23.h}, z17.h

Trace 0: 0x7f575013d680 [80081009311/0000000000400a1c/00000001/00000201] dynopt_dct16_sve2_shared
----------------
IN: dynopt_dct16_sve2_shared
0x00400a20:  04743296  mov      z22.d, z20.d

Trace 0: 0x7f575013d7c0 [80081009311/0000000000400a20/00000001/00000201] dynopt_dct16_sve2_shared
----------------
IN: dynopt_dct16_sve2_shared
0x00400a24:  04733277  mov      z23.d, z19.d

Trace 0: 0x7f575013d900 [80081009311/0000000000400a24/00000001/00000201] dynopt_dct16_sve2_shared
----------------
IN: dynopt_dct16_sve2_shared
0x00400a28:  05722ad2  tbl      z18.h, {z22.h, z23.h}, z18.h

Trace 0: 0x7f575013da40 [80081009311/0000000000400a28/00000001/00000201] dynopt_dct16_sve2_shared
----------------
IN: dynopt_dct16_sve2_shared
0x00400a2c:  05712ad6  tbl      z22.h, {z22.h, z23.h}, z17.h

Trace 0: 0x7f575013db80 [80081009311/0000000000400a2c/00000001/00000201] dynopt_dct16_sve2_shared
----------------
IN: dynopt_dct16_sve2_shared
0x00400a30:  a4a05cf4  ld1h     {z20.h}, p7/z, [x7, x0, lsl #1]

Trace 0: 0x7f575013dcc0 [80081009311/0000000000400a30/00000001/00000201] dynopt_dct16_sve2_shared
----------------
IN: dynopt_dct16_sve2_shared
0x00400a34:  a4a05cd3  ld1h     {z19.h}, p7/z, [x6, x0, lsl #1]

Trace 0: 0x7f575013de00 [80081009311/0000000000400a34/00000001/00000201] dynopt_dct16_sve2_shared
----------------
IN: dynopt_dct16_sve2_shared
0x00400a38:  360004c2  tbz      w2, #0, #0x400ad0

Trace 0: 0x7f575013df40 [80081009311/0000000000400a38/00000001/00000201] dynopt_dct16_sve2_shared
----------------
IN: dynopt_dct16_sve2_shared
0x00400ad0:  d37ff804  lsl      x4, x0, #1

Trace 0: 0x7f575013e080 [80081009311/0000000000400ad0/00000001/00000201] dynopt_dct16_sve2_shared
----------------
IN: dynopt_dct16_sve2_shared
0x00400ad4:  0420beb7  movprfx  z23, z21

Trace 0: 0x7f575013e1c0 [80081009311/0000000000400ad4/00000001/00000201] dynopt_dct16_sve2_shared
----------------
IN: dynopt_dct16_sve2_shared
0x00400ad8:  44d400f7  sdot     z23.d, z7.h, z20.h

Trace 0: 0x7f575013e300 [80081009311/0000000000400ad8/00000001/00000201] dynopt_dct16_sve2_shared
----------------
IN: dynopt_dct16_sve2_shared
0x00400adc:  44d30077  sdot     z23.d, z3.h, z19.h

Trace 0: 0x7f575013e440 [80081009311/0000000000400adc/00000001/00000201] dynopt_dct16_sve2_shared
----------------
IN: dynopt_dct16_sve2_shared
0x00400ae0:  05b76af7  uzp1     z23.s, z23.s, z23.s

Trace 0: 0x7f575013e580 [80081009311/0000000000400ae0/00000001/00000201] dynopt_dct16_sve2_shared
----------------
IN: dynopt_dct16_sve2_shared
0x00400ae4:  453d1af7  rshrnb   z23.h, z23.s, #3

Trace 0: 0x7f575013e6c0 [80081009311/0000000000400ae4/00000001/00000201] dynopt_dct16_sve2_shared
----------------
IN: dynopt_dct16_sve2_shared
0x00400ae8:  05776af7  uzp1     z23.h, z23.h, z23.h

Trace 0: 0x7f575013e800 [80081009311/0000000000400ae8/00000001/00000201] dynopt_dct16_sve2_shared
----------------
IN: dynopt_dct16_sve2_shared
0x00400aec:  fc0204b7  str      d23, [x5], #0x20

Trace 0: 0x7f575013e940 [80081009311/0000000000400aec/00000001/00000201] dynopt_dct16_sve2_shared
----------------
IN: dynopt_dct16_sve2_shared
0x00400af0:  0420beb7  movprfx  z23, z21

Trace 0: 0x7f575013ea80 [80081009311/0000000000400af0/00000001/00000201] dynopt_dct16_sve2_shared
----------------
IN: dynopt_dct16_sve2_shared
0x00400af4:  44d40097  sdot     z23.d, z4.h, z20.h

Trace 0: 0x7f575013ebc0 [80081009311/0000000000400af4/00000001/00000201] dynopt_dct16_sve2_shared
----------------
IN: dynopt_dct16_sve2_shared
0x00400af8:  44d30017  sdot     z23.d, z0.h, z19.h

Trace 0: 0x7f575013ed00 [80081009311/0000000000400af8/00000001/00000201] dynopt_dct16_sve2_shared
----------------
IN: dynopt_dct16_sve2_shared
0x00400afc:  05b76af7  uzp1     z23.s, z23.s, z23.s

Trace 0: 0x7f575013ee40 [80081009311/0000000000400afc/00000001/00000201] dynopt_dct16_sve2_shared
----------------
IN: dynopt_dct16_sve2_shared
0x00400b00:  453d1af7  rshrnb   z23.h, z23.s, #3

Trace 0: 0x7f575013ef80 [80081009311/0000000000400b00/00000001/00000201] dynopt_dct16_sve2_shared
----------------
IN: dynopt_dct16_sve2_shared
0x00400b04:  05776af7  uzp1     z23.h, z23.h, z23.h

Trace 0: 0x7f575013f0c0 [80081009311/0000000000400b04/00000001/00000201] dynopt_dct16_sve2_shared
----------------
IN: dynopt_dct16_sve2_shared
0x00400b08:  fc246977  str      d23, [x11, x4]

Trace 0: 0x7f575013f200 [80081009311/0000000000400b08/00000001/00000201] dynopt_dct16_sve2_shared
----------------
IN: dynopt_dct16_sve2_shared
0x00400b0c:  0420beb7  movprfx  z23, z21

Trace 0: 0x7f575013f340 [80081009311/0000000000400b0c/00000001/00000201] dynopt_dct16_sve2_shared
----------------
IN: dynopt_dct16_sve2_shared
0x00400b10:  44d40037  sdot     z23.d, z1.h, z20.h

Trace 0: 0x7f575013f480 [80081009311/0000000000400b10/00000001/00000201] dynopt_dct16_sve2_shared
----------------
IN: dynopt_dct16_sve2_shared
0x00400b14:  44d301b7  sdot     z23.d, z13.h, z19.h

Trace 0: 0x7f575013f5c0 [80081009311/0000000000400b14/00000001/00000201] dynopt_dct16_sve2_shared
----------------
IN: dynopt_dct16_sve2_shared
0x00400b18:  05b76af7  uzp1     z23.s, z23.s, z23.s

Trace 0: 0x7f575013f700 [80081009311/0000000000400b18/00000001/00000201] dynopt_dct16_sve2_shared
----------------
IN: dynopt_dct16_sve2_shared
0x00400b1c:  453d1af7  rshrnb   z23.h, z23.s, #3

Trace 0: 0x7f575013f840 [80081009311/0000000000400b1c/00000001/00000201] dynopt_dct16_sve2_shared
----------------
IN: dynopt_dct16_sve2_shared
0x00400b20:  05776af7  uzp1     z23.h, z23.h, z23.h

Trace 0: 0x7f575013f980 [80081009311/0000000000400b20/00000001/00000201] dynopt_dct16_sve2_shared
----------------
IN: dynopt_dct16_sve2_shared
0x00400b24:  fc246957  str      d23, [x10, x4]

Trace 0: 0x7f575013fac0 [80081009311/0000000000400b24/00000001/00000201] dynopt_dct16_sve2_shared
----------------
IN: dynopt_dct16_sve2_shared
0x00400b28:  11000442  add      w2, w2, #1

Trace 0: 0x7f575013fc00 [80081009311/0000000000400b28/00000001/00000201] dynopt_dct16_sve2_shared
----------------
IN: dynopt_dct16_sve2_shared
0x00400b2c:  0420beb7  movprfx  z23, z21

Trace 0: 0x7f575013fd40 [80081009311/0000000000400b2c/00000001/00000201] dynopt_dct16_sve2_shared
----------------
IN: dynopt_dct16_sve2_shared
0x00400b30:  44d40337  sdot     z23.d, z25.h, z20.h

Trace 0: 0x7f575013fe80 [80081009311/0000000000400b30/00000001/00000201] dynopt_dct16_sve2_shared
----------------
IN: dynopt_dct16_sve2_shared
0x00400b34:  91004000  add      x0, x0, #0x10

Trace 0: 0x7f575013ffc0 [80081009311/0000000000400b34/00000001/00000201] dynopt_dct16_sve2_shared
----------------
IN: dynopt_dct16_sve2_shared
0x00400b38:  44d30157  sdot     z23.d, z10.h, z19.h

Trace 0: 0x7f5750140100 [80081009311/0000000000400b38/00000001/00000201] dynopt_dct16_sve2_shared
----------------
IN: dynopt_dct16_sve2_shared
0x00400b3c:  05b76af7  uzp1     z23.s, z23.s, z23.s

Trace 0: 0x7f5750140240 [80081009311/0000000000400b3c/00000001/00000201] dynopt_dct16_sve2_shared
----------------
IN: dynopt_dct16_sve2_shared
0x00400b40:  453d1af7  rshrnb   z23.h, z23.s, #3

Trace 0: 0x7f5750140380 [80081009311/0000000000400b40/00000001/00000201] dynopt_dct16_sve2_shared
----------------
IN: dynopt_dct16_sve2_shared
0x00400b44:  05776af7  uzp1     z23.h, z23.h, z23.h

Trace 0: 0x7f57501404c0 [80081009311/0000000000400b44/00000001/00000201] dynopt_dct16_sve2_shared
----------------
IN: dynopt_dct16_sve2_shared
0x00400b48:  fc246937  str      d23, [x9, x4]

Trace 0: 0x7f5750140600 [80081009311/0000000000400b48/00000001/00000201] dynopt_dct16_sve2_shared
----------------
IN: dynopt_dct16_sve2_shared
0x00400b4c:  17ffffb9  b        #0x400a30

Trace 0: 0x7f5750140740 [80081009311/0000000000400b4c/00000001/00000201] dynopt_dct16_sve2_shared
Trace 0: 0x7f575013dcc0 [80081009311/0000000000400a30/00000001/00000201] dynopt_dct16_sve2_shared
Trace 0: 0x7f575013de00 [80081009311/0000000000400a34/00000001/00000201] dynopt_dct16_sve2_shared
Trace 0: 0x7f575013df40 [80081009311/0000000000400a38/00000001/00000201] dynopt_dct16_sve2_shared
----------------
IN: dynopt_dct16_sve2_shared
0x00400a3c:  d37ff804  lsl      x4, x0, #1

Trace 0: 0x7f5750140880 [80081009311/0000000000400a3c/00000001/00000201] dynopt_dct16_sve2_shared
----------------
IN: dynopt_dct16_sve2_shared
0x00400a40:  0420beb7  movprfx  z23, z21

Trace 0: 0x7f57501409c0 [80081009311/0000000000400a40/00000001/00000201] dynopt_dct16_sve2_shared
----------------
IN: dynopt_dct16_sve2_shared
0x00400a44:  44d400d7  sdot     z23.d, z6.h, z20.h

Trace 0: 0x7f5750140b00 [80081009311/0000000000400a44/00000001/00000201] dynopt_dct16_sve2_shared
----------------
IN: dynopt_dct16_sve2_shared
0x00400a48:  44d30057  sdot     z23.d, z2.h, z19.h

Trace 0: 0x7f5750140c40 [80081009311/0000000000400a48/00000001/00000201] dynopt_dct16_sve2_shared
----------------
IN: dynopt_dct16_sve2_shared
0x00400a4c:  05b76af7  uzp1     z23.s, z23.s, z23.s

Trace 0: 0x7f5750140d80 [80081009311/0000000000400a4c/00000001/00000201] dynopt_dct16_sve2_shared
----------------
IN: dynopt_dct16_sve2_shared
0x00400a50:  453d1af7  rshrnb   z23.h, z23.s, #3

Trace 0: 0x7f5750140ec0 [80081009311/0000000000400a50/00000001/00000201] dynopt_dct16_sve2_shared
----------------
IN: dynopt_dct16_sve2_shared
0x00400a54:  05776af7  uzp1     z23.h, z23.h, z23.h

Trace 0: 0x7f5750141000 [80081009311/0000000000400a54/00000001/00000201] dynopt_dct16_sve2_shared
----------------
IN: dynopt_dct16_sve2_shared
0x00400a58:  fd0000b7  str      d23, [x5]

Trace 0: 0x7f5750141140 [80081009311/0000000000400a58/00000001/00000201] dynopt_dct16_sve2_shared
----------------
IN: dynopt_dct16_sve2_shared
0x00400a5c:  0420beb7  movprfx  z23, z21

Trace 0: 0x7f5750141280 [80081009311/0000000000400a5c/00000001/00000201] dynopt_dct16_sve2_shared
----------------
IN: dynopt_dct16_sve2_shared
0x00400a60:  44d40377  sdot     z23.d, z27.h, z20.h

Trace 0: 0x7f57501413c0 [80081009311/0000000000400a60/00000001/00000201] dynopt_dct16_sve2_shared
----------------
IN: dynopt_dct16_sve2_shared
0x00400a64:  44d301f7  sdot     z23.d, z15.h, z19.h

Trace 0: 0x7f5750141500 [80081009311/0000000000400a64/00000001/00000201] dynopt_dct16_sve2_shared
----------------
IN: dynopt_dct16_sve2_shared
0x00400a68:  05b76af7  uzp1     z23.s, z23.s, z23.s

Trace 0: 0x7f5750141640 [80081009311/0000000000400a68/00000001/00000201] dynopt_dct16_sve2_shared
----------------
IN: dynopt_dct16_sve2_shared
0x00400a6c:  453d1af7  rshrnb   z23.h, z23.s, #3

Trace 0: 0x7f5750141780 [80081009311/0000000000400a6c/00000001/00000201] dynopt_dct16_sve2_shared
----------------
IN: dynopt_dct16_sve2_shared
0x00400a70:  05776af7  uzp1     z23.h, z23.h, z23.h

Trace 0: 0x7f57501418c0 [80081009311/0000000000400a70/00000001/00000201] dynopt_dct16_sve2_shared
----------------
IN: dynopt_dct16_sve2_shared
0x00400a74:  fc246977  str      d23, [x11, x4]

Trace 0: 0x7f5750141a00 [80081009311/0000000000400a74/00000001/00000201] dynopt_dct16_sve2_shared
----------------
IN: dynopt_dct16_sve2_shared
0x00400a78:  0420beb7  movprfx  z23, z21

Trace 0: 0x7f5750141b40 [80081009311/0000000000400a78/00000001/00000201] dynopt_dct16_sve2_shared
----------------
IN: dynopt_dct16_sve2_shared
0x00400a7c:  44d403b7  sdot     z23.d, z29.h, z20.h

Trace 0: 0x7f5750141c80 [80081009311/0000000000400a7c/00000001/00000201] dynopt_dct16_sve2_shared
----------------
IN: dynopt_dct16_sve2_shared
0x00400a80:  44d30197  sdot     z23.d, z12.h, z19.h

Trace 0: 0x7f5750141dc0 [80081009311/0000000000400a80/00000001/00000201] dynopt_dct16_sve2_shared
----------------
IN: dynopt_dct16_sve2_shared
0x00400a84:  05b76af7  uzp1     z23.s, z23.s, z23.s

Trace 0: 0x7f5750141f00 [80081009311/0000000000400a84/00000001/00000201] dynopt_dct16_sve2_shared
----------------
IN: dynopt_dct16_sve2_shared
0x00400a88:  453d1af7  rshrnb   z23.h, z23.s, #3

Trace 0: 0x7f5750142040 [80081009311/0000000000400a88/00000001/00000201] dynopt_dct16_sve2_shared
----------------
IN: dynopt_dct16_sve2_shared
0x00400a8c:  05776af7  uzp1     z23.h, z23.h, z23.h

Trace 0: 0x7f5750142180 [80081009311/0000000000400a8c/00000001/00000201] dynopt_dct16_sve2_shared
----------------
IN: dynopt_dct16_sve2_shared
0x00400a90:  fc246957  str      d23, [x10, x4]

Trace 0: 0x7f57501422c0 [80081009311/0000000000400a90/00000001/00000201] dynopt_dct16_sve2_shared
----------------
IN: dynopt_dct16_sve2_shared
0x00400a94:  11000442  add      w2, w2, #1

Trace 0: 0x7f5750142400 [80081009311/0000000000400a94/00000001/00000201] dynopt_dct16_sve2_shared
----------------
IN: dynopt_dct16_sve2_shared
0x00400a98:  0420beb7  movprfx  z23, z21

Trace 0: 0x7f5750142540 [80081009311/0000000000400a98/00000001/00000201] dynopt_dct16_sve2_shared
----------------
IN: dynopt_dct16_sve2_shared
0x00400a9c:  44d40257  sdot     z23.d, z18.h, z20.h

Trace 0: 0x7f5750142680 [80081009311/0000000000400a9c/00000001/00000201] dynopt_dct16_sve2_shared
----------------
IN: dynopt_dct16_sve2_shared
0x00400aa0:  44d302d7  sdot     z23.d, z22.h, z19.h

Trace 0: 0x7f57501427c0 [80081009311/0000000000400aa0/00000001/00000201] dynopt_dct16_sve2_shared
----------------
IN: dynopt_dct16_sve2_shared
0x00400aa4:  05b76af7  uzp1     z23.s, z23.s, z23.s

Trace 0: 0x7f5750142900 [80081009311/0000000000400aa4/00000001/00000201] dynopt_dct16_sve2_shared
----------------
IN: dynopt_dct16_sve2_shared
0x00400aa8:  453d1af7  rshrnb   z23.h, z23.s, #3

Trace 0: 0x7f5750142a40 [80081009311/0000000000400aa8/00000001/00000201] dynopt_dct16_sve2_shared
----------------
IN: dynopt_dct16_sve2_shared
0x00400aac:  05776af7  uzp1     z23.h, z23.h, z23.h

Trace 0: 0x7f5750142b80 [80081009311/0000000000400aac/00000001/00000201] dynopt_dct16_sve2_shared
----------------
IN: dynopt_dct16_sve2_shared
0x00400ab0:  fc246937  str      d23, [x9, x4]

Trace 0: 0x7f5750142cc0 [80081009311/0000000000400ab0/00000001/00000201] dynopt_dct16_sve2_shared
----------------
IN: dynopt_dct16_sve2_shared
0x00400ab4:  7100405f  cmp      w2, #0x10

Trace 0: 0x7f5750142e00 [80081009311/0000000000400ab4/00000001/00000201] dynopt_dct16_sve2_shared
----------------
IN: dynopt_dct16_sve2_shared
0x00400ab8:  540004c0  b.eq     #0x400b50

Trace 0: 0x7f5750142f40 [80081009311/0000000000400ab8/00000001/00000201] dynopt_dct16_sve2_shared
----------------
IN: dynopt_dct16_sve2_shared
0x00400abc:  91004000  add      x0, x0, #0x10

Trace 0: 0x7f5750143080 [80081009311/0000000000400abc/00000001/00000201] dynopt_dct16_sve2_shared
----------------
IN: dynopt_dct16_sve2_shared
0x00400ac0:  910080a5  add      x5, x5, #0x20

Trace 0: 0x7f57501431c0 [80081009311/0000000000400ac0/00000001/00000201] dynopt_dct16_sve2_shared
----------------
IN: dynopt_dct16_sve2_shared
0x00400ac4:  a4a05cf4  ld1h     {z20.h}, p7/z, [x7, x0, lsl #1]

Trace 0: 0x7f5750143300 [80081009311/0000000000400ac4/00000001/00000201] dynopt_dct16_sve2_shared
----------------
IN: dynopt_dct16_sve2_shared
0x00400ac8:  a4a05cd3  ld1h     {z19.h}, p7/z, [x6, x0, lsl #1]

Trace 0: 0x7f5750143440 [80081009311/0000000000400ac8/00000001/00000201] dynopt_dct16_sve2_shared
----------------
IN: dynopt_dct16_sve2_shared
0x00400acc:  3707fb82  tbnz     w2, #0, #0x400a3c

Trace 0: 0x7f5750143580 [80081009311/0000000000400acc/00000001/00000201] dynopt_dct16_sve2_shared
Trace 0: 0x7f575013e080 [80081009311/0000000000400ad0/00000001/00000201] dynopt_dct16_sve2_shared
Trace 0: 0x7f575013e1c0 [80081009311/0000000000400ad4/00000001/00000201] dynopt_dct16_sve2_shared
Trace 0: 0x7f575013e300 [80081009311/0000000000400ad8/00000001/00000201] dynopt_dct16_sve2_shared
Trace 0: 0x7f575013e440 [80081009311/0000000000400adc/00000001/00000201] dynopt_dct16_sve2_shared
Trace 0: 0x7f575013e580 [80081009311/0000000000400ae0/00000001/00000201] dynopt_dct16_sve2_shared
Trace 0: 0x7f575013e6c0 [80081009311/0000000000400ae4/00000001/00000201] dynopt_dct16_sve2_shared
Trace 0: 0x7f575013e800 [80081009311/0000000000400ae8/00000001/00000201] dynopt_dct16_sve2_shared
Trace 0: 0x7f575013e940 [80081009311/0000000000400aec/00000001/00000201] dynopt_dct16_sve2_shared
Trace 0: 0x7f575013ea80 [80081009311/0000000000400af0/00000001/00000201] dynopt_dct16_sve2_shared
Trace 0: 0x7f575013ebc0 [80081009311/0000000000400af4/00000001/00000201] dynopt_dct16_sve2_shared
Trace 0: 0x7f575013ed00 [80081009311/0000000000400af8/00000001/00000201] dynopt_dct16_sve2_shared
Trace 0: 0x7f575013ee40 [80081009311/0000000000400afc/00000001/00000201] dynopt_dct16_sve2_shared
Trace 0: 0x7f575013ef80 [80081009311/0000000000400b00/00000001/00000201] dynopt_dct16_sve2_shared
Trace 0: 0x7f575013f0c0 [80081009311/0000000000400b04/00000001/00000201] dynopt_dct16_sve2_shared
Trace 0: 0x7f575013f200 [80081009311/0000000000400b08/00000001/00000201] dynopt_dct16_sve2_shared
Trace 0: 0x7f575013f340 [80081009311/0000000000400b0c/00000001/00000201] dynopt_dct16_sve2_shared
Trace 0: 0x7f575013f480 [80081009311/0000000000400b10/00000001/00000201] dynopt_dct16_sve2_shared
Trace 0: 0x7f575013f5c0 [80081009311/0000000000400b14/00000001/00000201] dynopt_dct16_sve2_shared
Trace 0: 0x7f575013f700 [80081009311/0000000000400b18/00000001/00000201] dynopt_dct16_sve2_shared
Trace 0: 0x7f575013f840 [80081009311/0000000000400b1c/00000001/00000201] dynopt_dct16_sve2_shared
Trace 0: 0x7f575013f980 [80081009311/0000000000400b20/00000001/00000201] dynopt_dct16_sve2_shared
Trace 0: 0x7f575013fac0 [80081009311/0000000000400b24/00000001/00000201] dynopt_dct16_sve2_shared
Trace 0: 0x7f575013fc00 [80081009311/0000000000400b28/00000001/00000201] dynopt_dct16_sve2_shared
Trace 0: 0x7f575013fd40 [80081009311/0000000000400b2c/00000001/00000201] dynopt_dct16_sve2_shared
Trace 0: 0x7f575013fe80 [80081009311/0000000000400b30/00000001/00000201] dynopt_dct16_sve2_shared
Trace 0: 0x7f575013ffc0 [80081009311/0000000000400b34/00000001/00000201] dynopt_dct16_sve2_shared
Trace 0: 0x7f5750140100 [80081009311/0000000000400b38/00000001/00000201] dynopt_dct16_sve2_shared
Trace 0: 0x7f5750140240 [80081009311/0000000000400b3c/00000001/00000201] dynopt_dct16_sve2_shared
Trace 0: 0x7f5750140380 [80081009311/0000000000400b40/00000001/00000201] dynopt_dct16_sve2_shared
Trace 0: 0x7f57501404c0 [80081009311/0000000000400b44/00000001/00000201] dynopt_dct16_sve2_shared
Trace 0: 0x7f5750140600 [80081009311/0000000000400b48/00000001/00000201] dynopt_dct16_sve2_shared
Trace 0: 0x7f5750140740 [80081009311/0000000000400b4c/00000001/00000201] dynopt_dct16_sve2_shared
Trace 0: 0x7f575013dcc0 [80081009311/0000000000400a30/00000001/00000201] dynopt_dct16_sve2_shared
Trace 0: 0x7f575013de00 [80081009311/0000000000400a34/00000001/00000201] dynopt_dct16_sve2_shared
Trace 0: 0x7f575013df40 [80081009311/0000000000400a38/00000001/00000201] dynopt_dct16_sve2_shared
Trace 0: 0x7f5750140880 [80081009311/0000000000400a3c/00000001/00000201] dynopt_dct16_sve2_shared
Trace 0: 0x7f57501409c0 [80081009311/0000000000400a40/00000001/00000201] dynopt_dct16_sve2_shared
Trace 0: 0x7f5750140b00 [80081009311/0000000000400a44/00000001/00000201] dynopt_dct16_sve2_shared
Trace 0: 0x7f5750140c40 [80081009311/0000000000400a48/00000001/00000201] dynopt_dct16_sve2_shared
Trace 0: 0x7f5750140d80 [80081009311/0000000000400a4c/00000001/00000201] dynopt_dct16_sve2_shared
Trace 0: 0x7f5750140ec0 [80081009311/0000000000400a50/00000001/00000201] dynopt_dct16_sve2_shared
Trace 0: 0x7f5750141000 [80081009311/0000000000400a54/00000001/00000201] dynopt_dct16_sve2_shared
Trace 0: 0x7f5750141140 [80081009311/0000000000400a58/00000001/00000201] dynopt_dct16_sve2_shared
Trace 0: 0x7f5750141280 [80081009311/0000000000400a5c/00000001/00000201] dynopt_dct16_sve2_shared
Trace 0: 0x7f57501413c0 [80081009311/0000000000400a60/00000001/00000201] dynopt_dct16_sve2_shared
Trace 0: 0x7f5750141500 [80081009311/0000000000400a64/00000001/00000201] dynopt_dct16_sve2_shared
Trace 0: 0x7f5750141640 [80081009311/0000000000400a68/00000001/00000201] dynopt_dct16_sve2_shared
Trace 0: 0x7f5750141780 [80081009311/0000000000400a6c/00000001/00000201] dynopt_dct16_sve2_shared
Trace 0: 0x7f57501418c0 [80081009311/0000000000400a70/00000001/00000201] dynopt_dct16_sve2_shared
Trace 0: 0x7f5750141a00 [80081009311/0000000000400a74/00000001/00000201] dynopt_dct16_sve2_shared
Trace 0: 0x7f5750141b40 [80081009311/0000000000400a78/00000001/00000201] dynopt_dct16_sve2_shared
Trace 0: 0x7f5750141c80 [80081009311/0000000000400a7c/00000001/00000201] dynopt_dct16_sve2_shared
Trace 0: 0x7f5750141dc0 [80081009311/0000000000400a80/00000001/00000201] dynopt_dct16_sve2_shared
Trace 0: 0x7f5750141f00 [80081009311/0000000000400a84/00000001/00000201] dynopt_dct16_sve2_shared
Trace 0: 0x7f5750142040 [80081009311/0000000000400a88/00000001/00000201] dynopt_dct16_sve2_shared
Trace 0: 0x7f5750142180 [80081009311/0000000000400a8c/00000001/00000201] dynopt_dct16_sve2_shared
Trace 0: 0x7f57501422c0 [80081009311/0000000000400a90/00000001/00000201] dynopt_dct16_sve2_shared
Trace 0: 0x7f5750142400 [80081009311/0000000000400a94/00000001/00000201] dynopt_dct16_sve2_shared
Trace 0: 0x7f5750142540 [80081009311/0000000000400a98/00000001/00000201] dynopt_dct16_sve2_shared
Trace 0: 0x7f5750142680 [80081009311/0000000000400a9c/00000001/00000201] dynopt_dct16_sve2_shared
Trace 0: 0x7f57501427c0 [80081009311/0000000000400aa0/00000001/00000201] dynopt_dct16_sve2_shared
Trace 0: 0x7f5750142900 [80081009311/0000000000400aa4/00000001/00000201] dynopt_dct16_sve2_shared
Trace 0: 0x7f5750142a40 [80081009311/0000000000400aa8/00000001/00000201] dynopt_dct16_sve2_shared
Trace 0: 0x7f5750142b80 [80081009311/0000000000400aac/00000001/00000201] dynopt_dct16_sve2_shared
Trace 0: 0x7f5750142cc0 [80081009311/0000000000400ab0/00000001/00000201] dynopt_dct16_sve2_shared
Trace 0: 0x7f5750142e00 [80081009311/0000000000400ab4/00000001/00000201] dynopt_dct16_sve2_shared
Trace 0: 0x7f5750142f40 [80081009311/0000000000400ab8/00000001/00000201] dynopt_dct16_sve2_shared
Trace 0: 0x7f5750143080 [80081009311/0000000000400abc/00000001/00000201] dynopt_dct16_sve2_shared
Trace 0: 0x7f57501431c0 [80081009311/0000000000400ac0/00000001/00000201] dynopt_dct16_sve2_shared
Trace 0: 0x7f5750143300 [80081009311/0000000000400ac4/00000001/00000201] dynopt_dct16_sve2_shared
Trace 0: 0x7f5750143440 [80081009311/0000000000400ac8/00000001/00000201] dynopt_dct16_sve2_shared
Trace 0: 0x7f5750143580 [80081009311/0000000000400acc/00000001/00000201] dynopt_dct16_sve2_shared
Trace 0: 0x7f575013e080 [80081009311/0000000000400ad0/00000001/00000201] dynopt_dct16_sve2_shared
Trace 0: 0x7f575013e1c0 [80081009311/0000000000400ad4/00000001/00000201] dynopt_dct16_sve2_shared
Trace 0: 0x7f575013e300 [80081009311/0000000000400ad8/00000001/00000201] dynopt_dct16_sve2_shared
Trace 0: 0x7f575013e440 [80081009311/0000000000400adc/00000001/00000201] dynopt_dct16_sve2_shared
Trace 0: 0x7f575013e580 [80081009311/0000000000400ae0/00000001/00000201] dynopt_dct16_sve2_shared
Trace 0: 0x7f575013e6c0 [80081009311/0000000000400ae4/00000001/00000201] dynopt_dct16_sve2_shared
Trace 0: 0x7f575013e800 [80081009311/0000000000400ae8/00000001/00000201] dynopt_dct16_sve2_shared
Trace 0: 0x7f575013e940 [80081009311/0000000000400aec/00000001/00000201] dynopt_dct16_sve2_shared
Trace 0: 0x7f575013ea80 [80081009311/0000000000400af0/00000001/00000201] dynopt_dct16_sve2_shared
Trace 0: 0x7f575013ebc0 [80081009311/0000000000400af4/00000001/00000201] dynopt_dct16_sve2_shared
Trace 0: 0x7f575013ed00 [80081009311/0000000000400af8/00000001/00000201] dynopt_dct16_sve2_shared
Trace 0: 0x7f575013ee40 [80081009311/0000000000400afc/00000001/00000201] dynopt_dct16_sve2_shared
Trace 0: 0x7f575013ef80 [80081009311/0000000000400b00/00000001/00000201] dynopt_dct16_sve2_shared
Trace 0: 0x7f575013f0c0 [80081009311/0000000000400b04/00000001/00000201] dynopt_dct16_sve2_shared
Trace 0: 0x7f575013f200 [80081009311/0000000000400b08/00000001/00000201] dynopt_dct16_sve2_shared
Trace 0: 0x7f575013f340 [80081009311/0000000000400b0c/00000001/00000201] dynopt_dct16_sve2_shared
Trace 0: 0x7f575013f480 [80081009311/0000000000400b10/00000001/00000201] dynopt_dct16_sve2_shared
Trace 0: 0x7f575013f5c0 [80081009311/0000000000400b14/00000001/00000201] dynopt_dct16_sve2_shared
Trace 0: 0x7f575013f700 [80081009311/0000000000400b18/00000001/00000201] dynopt_dct16_sve2_shared
Trace 0: 0x7f575013f840 [80081009311/0000000000400b1c/00000001/00000201] dynopt_dct16_sve2_shared
Trace 0: 0x7f575013f980 [80081009311/0000000000400b20/00000001/00000201] dynopt_dct16_sve2_shared
Trace 0: 0x7f575013fac0 [80081009311/0000000000400b24/00000001/00000201] dynopt_dct16_sve2_shared
Trace 0: 0x7f575013fc00 [80081009311/0000000000400b28/00000001/00000201] dynopt_dct16_sve2_shared
Trace 0: 0x7f575013fd40 [80081009311/0000000000400b2c/00000001/00000201] dynopt_dct16_sve2_shared
Trace 0: 0x7f575013fe80 [80081009311/0000000000400b30/00000001/00000201] dynopt_dct16_sve2_shared
Trace 0: 0x7f575013ffc0 [80081009311/0000000000400b34/00000001/00000201] dynopt_dct16_sve2_shared
Trace 0: 0x7f5750140100 [80081009311/0000000000400b38/00000001/00000201] dynopt_dct16_sve2_shared
Trace 0: 0x7f5750140240 [80081009311/0000000000400b3c/00000001/00000201] dynopt_dct16_sve2_shared
Trace 0: 0x7f5750140380 [80081009311/0000000000400b40/00000001/00000201] dynopt_dct16_sve2_shared
Trace 0: 0x7f57501404c0 [80081009311/0000000000400b44/00000001/00000201] dynopt_dct16_sve2_shared
Trace 0: 0x7f5750140600 [80081009311/0000000000400b48/00000001/00000201] dynopt_dct16_sve2_shared
Trace 0: 0x7f5750140740 [80081009311/0000000000400b4c/00000001/00000201] dynopt_dct16_sve2_shared
Trace 0: 0x7f575013dcc0 [80081009311/0000000000400a30/00000001/00000201] dynopt_dct16_sve2_shared
Trace 0: 0x7f575013de00 [80081009311/0000000000400a34/00000001/00000201] dynopt_dct16_sve2_shared
Trace 0: 0x7f575013df40 [80081009311/0000000000400a38/00000001/00000201] dynopt_dct16_sve2_shared
Trace 0: 0x7f5750140880 [80081009311/0000000000400a3c/00000001/00000201] dynopt_dct16_sve2_shared
Trace 0: 0x7f57501409c0 [80081009311/0000000000400a40/00000001/00000201] dynopt_dct16_sve2_shared
Trace 0: 0x7f5750140b00 [80081009311/0000000000400a44/00000001/00000201] dynopt_dct16_sve2_shared
Trace 0: 0x7f5750140c40 [80081009311/0000000000400a48/00000001/00000201] dynopt_dct16_sve2_shared
Trace 0: 0x7f5750140d80 [80081009311/0000000000400a4c/00000001/00000201] dynopt_dct16_sve2_shared
Trace 0: 0x7f5750140ec0 [80081009311/0000000000400a50/00000001/00000201] dynopt_dct16_sve2_shared
Trace 0: 0x7f5750141000 [80081009311/0000000000400a54/00000001/00000201] dynopt_dct16_sve2_shared
Trace 0: 0x7f5750141140 [80081009311/0000000000400a58/00000001/00000201] dynopt_dct16_sve2_shared
Trace 0: 0x7f5750141280 [80081009311/0000000000400a5c/00000001/00000201] dynopt_dct16_sve2_shared
Trace 0: 0x7f57501413c0 [80081009311/0000000000400a60/00000001/00000201] dynopt_dct16_sve2_shared
Trace 0: 0x7f5750141500 [80081009311/0000000000400a64/00000001/00000201] dynopt_dct16_sve2_shared
Trace 0: 0x7f5750141640 [80081009311/0000000000400a68/00000001/00000201] dynopt_dct16_sve2_shared
Trace 0: 0x7f5750141780 [80081009311/0000000000400a6c/00000001/00000201] dynopt_dct16_sve2_shared
Trace 0: 0x7f57501418c0 [80081009311/0000000000400a70/00000001/00000201] dynopt_dct16_sve2_shared
Trace 0: 0x7f5750141a00 [80081009311/0000000000400a74/00000001/00000201] dynopt_dct16_sve2_shared
Trace 0: 0x7f5750141b40 [80081009311/0000000000400a78/00000001/00000201] dynopt_dct16_sve2_shared
Trace 0: 0x7f5750141c80 [80081009311/0000000000400a7c/00000001/00000201] dynopt_dct16_sve2_shared
Trace 0: 0x7f5750141dc0 [80081009311/0000000000400a80/00000001/00000201] dynopt_dct16_sve2_shared
Trace 0: 0x7f5750141f00 [80081009311/0000000000400a84/00000001/00000201] dynopt_dct16_sve2_shared
Trace 0: 0x7f5750142040 [80081009311/0000000000400a88/00000001/00000201] dynopt_dct16_sve2_shared
Trace 0: 0x7f5750142180 [80081009311/0000000000400a8c/00000001/00000201] dynopt_dct16_sve2_shared
Trace 0: 0x7f57501422c0 [80081009311/0000000000400a90/00000001/00000201] dynopt_dct16_sve2_shared
Trace 0: 0x7f5750142400 [80081009311/0000000000400a94/00000001/00000201] dynopt_dct16_sve2_shared
Trace 0: 0x7f5750142540 [80081009311/0000000000400a98/00000001/00000201] dynopt_dct16_sve2_shared
Trace 0: 0x7f5750142680 [80081009311/0000000000400a9c/00000001/00000201] dynopt_dct16_sve2_shared
Trace 0: 0x7f57501427c0 [80081009311/0000000000400aa0/00000001/00000201] dynopt_dct16_sve2_shared
Trace 0: 0x7f5750142900 [80081009311/0000000000400aa4/00000001/00000201] dynopt_dct16_sve2_shared
Trace 0: 0x7f5750142a40 [80081009311/0000000000400aa8/00000001/00000201] dynopt_dct16_sve2_shared
Trace 0: 0x7f5750142b80 [80081009311/0000000000400aac/00000001/00000201] dynopt_dct16_sve2_shared
Trace 0: 0x7f5750142cc0 [80081009311/0000000000400ab0/00000001/00000201] dynopt_dct16_sve2_shared
Trace 0: 0x7f5750142e00 [80081009311/0000000000400ab4/00000001/00000201] dynopt_dct16_sve2_shared
Trace 0: 0x7f5750142f40 [80081009311/0000000000400ab8/00000001/00000201] dynopt_dct16_sve2_shared
Trace 0: 0x7f5750143080 [80081009311/0000000000400abc/00000001/00000201] dynopt_dct16_sve2_shared
Trace 0: 0x7f57501431c0 [80081009311/0000000000400ac0/00000001/00000201] dynopt_dct16_sve2_shared
Trace 0: 0x7f5750143300 [80081009311/0000000000400ac4/00000001/00000201] dynopt_dct16_sve2_shared
Trace 0: 0x7f5750143440 [80081009311/0000000000400ac8/00000001/00000201] dynopt_dct16_sve2_shared
Trace 0: 0x7f5750143580 [80081009311/0000000000400acc/00000001/00000201] dynopt_dct16_sve2_shared
Trace 0: 0x7f575013e080 [80081009311/0000000000400ad0/00000001/00000201] dynopt_dct16_sve2_shared
Trace 0: 0x7f575013e1c0 [80081009311/0000000000400ad4/00000001/00000201] dynopt_dct16_sve2_shared
Trace 0: 0x7f575013e300 [80081009311/0000000000400ad8/00000001/00000201] dynopt_dct16_sve2_shared
Trace 0: 0x7f575013e440 [80081009311/0000000000400adc/00000001/00000201] dynopt_dct16_sve2_shared
Trace 0: 0x7f575013e580 [80081009311/0000000000400ae0/00000001/00000201] dynopt_dct16_sve2_shared
Trace 0: 0x7f575013e6c0 [80081009311/0000000000400ae4/00000001/00000201] dynopt_dct16_sve2_shared
Trace 0: 0x7f575013e800 [80081009311/0000000000400ae8/00000001/00000201] dynopt_dct16_sve2_shared
Trace 0: 0x7f575013e940 [80081009311/0000000000400aec/00000001/00000201] dynopt_dct16_sve2_shared
Trace 0: 0x7f575013ea80 [80081009311/0000000000400af0/00000001/00000201] dynopt_dct16_sve2_shared
Trace 0: 0x7f575013ebc0 [80081009311/0000000000400af4/00000001/00000201] dynopt_dct16_sve2_shared
Trace 0: 0x7f575013ed00 [80081009311/0000000000400af8/00000001/00000201] dynopt_dct16_sve2_shared
Trace 0: 0x7f575013ee40 [80081009311/0000000000400afc/00000001/00000201] dynopt_dct16_sve2_shared
Trace 0: 0x7f575013ef80 [80081009311/0000000000400b00/00000001/00000201] dynopt_dct16_sve2_shared
Trace 0: 0x7f575013f0c0 [80081009311/0000000000400b04/00000001/00000201] dynopt_dct16_sve2_shared
Trace 0: 0x7f575013f200 [80081009311/0000000000400b08/00000001/00000201] dynopt_dct16_sve2_shared
Trace 0: 0x7f575013f340 [80081009311/0000000000400b0c/00000001/00000201] dynopt_dct16_sve2_shared
Trace 0: 0x7f575013f480 [80081009311/0000000000400b10/00000001/00000201] dynopt_dct16_sve2_shared
Trace 0: 0x7f575013f5c0 [80081009311/0000000000400b14/00000001/00000201] dynopt_dct16_sve2_shared
Trace 0: 0x7f575013f700 [80081009311/0000000000400b18/00000001/00000201] dynopt_dct16_sve2_shared
Trace 0: 0x7f575013f840 [80081009311/0000000000400b1c/00000001/00000201] dynopt_dct16_sve2_shared
Trace 0: 0x7f575013f980 [80081009311/0000000000400b20/00000001/00000201] dynopt_dct16_sve2_shared
Trace 0: 0x7f575013fac0 [80081009311/0000000000400b24/00000001/00000201] dynopt_dct16_sve2_shared
Trace 0: 0x7f575013fc00 [80081009311/0000000000400b28/00000001/00000201] dynopt_dct16_sve2_shared
Trace 0: 0x7f575013fd40 [80081009311/0000000000400b2c/00000001/00000201] dynopt_dct16_sve2_shared
Trace 0: 0x7f575013fe80 [80081009311/0000000000400b30/00000001/00000201] dynopt_dct16_sve2_shared
Trace 0: 0x7f575013ffc0 [80081009311/0000000000400b34/00000001/00000201] dynopt_dct16_sve2_shared
Trace 0: 0x7f5750140100 [80081009311/0000000000400b38/00000001/00000201] dynopt_dct16_sve2_shared
Trace 0: 0x7f5750140240 [80081009311/0000000000400b3c/00000001/00000201] dynopt_dct16_sve2_shared
Trace 0: 0x7f5750140380 [80081009311/0000000000400b40/00000001/00000201] dynopt_dct16_sve2_shared
Trace 0: 0x7f57501404c0 [80081009311/0000000000400b44/00000001/00000201] dynopt_dct16_sve2_shared
Trace 0: 0x7f5750140600 [80081009311/0000000000400b48/00000001/00000201] dynopt_dct16_sve2_shared
Trace 0: 0x7f5750140740 [80081009311/0000000000400b4c/00000001/00000201] dynopt_dct16_sve2_shared
Trace 0: 0x7f575013dcc0 [80081009311/0000000000400a30/00000001/00000201] dynopt_dct16_sve2_shared
Trace 0: 0x7f575013de00 [80081009311/0000000000400a34/00000001/00000201] dynopt_dct16_sve2_shared
Trace 0: 0x7f575013df40 [80081009311/0000000000400a38/00000001/00000201] dynopt_dct16_sve2_shared
Trace 0: 0x7f5750140880 [80081009311/0000000000400a3c/00000001/00000201] dynopt_dct16_sve2_shared
Trace 0: 0x7f57501409c0 [80081009311/0000000000400a40/00000001/00000201] dynopt_dct16_sve2_shared
Trace 0: 0x7f5750140b00 [80081009311/0000000000400a44/00000001/00000201] dynopt_dct16_sve2_shared
Trace 0: 0x7f5750140c40 [80081009311/0000000000400a48/00000001/00000201] dynopt_dct16_sve2_shared
Trace 0: 0x7f5750140d80 [80081009311/0000000000400a4c/00000001/00000201] dynopt_dct16_sve2_shared
Trace 0: 0x7f5750140ec0 [80081009311/0000000000400a50/00000001/00000201] dynopt_dct16_sve2_shared
Trace 0: 0x7f5750141000 [80081009311/0000000000400a54/00000001/00000201] dynopt_dct16_sve2_shared
Trace 0: 0x7f5750141140 [80081009311/0000000000400a58/00000001/00000201] dynopt_dct16_sve2_shared
Trace 0: 0x7f5750141280 [80081009311/0000000000400a5c/00000001/00000201] dynopt_dct16_sve2_shared
Trace 0: 0x7f57501413c0 [80081009311/0000000000400a60/00000001/00000201] dynopt_dct16_sve2_shared
Trace 0: 0x7f5750141500 [80081009311/0000000000400a64/00000001/00000201] dynopt_dct16_sve2_shared
Trace 0: 0x7f5750141640 [80081009311/0000000000400a68/00000001/00000201] dynopt_dct16_sve2_shared
Trace 0: 0x7f5750141780 [80081009311/0000000000400a6c/00000001/00000201] dynopt_dct16_sve2_shared
Trace 0: 0x7f57501418c0 [80081009311/0000000000400a70/00000001/00000201] dynopt_dct16_sve2_shared
Trace 0: 0x7f5750141a00 [80081009311/0000000000400a74/00000001/00000201] dynopt_dct16_sve2_shared
Trace 0: 0x7f5750141b40 [80081009311/0000000000400a78/00000001/00000201] dynopt_dct16_sve2_shared
Trace 0: 0x7f5750141c80 [80081009311/0000000000400a7c/00000001/00000201] dynopt_dct16_sve2_shared
Trace 0: 0x7f5750141dc0 [80081009311/0000000000400a80/00000001/00000201] dynopt_dct16_sve2_shared
Trace 0: 0x7f5750141f00 [80081009311/0000000000400a84/00000001/00000201] dynopt_dct16_sve2_shared
Trace 0: 0x7f5750142040 [80081009311/0000000000400a88/00000001/00000201] dynopt_dct16_sve2_shared
Trace 0: 0x7f5750142180 [80081009311/0000000000400a8c/00000001/00000201] dynopt_dct16_sve2_shared
Trace 0: 0x7f57501422c0 [80081009311/0000000000400a90/00000001/00000201] dynopt_dct16_sve2_shared
Trace 0: 0x7f5750142400 [80081009311/0000000000400a94/00000001/00000201] dynopt_dct16_sve2_shared
Trace 0: 0x7f5750142540 [80081009311/0000000000400a98/00000001/00000201] dynopt_dct16_sve2_shared
Trace 0: 0x7f5750142680 [80081009311/0000000000400a9c/00000001/00000201] dynopt_dct16_sve2_shared
Trace 0: 0x7f57501427c0 [80081009311/0000000000400aa0/00000001/00000201] dynopt_dct16_sve2_shared
Trace 0: 0x7f5750142900 [80081009311/0000000000400aa4/00000001/00000201] dynopt_dct16_sve2_shared
Trace 0: 0x7f5750142a40 [80081009311/0000000000400aa8/00000001/00000201] dynopt_dct16_sve2_shared
Trace 0: 0x7f5750142b80 [80081009311/0000000000400aac/00000001/00000201] dynopt_dct16_sve2_shared
Trace 0: 0x7f5750142cc0 [80081009311/0000000000400ab0/00000001/00000201] dynopt_dct16_sve2_shared
Trace 0: 0x7f5750142e00 [80081009311/0000000000400ab4/00000001/00000201] dynopt_dct16_sve2_shared
Trace 0: 0x7f5750142f40 [80081009311/0000000000400ab8/00000001/00000201] dynopt_dct16_sve2_shared
Trace 0: 0x7f5750143080 [80081009311/0000000000400abc/00000001/00000201] dynopt_dct16_sve2_shared
Trace 0: 0x7f57501431c0 [80081009311/0000000000400ac0/00000001/00000201] dynopt_dct16_sve2_shared
Trace 0: 0x7f5750143300 [80081009311/0000000000400ac4/00000001/00000201] dynopt_dct16_sve2_shared
Trace 0: 0x7f5750143440 [80081009311/0000000000400ac8/00000001/00000201] dynopt_dct16_sve2_shared
Trace 0: 0x7f5750143580 [80081009311/0000000000400acc/00000001/00000201] dynopt_dct16_sve2_shared
Trace 0: 0x7f575013e080 [80081009311/0000000000400ad0/00000001/00000201] dynopt_dct16_sve2_shared
Trace 0: 0x7f575013e1c0 [80081009311/0000000000400ad4/00000001/00000201] dynopt_dct16_sve2_shared
Trace 0: 0x7f575013e300 [80081009311/0000000000400ad8/00000001/00000201] dynopt_dct16_sve2_shared
Trace 0: 0x7f575013e440 [80081009311/0000000000400adc/00000001/00000201] dynopt_dct16_sve2_shared
Trace 0: 0x7f575013e580 [80081009311/0000000000400ae0/00000001/00000201] dynopt_dct16_sve2_shared
Trace 0: 0x7f575013e6c0 [80081009311/0000000000400ae4/00000001/00000201] dynopt_dct16_sve2_shared
Trace 0: 0x7f575013e800 [80081009311/0000000000400ae8/00000001/00000201] dynopt_dct16_sve2_shared
Trace 0: 0x7f575013e940 [80081009311/0000000000400aec/00000001/00000201] dynopt_dct16_sve2_shared
Trace 0: 0x7f575013ea80 [80081009311/0000000000400af0/00000001/00000201] dynopt_dct16_sve2_shared
Trace 0: 0x7f575013ebc0 [80081009311/0000000000400af4/00000001/00000201] dynopt_dct16_sve2_shared
Trace 0: 0x7f575013ed00 [80081009311/0000000000400af8/00000001/00000201] dynopt_dct16_sve2_shared
Trace 0: 0x7f575013ee40 [80081009311/0000000000400afc/00000001/00000201] dynopt_dct16_sve2_shared
Trace 0: 0x7f575013ef80 [80081009311/0000000000400b00/00000001/00000201] dynopt_dct16_sve2_shared
Trace 0: 0x7f575013f0c0 [80081009311/0000000000400b04/00000001/00000201] dynopt_dct16_sve2_shared
Trace 0: 0x7f575013f200 [80081009311/0000000000400b08/00000001/00000201] dynopt_dct16_sve2_shared
Trace 0: 0x7f575013f340 [80081009311/0000000000400b0c/00000001/00000201] dynopt_dct16_sve2_shared
Trace 0: 0x7f575013f480 [80081009311/0000000000400b10/00000001/00000201] dynopt_dct16_sve2_shared
Trace 0: 0x7f575013f5c0 [80081009311/0000000000400b14/00000001/00000201] dynopt_dct16_sve2_shared
Trace 0: 0x7f575013f700 [80081009311/0000000000400b18/00000001/00000201] dynopt_dct16_sve2_shared
Trace 0: 0x7f575013f840 [80081009311/0000000000400b1c/00000001/00000201] dynopt_dct16_sve2_shared
Trace 0: 0x7f575013f980 [80081009311/0000000000400b20/00000001/00000201] dynopt_dct16_sve2_shared
Trace 0: 0x7f575013fac0 [80081009311/0000000000400b24/00000001/00000201] dynopt_dct16_sve2_shared
Trace 0: 0x7f575013fc00 [80081009311/0000000000400b28/00000001/00000201] dynopt_dct16_sve2_shared
Trace 0: 0x7f575013fd40 [80081009311/0000000000400b2c/00000001/00000201] dynopt_dct16_sve2_shared
Trace 0: 0x7f575013fe80 [80081009311/0000000000400b30/00000001/00000201] dynopt_dct16_sve2_shared
Trace 0: 0x7f575013ffc0 [80081009311/0000000000400b34/00000001/00000201] dynopt_dct16_sve2_shared
Trace 0: 0x7f5750140100 [80081009311/0000000000400b38/00000001/00000201] dynopt_dct16_sve2_shared
Trace 0: 0x7f5750140240 [80081009311/0000000000400b3c/00000001/00000201] dynopt_dct16_sve2_shared
Trace 0: 0x7f5750140380 [80081009311/0000000000400b40/00000001/00000201] dynopt_dct16_sve2_shared
Trace 0: 0x7f57501404c0 [80081009311/0000000000400b44/00000001/00000201] dynopt_dct16_sve2_shared
Trace 0: 0x7f5750140600 [80081009311/0000000000400b48/00000001/00000201] dynopt_dct16_sve2_shared
Trace 0: 0x7f5750140740 [80081009311/0000000000400b4c/00000001/00000201] dynopt_dct16_sve2_shared
Trace 0: 0x7f575013dcc0 [80081009311/0000000000400a30/00000001/00000201] dynopt_dct16_sve2_shared
Trace 0: 0x7f575013de00 [80081009311/0000000000400a34/00000001/00000201] dynopt_dct16_sve2_shared
Trace 0: 0x7f575013df40 [80081009311/0000000000400a38/00000001/00000201] dynopt_dct16_sve2_shared
Trace 0: 0x7f5750140880 [80081009311/0000000000400a3c/00000001/00000201] dynopt_dct16_sve2_shared
Trace 0: 0x7f57501409c0 [80081009311/0000000000400a40/00000001/00000201] dynopt_dct16_sve2_shared
Trace 0: 0x7f5750140b00 [80081009311/0000000000400a44/00000001/00000201] dynopt_dct16_sve2_shared
Trace 0: 0x7f5750140c40 [80081009311/0000000000400a48/00000001/00000201] dynopt_dct16_sve2_shared
Trace 0: 0x7f5750140d80 [80081009311/0000000000400a4c/00000001/00000201] dynopt_dct16_sve2_shared
Trace 0: 0x7f5750140ec0 [80081009311/0000000000400a50/00000001/00000201] dynopt_dct16_sve2_shared
Trace 0: 0x7f5750141000 [80081009311/0000000000400a54/00000001/00000201] dynopt_dct16_sve2_shared
Trace 0: 0x7f5750141140 [80081009311/0000000000400a58/00000001/00000201] dynopt_dct16_sve2_shared
Trace 0: 0x7f5750141280 [80081009311/0000000000400a5c/00000001/00000201] dynopt_dct16_sve2_shared
Trace 0: 0x7f57501413c0 [80081009311/0000000000400a60/00000001/00000201] dynopt_dct16_sve2_shared
Trace 0: 0x7f5750141500 [80081009311/0000000000400a64/00000001/00000201] dynopt_dct16_sve2_shared
Trace 0: 0x7f5750141640 [80081009311/0000000000400a68/00000001/00000201] dynopt_dct16_sve2_shared
Trace 0: 0x7f5750141780 [80081009311/0000000000400a6c/00000001/00000201] dynopt_dct16_sve2_shared
Trace 0: 0x7f57501418c0 [80081009311/0000000000400a70/00000001/00000201] dynopt_dct16_sve2_shared
Trace 0: 0x7f5750141a00 [80081009311/0000000000400a74/00000001/00000201] dynopt_dct16_sve2_shared
Trace 0: 0x7f5750141b40 [80081009311/0000000000400a78/00000001/00000201] dynopt_dct16_sve2_shared
Trace 0: 0x7f5750141c80 [80081009311/0000000000400a7c/00000001/00000201] dynopt_dct16_sve2_shared
Trace 0: 0x7f5750141dc0 [80081009311/0000000000400a80/00000001/00000201] dynopt_dct16_sve2_shared
Trace 0: 0x7f5750141f00 [80081009311/0000000000400a84/00000001/00000201] dynopt_dct16_sve2_shared
Trace 0: 0x7f5750142040 [80081009311/0000000000400a88/00000001/00000201] dynopt_dct16_sve2_shared
Trace 0: 0x7f5750142180 [80081009311/0000000000400a8c/00000001/00000201] dynopt_dct16_sve2_shared
Trace 0: 0x7f57501422c0 [80081009311/0000000000400a90/00000001/00000201] dynopt_dct16_sve2_shared
Trace 0: 0x7f5750142400 [80081009311/0000000000400a94/00000001/00000201] dynopt_dct16_sve2_shared
Trace 0: 0x7f5750142540 [80081009311/0000000000400a98/00000001/00000201] dynopt_dct16_sve2_shared
Trace 0: 0x7f5750142680 [80081009311/0000000000400a9c/00000001/00000201] dynopt_dct16_sve2_shared
Trace 0: 0x7f57501427c0 [80081009311/0000000000400aa0/00000001/00000201] dynopt_dct16_sve2_shared
Trace 0: 0x7f5750142900 [80081009311/0000000000400aa4/00000001/00000201] dynopt_dct16_sve2_shared
Trace 0: 0x7f5750142a40 [80081009311/0000000000400aa8/00000001/00000201] dynopt_dct16_sve2_shared
Trace 0: 0x7f5750142b80 [80081009311/0000000000400aac/00000001/00000201] dynopt_dct16_sve2_shared
Trace 0: 0x7f5750142cc0 [80081009311/0000000000400ab0/00000001/00000201] dynopt_dct16_sve2_shared
Trace 0: 0x7f5750142e00 [80081009311/0000000000400ab4/00000001/00000201] dynopt_dct16_sve2_shared
Trace 0: 0x7f5750142f40 [80081009311/0000000000400ab8/00000001/00000201] dynopt_dct16_sve2_shared
Trace 0: 0x7f5750143080 [80081009311/0000000000400abc/00000001/00000201] dynopt_dct16_sve2_shared
Trace 0: 0x7f57501431c0 [80081009311/0000000000400ac0/00000001/00000201] dynopt_dct16_sve2_shared
Trace 0: 0x7f5750143300 [80081009311/0000000000400ac4/00000001/00000201] dynopt_dct16_sve2_shared
Trace 0: 0x7f5750143440 [80081009311/0000000000400ac8/00000001/00000201] dynopt_dct16_sve2_shared
Trace 0: 0x7f5750143580 [80081009311/0000000000400acc/00000001/00000201] dynopt_dct16_sve2_shared
Trace 0: 0x7f575013e080 [80081009311/0000000000400ad0/00000001/00000201] dynopt_dct16_sve2_shared
Trace 0: 0x7f575013e1c0 [80081009311/0000000000400ad4/00000001/00000201] dynopt_dct16_sve2_shared
Trace 0: 0x7f575013e300 [80081009311/0000000000400ad8/00000001/00000201] dynopt_dct16_sve2_shared
Trace 0: 0x7f575013e440 [80081009311/0000000000400adc/00000001/00000201] dynopt_dct16_sve2_shared
Trace 0: 0x7f575013e580 [80081009311/0000000000400ae0/00000001/00000201] dynopt_dct16_sve2_shared
Trace 0: 0x7f575013e6c0 [80081009311/0000000000400ae4/00000001/00000201] dynopt_dct16_sve2_shared
Trace 0: 0x7f575013e800 [80081009311/0000000000400ae8/00000001/00000201] dynopt_dct16_sve2_shared
Trace 0: 0x7f575013e940 [80081009311/0000000000400aec/00000001/00000201] dynopt_dct16_sve2_shared
Trace 0: 0x7f575013ea80 [80081009311/0000000000400af0/00000001/00000201] dynopt_dct16_sve2_shared
Trace 0: 0x7f575013ebc0 [80081009311/0000000000400af4/00000001/00000201] dynopt_dct16_sve2_shared
Trace 0: 0x7f575013ed00 [80081009311/0000000000400af8/00000001/00000201] dynopt_dct16_sve2_shared
Trace 0: 0x7f575013ee40 [80081009311/0000000000400afc/00000001/00000201] dynopt_dct16_sve2_shared
Trace 0: 0x7f575013ef80 [80081009311/0000000000400b00/00000001/00000201] dynopt_dct16_sve2_shared
Trace 0: 0x7f575013f0c0 [80081009311/0000000000400b04/00000001/00000201] dynopt_dct16_sve2_shared
Trace 0: 0x7f575013f200 [80081009311/0000000000400b08/00000001/00000201] dynopt_dct16_sve2_shared
Trace 0: 0x7f575013f340 [80081009311/0000000000400b0c/00000001/00000201] dynopt_dct16_sve2_shared
Trace 0: 0x7f575013f480 [80081009311/0000000000400b10/00000001/00000201] dynopt_dct16_sve2_shared
Trace 0: 0x7f575013f5c0 [80081009311/0000000000400b14/00000001/00000201] dynopt_dct16_sve2_shared
Trace 0: 0x7f575013f700 [80081009311/0000000000400b18/00000001/00000201] dynopt_dct16_sve2_shared
Trace 0: 0x7f575013f840 [80081009311/0000000000400b1c/00000001/00000201] dynopt_dct16_sve2_shared
Trace 0: 0x7f575013f980 [80081009311/0000000000400b20/00000001/00000201] dynopt_dct16_sve2_shared
Trace 0: 0x7f575013fac0 [80081009311/0000000000400b24/00000001/00000201] dynopt_dct16_sve2_shared
Trace 0: 0x7f575013fc00 [80081009311/0000000000400b28/00000001/00000201] dynopt_dct16_sve2_shared
Trace 0: 0x7f575013fd40 [80081009311/0000000000400b2c/00000001/00000201] dynopt_dct16_sve2_shared
Trace 0: 0x7f575013fe80 [80081009311/0000000000400b30/00000001/00000201] dynopt_dct16_sve2_shared
Trace 0: 0x7f575013ffc0 [80081009311/0000000000400b34/00000001/00000201] dynopt_dct16_sve2_shared
Trace 0: 0x7f5750140100 [80081009311/0000000000400b38/00000001/00000201] dynopt_dct16_sve2_shared
Trace 0: 0x7f5750140240 [80081009311/0000000000400b3c/00000001/00000201] dynopt_dct16_sve2_shared
Trace 0: 0x7f5750140380 [80081009311/0000000000400b40/00000001/00000201] dynopt_dct16_sve2_shared
Trace 0: 0x7f57501404c0 [80081009311/0000000000400b44/00000001/00000201] dynopt_dct16_sve2_shared
Trace 0: 0x7f5750140600 [80081009311/0000000000400b48/00000001/00000201] dynopt_dct16_sve2_shared
Trace 0: 0x7f5750140740 [80081009311/0000000000400b4c/00000001/00000201] dynopt_dct16_sve2_shared
Trace 0: 0x7f575013dcc0 [80081009311/0000000000400a30/00000001/00000201] dynopt_dct16_sve2_shared
Trace 0: 0x7f575013de00 [80081009311/0000000000400a34/00000001/00000201] dynopt_dct16_sve2_shared
Trace 0: 0x7f575013df40 [80081009311/0000000000400a38/00000001/00000201] dynopt_dct16_sve2_shared
Trace 0: 0x7f5750140880 [80081009311/0000000000400a3c/00000001/00000201] dynopt_dct16_sve2_shared
Trace 0: 0x7f57501409c0 [80081009311/0000000000400a40/00000001/00000201] dynopt_dct16_sve2_shared
Trace 0: 0x7f5750140b00 [80081009311/0000000000400a44/00000001/00000201] dynopt_dct16_sve2_shared
Trace 0: 0x7f5750140c40 [80081009311/0000000000400a48/00000001/00000201] dynopt_dct16_sve2_shared
Trace 0: 0x7f5750140d80 [80081009311/0000000000400a4c/00000001/00000201] dynopt_dct16_sve2_shared
Trace 0: 0x7f5750140ec0 [80081009311/0000000000400a50/00000001/00000201] dynopt_dct16_sve2_shared
Trace 0: 0x7f5750141000 [80081009311/0000000000400a54/00000001/00000201] dynopt_dct16_sve2_shared
Trace 0: 0x7f5750141140 [80081009311/0000000000400a58/00000001/00000201] dynopt_dct16_sve2_shared
Trace 0: 0x7f5750141280 [80081009311/0000000000400a5c/00000001/00000201] dynopt_dct16_sve2_shared
Trace 0: 0x7f57501413c0 [80081009311/0000000000400a60/00000001/00000201] dynopt_dct16_sve2_shared
Trace 0: 0x7f5750141500 [80081009311/0000000000400a64/00000001/00000201] dynopt_dct16_sve2_shared
Trace 0: 0x7f5750141640 [80081009311/0000000000400a68/00000001/00000201] dynopt_dct16_sve2_shared
Trace 0: 0x7f5750141780 [80081009311/0000000000400a6c/00000001/00000201] dynopt_dct16_sve2_shared
Trace 0: 0x7f57501418c0 [80081009311/0000000000400a70/00000001/00000201] dynopt_dct16_sve2_shared
Trace 0: 0x7f5750141a00 [80081009311/0000000000400a74/00000001/00000201] dynopt_dct16_sve2_shared
Trace 0: 0x7f5750141b40 [80081009311/0000000000400a78/00000001/00000201] dynopt_dct16_sve2_shared
Trace 0: 0x7f5750141c80 [80081009311/0000000000400a7c/00000001/00000201] dynopt_dct16_sve2_shared
Trace 0: 0x7f5750141dc0 [80081009311/0000000000400a80/00000001/00000201] dynopt_dct16_sve2_shared
Trace 0: 0x7f5750141f00 [80081009311/0000000000400a84/00000001/00000201] dynopt_dct16_sve2_shared
Trace 0: 0x7f5750142040 [80081009311/0000000000400a88/00000001/00000201] dynopt_dct16_sve2_shared
Trace 0: 0x7f5750142180 [80081009311/0000000000400a8c/00000001/00000201] dynopt_dct16_sve2_shared
Trace 0: 0x7f57501422c0 [80081009311/0000000000400a90/00000001/00000201] dynopt_dct16_sve2_shared
Trace 0: 0x7f5750142400 [80081009311/0000000000400a94/00000001/00000201] dynopt_dct16_sve2_shared
Trace 0: 0x7f5750142540 [80081009311/0000000000400a98/00000001/00000201] dynopt_dct16_sve2_shared
Trace 0: 0x7f5750142680 [80081009311/0000000000400a9c/00000001/00000201] dynopt_dct16_sve2_shared
Trace 0: 0x7f57501427c0 [80081009311/0000000000400aa0/00000001/00000201] dynopt_dct16_sve2_shared
Trace 0: 0x7f5750142900 [80081009311/0000000000400aa4/00000001/00000201] dynopt_dct16_sve2_shared
Trace 0: 0x7f5750142a40 [80081009311/0000000000400aa8/00000001/00000201] dynopt_dct16_sve2_shared
Trace 0: 0x7f5750142b80 [80081009311/0000000000400aac/00000001/00000201] dynopt_dct16_sve2_shared
Trace 0: 0x7f5750142cc0 [80081009311/0000000000400ab0/00000001/00000201] dynopt_dct16_sve2_shared
Trace 0: 0x7f5750142e00 [80081009311/0000000000400ab4/00000001/00000201] dynopt_dct16_sve2_shared
Trace 0: 0x7f5750142f40 [80081009311/0000000000400ab8/00000001/00000201] dynopt_dct16_sve2_shared
Trace 0: 0x7f5750143080 [80081009311/0000000000400abc/00000001/00000201] dynopt_dct16_sve2_shared
Trace 0: 0x7f57501431c0 [80081009311/0000000000400ac0/00000001/00000201] dynopt_dct16_sve2_shared
Trace 0: 0x7f5750143300 [80081009311/0000000000400ac4/00000001/00000201] dynopt_dct16_sve2_shared
Trace 0: 0x7f5750143440 [80081009311/0000000000400ac8/00000001/00000201] dynopt_dct16_sve2_shared
Trace 0: 0x7f5750143580 [80081009311/0000000000400acc/00000001/00000201] dynopt_dct16_sve2_shared
Trace 0: 0x7f575013e080 [80081009311/0000000000400ad0/00000001/00000201] dynopt_dct16_sve2_shared
Trace 0: 0x7f575013e1c0 [80081009311/0000000000400ad4/00000001/00000201] dynopt_dct16_sve2_shared
Trace 0: 0x7f575013e300 [80081009311/0000000000400ad8/00000001/00000201] dynopt_dct16_sve2_shared
Trace 0: 0x7f575013e440 [80081009311/0000000000400adc/00000001/00000201] dynopt_dct16_sve2_shared
Trace 0: 0x7f575013e580 [80081009311/0000000000400ae0/00000001/00000201] dynopt_dct16_sve2_shared
Trace 0: 0x7f575013e6c0 [80081009311/0000000000400ae4/00000001/00000201] dynopt_dct16_sve2_shared
Trace 0: 0x7f575013e800 [80081009311/0000000000400ae8/00000001/00000201] dynopt_dct16_sve2_shared
Trace 0: 0x7f575013e940 [80081009311/0000000000400aec/00000001/00000201] dynopt_dct16_sve2_shared
Trace 0: 0x7f575013ea80 [80081009311/0000000000400af0/00000001/00000201] dynopt_dct16_sve2_shared
Trace 0: 0x7f575013ebc0 [80081009311/0000000000400af4/00000001/00000201] dynopt_dct16_sve2_shared
Trace 0: 0x7f575013ed00 [80081009311/0000000000400af8/00000001/00000201] dynopt_dct16_sve2_shared
Trace 0: 0x7f575013ee40 [80081009311/0000000000400afc/00000001/00000201] dynopt_dct16_sve2_shared
Trace 0: 0x7f575013ef80 [80081009311/0000000000400b00/00000001/00000201] dynopt_dct16_sve2_shared
Trace 0: 0x7f575013f0c0 [80081009311/0000000000400b04/00000001/00000201] dynopt_dct16_sve2_shared
Trace 0: 0x7f575013f200 [80081009311/0000000000400b08/00000001/00000201] dynopt_dct16_sve2_shared
Trace 0: 0x7f575013f340 [80081009311/0000000000400b0c/00000001/00000201] dynopt_dct16_sve2_shared
Trace 0: 0x7f575013f480 [80081009311/0000000000400b10/00000001/00000201] dynopt_dct16_sve2_shared
Trace 0: 0x7f575013f5c0 [80081009311/0000000000400b14/00000001/00000201] dynopt_dct16_sve2_shared
Trace 0: 0x7f575013f700 [80081009311/0000000000400b18/00000001/00000201] dynopt_dct16_sve2_shared
Trace 0: 0x7f575013f840 [80081009311/0000000000400b1c/00000001/00000201] dynopt_dct16_sve2_shared
Trace 0: 0x7f575013f980 [80081009311/0000000000400b20/00000001/00000201] dynopt_dct16_sve2_shared
Trace 0: 0x7f575013fac0 [80081009311/0000000000400b24/00000001/00000201] dynopt_dct16_sve2_shared
Trace 0: 0x7f575013fc00 [80081009311/0000000000400b28/00000001/00000201] dynopt_dct16_sve2_shared
Trace 0: 0x7f575013fd40 [80081009311/0000000000400b2c/00000001/00000201] dynopt_dct16_sve2_shared
Trace 0: 0x7f575013fe80 [80081009311/0000000000400b30/00000001/00000201] dynopt_dct16_sve2_shared
Trace 0: 0x7f575013ffc0 [80081009311/0000000000400b34/00000001/00000201] dynopt_dct16_sve2_shared
Trace 0: 0x7f5750140100 [80081009311/0000000000400b38/00000001/00000201] dynopt_dct16_sve2_shared
Trace 0: 0x7f5750140240 [80081009311/0000000000400b3c/00000001/00000201] dynopt_dct16_sve2_shared
Trace 0: 0x7f5750140380 [80081009311/0000000000400b40/00000001/00000201] dynopt_dct16_sve2_shared
Trace 0: 0x7f57501404c0 [80081009311/0000000000400b44/00000001/00000201] dynopt_dct16_sve2_shared
Trace 0: 0x7f5750140600 [80081009311/0000000000400b48/00000001/00000201] dynopt_dct16_sve2_shared
Trace 0: 0x7f5750140740 [80081009311/0000000000400b4c/00000001/00000201] dynopt_dct16_sve2_shared
Trace 0: 0x7f575013dcc0 [80081009311/0000000000400a30/00000001/00000201] dynopt_dct16_sve2_shared
Trace 0: 0x7f575013de00 [80081009311/0000000000400a34/00000001/00000201] dynopt_dct16_sve2_shared
Trace 0: 0x7f575013df40 [80081009311/0000000000400a38/00000001/00000201] dynopt_dct16_sve2_shared
Trace 0: 0x7f5750140880 [80081009311/0000000000400a3c/00000001/00000201] dynopt_dct16_sve2_shared
Trace 0: 0x7f57501409c0 [80081009311/0000000000400a40/00000001/00000201] dynopt_dct16_sve2_shared
Trace 0: 0x7f5750140b00 [80081009311/0000000000400a44/00000001/00000201] dynopt_dct16_sve2_shared
Trace 0: 0x7f5750140c40 [80081009311/0000000000400a48/00000001/00000201] dynopt_dct16_sve2_shared
Trace 0: 0x7f5750140d80 [80081009311/0000000000400a4c/00000001/00000201] dynopt_dct16_sve2_shared
Trace 0: 0x7f5750140ec0 [80081009311/0000000000400a50/00000001/00000201] dynopt_dct16_sve2_shared
Trace 0: 0x7f5750141000 [80081009311/0000000000400a54/00000001/00000201] dynopt_dct16_sve2_shared
Trace 0: 0x7f5750141140 [80081009311/0000000000400a58/00000001/00000201] dynopt_dct16_sve2_shared
Trace 0: 0x7f5750141280 [80081009311/0000000000400a5c/00000001/00000201] dynopt_dct16_sve2_shared
Trace 0: 0x7f57501413c0 [80081009311/0000000000400a60/00000001/00000201] dynopt_dct16_sve2_shared
Trace 0: 0x7f5750141500 [80081009311/0000000000400a64/00000001/00000201] dynopt_dct16_sve2_shared
Trace 0: 0x7f5750141640 [80081009311/0000000000400a68/00000001/00000201] dynopt_dct16_sve2_shared
Trace 0: 0x7f5750141780 [80081009311/0000000000400a6c/00000001/00000201] dynopt_dct16_sve2_shared
Trace 0: 0x7f57501418c0 [80081009311/0000000000400a70/00000001/00000201] dynopt_dct16_sve2_shared
Trace 0: 0x7f5750141a00 [80081009311/0000000000400a74/00000001/00000201] dynopt_dct16_sve2_shared
Trace 0: 0x7f5750141b40 [80081009311/0000000000400a78/00000001/00000201] dynopt_dct16_sve2_shared
Trace 0: 0x7f5750141c80 [80081009311/0000000000400a7c/00000001/00000201] dynopt_dct16_sve2_shared
Trace 0: 0x7f5750141dc0 [80081009311/0000000000400a80/00000001/00000201] dynopt_dct16_sve2_shared
Trace 0: 0x7f5750141f00 [80081009311/0000000000400a84/00000001/00000201] dynopt_dct16_sve2_shared
Trace 0: 0x7f5750142040 [80081009311/0000000000400a88/00000001/00000201] dynopt_dct16_sve2_shared
Trace 0: 0x7f5750142180 [80081009311/0000000000400a8c/00000001/00000201] dynopt_dct16_sve2_shared
Trace 0: 0x7f57501422c0 [80081009311/0000000000400a90/00000001/00000201] dynopt_dct16_sve2_shared
Trace 0: 0x7f5750142400 [80081009311/0000000000400a94/00000001/00000201] dynopt_dct16_sve2_shared
Trace 0: 0x7f5750142540 [80081009311/0000000000400a98/00000001/00000201] dynopt_dct16_sve2_shared
Trace 0: 0x7f5750142680 [80081009311/0000000000400a9c/00000001/00000201] dynopt_dct16_sve2_shared
Trace 0: 0x7f57501427c0 [80081009311/0000000000400aa0/00000001/00000201] dynopt_dct16_sve2_shared
Trace 0: 0x7f5750142900 [80081009311/0000000000400aa4/00000001/00000201] dynopt_dct16_sve2_shared
Trace 0: 0x7f5750142a40 [80081009311/0000000000400aa8/00000001/00000201] dynopt_dct16_sve2_shared
Trace 0: 0x7f5750142b80 [80081009311/0000000000400aac/00000001/00000201] dynopt_dct16_sve2_shared
Trace 0: 0x7f5750142cc0 [80081009311/0000000000400ab0/00000001/00000201] dynopt_dct16_sve2_shared
Trace 0: 0x7f5750142e00 [80081009311/0000000000400ab4/00000001/00000201] dynopt_dct16_sve2_shared
Trace 0: 0x7f5750142f40 [80081009311/0000000000400ab8/00000001/00000201] dynopt_dct16_sve2_shared
Trace 0: 0x7f5750143080 [80081009311/0000000000400abc/00000001/00000201] dynopt_dct16_sve2_shared
Trace 0: 0x7f57501431c0 [80081009311/0000000000400ac0/00000001/00000201] dynopt_dct16_sve2_shared
Trace 0: 0x7f5750143300 [80081009311/0000000000400ac4/00000001/00000201] dynopt_dct16_sve2_shared
Trace 0: 0x7f5750143440 [80081009311/0000000000400ac8/00000001/00000201] dynopt_dct16_sve2_shared
Trace 0: 0x7f5750143580 [80081009311/0000000000400acc/00000001/00000201] dynopt_dct16_sve2_shared
Trace 0: 0x7f575013e080 [80081009311/0000000000400ad0/00000001/00000201] dynopt_dct16_sve2_shared
Trace 0: 0x7f575013e1c0 [80081009311/0000000000400ad4/00000001/00000201] dynopt_dct16_sve2_shared
Trace 0: 0x7f575013e300 [80081009311/0000000000400ad8/00000001/00000201] dynopt_dct16_sve2_shared
Trace 0: 0x7f575013e440 [80081009311/0000000000400adc/00000001/00000201] dynopt_dct16_sve2_shared
Trace 0: 0x7f575013e580 [80081009311/0000000000400ae0/00000001/00000201] dynopt_dct16_sve2_shared
Trace 0: 0x7f575013e6c0 [80081009311/0000000000400ae4/00000001/00000201] dynopt_dct16_sve2_shared
Trace 0: 0x7f575013e800 [80081009311/0000000000400ae8/00000001/00000201] dynopt_dct16_sve2_shared
Trace 0: 0x7f575013e940 [80081009311/0000000000400aec/00000001/00000201] dynopt_dct16_sve2_shared
Trace 0: 0x7f575013ea80 [80081009311/0000000000400af0/00000001/00000201] dynopt_dct16_sve2_shared
Trace 0: 0x7f575013ebc0 [80081009311/0000000000400af4/00000001/00000201] dynopt_dct16_sve2_shared
Trace 0: 0x7f575013ed00 [80081009311/0000000000400af8/00000001/00000201] dynopt_dct16_sve2_shared
Trace 0: 0x7f575013ee40 [80081009311/0000000000400afc/00000001/00000201] dynopt_dct16_sve2_shared
Trace 0: 0x7f575013ef80 [80081009311/0000000000400b00/00000001/00000201] dynopt_dct16_sve2_shared
Trace 0: 0x7f575013f0c0 [80081009311/0000000000400b04/00000001/00000201] dynopt_dct16_sve2_shared
Trace 0: 0x7f575013f200 [80081009311/0000000000400b08/00000001/00000201] dynopt_dct16_sve2_shared
Trace 0: 0x7f575013f340 [80081009311/0000000000400b0c/00000001/00000201] dynopt_dct16_sve2_shared
Trace 0: 0x7f575013f480 [80081009311/0000000000400b10/00000001/00000201] dynopt_dct16_sve2_shared
Trace 0: 0x7f575013f5c0 [80081009311/0000000000400b14/00000001/00000201] dynopt_dct16_sve2_shared
Trace 0: 0x7f575013f700 [80081009311/0000000000400b18/00000001/00000201] dynopt_dct16_sve2_shared
Trace 0: 0x7f575013f840 [80081009311/0000000000400b1c/00000001/00000201] dynopt_dct16_sve2_shared
Trace 0: 0x7f575013f980 [80081009311/0000000000400b20/00000001/00000201] dynopt_dct16_sve2_shared
Trace 0: 0x7f575013fac0 [80081009311/0000000000400b24/00000001/00000201] dynopt_dct16_sve2_shared
Trace 0: 0x7f575013fc00 [80081009311/0000000000400b28/00000001/00000201] dynopt_dct16_sve2_shared
Trace 0: 0x7f575013fd40 [80081009311/0000000000400b2c/00000001/00000201] dynopt_dct16_sve2_shared
Trace 0: 0x7f575013fe80 [80081009311/0000000000400b30/00000001/00000201] dynopt_dct16_sve2_shared
Trace 0: 0x7f575013ffc0 [80081009311/0000000000400b34/00000001/00000201] dynopt_dct16_sve2_shared
Trace 0: 0x7f5750140100 [80081009311/0000000000400b38/00000001/00000201] dynopt_dct16_sve2_shared
Trace 0: 0x7f5750140240 [80081009311/0000000000400b3c/00000001/00000201] dynopt_dct16_sve2_shared
Trace 0: 0x7f5750140380 [80081009311/0000000000400b40/00000001/00000201] dynopt_dct16_sve2_shared
Trace 0: 0x7f57501404c0 [80081009311/0000000000400b44/00000001/00000201] dynopt_dct16_sve2_shared
Trace 0: 0x7f5750140600 [80081009311/0000000000400b48/00000001/00000201] dynopt_dct16_sve2_shared
Trace 0: 0x7f5750140740 [80081009311/0000000000400b4c/00000001/00000201] dynopt_dct16_sve2_shared
Trace 0: 0x7f575013dcc0 [80081009311/0000000000400a30/00000001/00000201] dynopt_dct16_sve2_shared
Trace 0: 0x7f575013de00 [80081009311/0000000000400a34/00000001/00000201] dynopt_dct16_sve2_shared
Trace 0: 0x7f575013df40 [80081009311/0000000000400a38/00000001/00000201] dynopt_dct16_sve2_shared
Trace 0: 0x7f5750140880 [80081009311/0000000000400a3c/00000001/00000201] dynopt_dct16_sve2_shared
Trace 0: 0x7f57501409c0 [80081009311/0000000000400a40/00000001/00000201] dynopt_dct16_sve2_shared
Trace 0: 0x7f5750140b00 [80081009311/0000000000400a44/00000001/00000201] dynopt_dct16_sve2_shared
Trace 0: 0x7f5750140c40 [80081009311/0000000000400a48/00000001/00000201] dynopt_dct16_sve2_shared
Trace 0: 0x7f5750140d80 [80081009311/0000000000400a4c/00000001/00000201] dynopt_dct16_sve2_shared
Trace 0: 0x7f5750140ec0 [80081009311/0000000000400a50/00000001/00000201] dynopt_dct16_sve2_shared
Trace 0: 0x7f5750141000 [80081009311/0000000000400a54/00000001/00000201] dynopt_dct16_sve2_shared
Trace 0: 0x7f5750141140 [80081009311/0000000000400a58/00000001/00000201] dynopt_dct16_sve2_shared
Trace 0: 0x7f5750141280 [80081009311/0000000000400a5c/00000001/00000201] dynopt_dct16_sve2_shared
Trace 0: 0x7f57501413c0 [80081009311/0000000000400a60/00000001/00000201] dynopt_dct16_sve2_shared
Trace 0: 0x7f5750141500 [80081009311/0000000000400a64/00000001/00000201] dynopt_dct16_sve2_shared
Trace 0: 0x7f5750141640 [80081009311/0000000000400a68/00000001/00000201] dynopt_dct16_sve2_shared
Trace 0: 0x7f5750141780 [80081009311/0000000000400a6c/00000001/00000201] dynopt_dct16_sve2_shared
Trace 0: 0x7f57501418c0 [80081009311/0000000000400a70/00000001/00000201] dynopt_dct16_sve2_shared
Trace 0: 0x7f5750141a00 [80081009311/0000000000400a74/00000001/00000201] dynopt_dct16_sve2_shared
Trace 0: 0x7f5750141b40 [80081009311/0000000000400a78/00000001/00000201] dynopt_dct16_sve2_shared
Trace 0: 0x7f5750141c80 [80081009311/0000000000400a7c/00000001/00000201] dynopt_dct16_sve2_shared
Trace 0: 0x7f5750141dc0 [80081009311/0000000000400a80/00000001/00000201] dynopt_dct16_sve2_shared
Trace 0: 0x7f5750141f00 [80081009311/0000000000400a84/00000001/00000201] dynopt_dct16_sve2_shared
Trace 0: 0x7f5750142040 [80081009311/0000000000400a88/00000001/00000201] dynopt_dct16_sve2_shared
Trace 0: 0x7f5750142180 [80081009311/0000000000400a8c/00000001/00000201] dynopt_dct16_sve2_shared
Trace 0: 0x7f57501422c0 [80081009311/0000000000400a90/00000001/00000201] dynopt_dct16_sve2_shared
Trace 0: 0x7f5750142400 [80081009311/0000000000400a94/00000001/00000201] dynopt_dct16_sve2_shared
Trace 0: 0x7f5750142540 [80081009311/0000000000400a98/00000001/00000201] dynopt_dct16_sve2_shared
Trace 0: 0x7f5750142680 [80081009311/0000000000400a9c/00000001/00000201] dynopt_dct16_sve2_shared
Trace 0: 0x7f57501427c0 [80081009311/0000000000400aa0/00000001/00000201] dynopt_dct16_sve2_shared
Trace 0: 0x7f5750142900 [80081009311/0000000000400aa4/00000001/00000201] dynopt_dct16_sve2_shared
Trace 0: 0x7f5750142a40 [80081009311/0000000000400aa8/00000001/00000201] dynopt_dct16_sve2_shared
Trace 0: 0x7f5750142b80 [80081009311/0000000000400aac/00000001/00000201] dynopt_dct16_sve2_shared
Trace 0: 0x7f5750142cc0 [80081009311/0000000000400ab0/00000001/00000201] dynopt_dct16_sve2_shared
Trace 0: 0x7f5750142e00 [80081009311/0000000000400ab4/00000001/00000201] dynopt_dct16_sve2_shared
Trace 0: 0x7f5750142f40 [80081009311/0000000000400ab8/00000001/00000201] dynopt_dct16_sve2_shared
----------------
IN: dynopt_dct16_sve2_shared
0x00400b50:  9114c100  add      x0, x8, #0x530

Trace 0: 0x7f57501436c0 [80081009311/0000000000400b50/00000001/00000201] dynopt_dct16_sve2_shared
----------------
IN: dynopt_dct16_sve2_shared
0x00400b54:  9104c3e7  add      x7, sp, #0x130

Trace 0: 0x7f5750143800 [80081009311/0000000000400b54/00000001/00000201] dynopt_dct16_sve2_shared
----------------
IN: dynopt_dct16_sve2_shared
0x00400b58:  9108c3e6  add      x6, sp, #0x230

Trace 0: 0x7f5750143940 [80081009311/0000000000400b58/00000001/00000201] dynopt_dct16_sve2_shared
----------------
IN: dynopt_dct16_sve2_shared
0x00400b5c:  aa0703e4  mov      x4, x7

Trace 0: 0x7f5750143a80 [80081009311/0000000000400b5c/00000001/00000201] dynopt_dct16_sve2_shared
----------------
IN: dynopt_dct16_sve2_shared
0x00400b60:  aa0603e5  mov      x5, x6

Trace 0: 0x7f5750143bc0 [80081009311/0000000000400b60/00000001/00000201] dynopt_dct16_sve2_shared
----------------
IN: dynopt_dct16_sve2_shared
0x00400b64:  9100c3ea  add      x10, sp, #0x30

Trace 0: 0x7f5750143d00 [80081009311/0000000000400b64/00000001/00000201] dynopt_dct16_sve2_shared
----------------
IN: dynopt_dct16_sve2_shared
0x00400b68:  3dc1181f  ldr      q31, [x0, #0x460]

Trace 0: 0x7f5750143e40 [80081009311/0000000000400b68/00000001/00000201] dynopt_dct16_sve2_shared
----------------
IN: dynopt_dct16_sve2_shared
0x00400b6c:  9102c3eb  add      x11, sp, #0xb0

Trace 0: 0x7f5750143f80 [80081009311/0000000000400b6c/00000001/00000201] dynopt_dct16_sve2_shared
----------------
IN: dynopt_dct16_sve2_shared
0x00400b70:  3dc11c1e  ldr      q30, [x0, #0x470]

Trace 0: 0x7f57501440c0 [80081009311/0000000000400b70/00000001/00000201] dynopt_dct16_sve2_shared
----------------
IN: dynopt_dct16_sve2_shared
0x00400b74:  52800002  mov      w2, #0

Trace 0: 0x7f5750144200 [80081009311/0000000000400b74/00000001/00000201] dynopt_dct16_sve2_shared
----------------
IN: dynopt_dct16_sve2_shared
0x00400b78:  d503201f  nop      

Trace 0: 0x7f5750144340 [80081009311/0000000000400b78/00000001/00000201] dynopt_dct16_sve2_shared
----------------
IN: dynopt_dct16_sve2_shared
0x00400b7c:  d503201f  nop      

Trace 0: 0x7f5750144480 [80081009311/0000000000400b7c/00000001/00000201] dynopt_dct16_sve2_shared
----------------
IN: dynopt_dct16_sve2_shared
0x00400b80:  ad40707d  ldp      q29, q28, [x3]

Trace 0: 0x7f57501445c0 [80081009311/0000000000400b80/00000001/00000201] dynopt_dct16_sve2_shared
----------------
IN: dynopt_dct16_sve2_shared
0x00400b84:  13017c40  asr      w0, w2, #1

Trace 0: 0x7f5750144740 [80081009311/0000000000400b84/00000001/00000201] dynopt_dct16_sve2_shared
----------------
IN: dynopt_dct16_sve2_shared
0x00400b88:  ad410c7b  ldp      q27, q3, [x3, #0x20]

Trace 0: 0x7f5750144880 [80081009311/0000000000400b88/00000001/00000201] dynopt_dct16_sve2_shared
----------------
IN: dynopt_dct16_sve2_shared
0x00400b8c:  937c7c00  sbfiz    x0, x0, #4, #0x20

Trace 0: 0x7f5750144a00 [80081009311/0000000000400b8c/00000001/00000201] dynopt_dct16_sve2_shared
----------------
IN: dynopt_dct16_sve2_shared
0x00400b90:  4e1f139c  tbx      v28.16b, {v28.16b}, v31.16b

Trace 0: 0x7f5750144b40 [80081009311/0000000000400b90/00000001/00000201] dynopt_dct16_sve2_shared
----------------
IN: dynopt_dct16_sve2_shared
0x00400b94:  11000842  add      w2, w2, #2

Trace 0: 0x7f5750144c80 [80081009311/0000000000400b94/00000001/00000201] dynopt_dct16_sve2_shared
----------------
IN: dynopt_dct16_sve2_shared
0x00400b98:  91010063  add      x3, x3, #0x40

Trace 0: 0x7f5750144dc0 [80081009311/0000000000400b98/00000001/00000201] dynopt_dct16_sve2_shared
----------------
IN: dynopt_dct16_sve2_shared
0x00400b9c:  4e1f1063  tbx      v3.16b, {v3.16b}, v31.16b

Trace 0: 0x7f5750144f00 [80081009311/0000000000400b9c/00000001/00000201] dynopt_dct16_sve2_shared
----------------
IN: dynopt_dct16_sve2_shared
0x00400ba0:  4e7c03a0  saddl2   v0.4s, v29.8h, v28.8h

Trace 0: 0x7f5750145040 [80081009311/0000000000400ba0/00000001/00000201] dynopt_dct16_sve2_shared
----------------
IN: dynopt_dct16_sve2_shared
0x00400ba4:  0e7c03b9  saddl    v25.4s, v29.4h, v28.4h

Trace 0: 0x7f57501451c0 [80081009311/0000000000400ba4/00000001/00000201] dynopt_dct16_sve2_shared
----------------
IN: dynopt_dct16_sve2_shared
0x00400ba8:  4e630376  saddl2   v22.4s, v27.8h, v3.8h

Trace 0: 0x7f5750145340 [80081009311/0000000000400ba8/00000001/00000201] dynopt_dct16_sve2_shared
----------------
IN: dynopt_dct16_sve2_shared
0x00400bac:  0e630377  saddl    v23.4s, v27.4h, v3.4h

Trace 0: 0x7f57501454c0 [80081009311/0000000000400bac/00000001/00000201] dynopt_dct16_sve2_shared
----------------
IN: dynopt_dct16_sve2_shared
0x00400bb0:  4e1e1000  tbx      v0.16b, {v0.16b}, v30.16b

Trace 0: 0x7f5750145640 [80081009311/0000000000400bb0/00000001/00000201] dynopt_dct16_sve2_shared
----------------
IN: dynopt_dct16_sve2_shared
0x00400bb4:  6e7c87bc  sub      v28.8h, v29.8h, v28.8h

Trace 0: 0x7f5750145780 [80081009311/0000000000400bb4/00000001/00000201] dynopt_dct16_sve2_shared
----------------
IN: dynopt_dct16_sve2_shared
0x00400bb8:  4e1e12d6  tbx      v22.16b, {v22.16b}, v30.16b

Trace 0: 0x7f57501458c0 [80081009311/0000000000400bb8/00000001/00000201] dynopt_dct16_sve2_shared
----------------
IN: dynopt_dct16_sve2_shared
0x00400bbc:  6e638763  sub      v3.8h, v27.8h, v3.8h

Trace 0: 0x7f5750145a00 [80081009311/0000000000400bbc/00000001/00000201] dynopt_dct16_sve2_shared
----------------
IN: dynopt_dct16_sve2_shared
0x00400bc0:  6ea08722  sub      v2.4s, v25.4s, v0.4s

Trace 0: 0x7f5750145b40 [80081009311/0000000000400bc0/00000001/00000201] dynopt_dct16_sve2_shared
----------------
IN: dynopt_dct16_sve2_shared
0x00400bc4:  4ea08720  add      v0.4s, v25.4s, v0.4s

Trace 0: 0x7f5750145c80 [80081009311/0000000000400bc4/00000001/00000201] dynopt_dct16_sve2_shared
----------------
IN: dynopt_dct16_sve2_shared
0x00400bc8:  6eb686e1  sub      v1.4s, v23.4s, v22.4s

Trace 0: 0x7f5750145dc0 [80081009311/0000000000400bc8/00000001/00000201] dynopt_dct16_sve2_shared
----------------
IN: dynopt_dct16_sve2_shared
0x00400bcc:  4eb686f6  add      v22.4s, v23.4s, v22.4s

Trace 0: 0x7f5750145f00 [80081009311/0000000000400bcc/00000001/00000201] dynopt_dct16_sve2_shared
----------------
IN: dynopt_dct16_sve2_shared
0x00400bd0:  ac810c9c  stp      q28, q3, [x4], #0x20

Trace 0: 0x7f5750146040 [80081009311/0000000000400bd0/00000001/00000201] dynopt_dct16_sve2_shared
----------------
IN: dynopt_dct16_sve2_shared
0x00400bd4:  ac8104a2  stp      q2, q1, [x5], #0x20

Trace 0: 0x7f57501461c0 [80081009311/0000000000400bd4/00000001/00000201] dynopt_dct16_sve2_shared
----------------
IN: dynopt_dct16_sve2_shared
0x00400bd8:  4ed6381a  zip1     v26.2d, v0.2d, v22.2d

Trace 0: 0x7f5750146340 [80081009311/0000000000400bd8/00000001/00000201] dynopt_dct16_sve2_shared
----------------
IN: dynopt_dct16_sve2_shared
0x00400bdc:  4ed67816  zip2     v22.2d, v0.2d, v22.2d

Trace 0: 0x7f5750146480 [80081009311/0000000000400bdc/00000001/00000201] dynopt_dct16_sve2_shared
----------------
IN: dynopt_dct16_sve2_shared
0x00400be0:  4ea00ad6  rev64    v22.4s, v22.4s

Trace 0: 0x7f57501465c0 [80081009311/0000000000400be0/00000001/00000201] dynopt_dct16_sve2_shared
----------------
IN: dynopt_dct16_sve2_shared
0x00400be4:  4eba86d8  add      v24.4s, v22.4s, v26.4s

Trace 0: 0x7f5750146700 [80081009311/0000000000400be4/00000001/00000201] dynopt_dct16_sve2_shared
----------------
IN: dynopt_dct16_sve2_shared
0x00400be8:  6eb68756  sub      v22.4s, v26.4s, v22.4s

Trace 0: 0x7f5750146840 [80081009311/0000000000400be8/00000001/00000201] dynopt_dct16_sve2_shared
----------------
IN: dynopt_dct16_sve2_shared
0x00400bec:  3ca06958  str      q24, [x10, x0]

Trace 0: 0x7f5750146980 [80081009311/0000000000400bec/00000001/00000201] dynopt_dct16_sve2_shared
----------------
IN: dynopt_dct16_sve2_shared
0x00400bf0:  3ca06976  str      q22, [x11, x0]

Trace 0: 0x7f5750146ac0 [80081009311/0000000000400bf0/00000001/00000201] dynopt_dct16_sve2_shared
----------------
IN: dynopt_dct16_sve2_shared
0x00400bf4:  7100405f  cmp      w2, #0x10

Trace 0: 0x7f5750146c00 [80081009311/0000000000400bf4/00000001/00000201] dynopt_dct16_sve2_shared
----------------
IN: dynopt_dct16_sve2_shared
0x00400bf8:  54fffc41  b.ne     #0x400b80

Trace 0: 0x7f5750146d40 [80081009311/0000000000400bf8/00000001/00000201] dynopt_dct16_sve2_shared
Trace 0: 0x7f57501445c0 [80081009311/0000000000400b80/00000001/00000201] dynopt_dct16_sve2_shared
Trace 0: 0x7f5750144740 [80081009311/0000000000400b84/00000001/00000201] dynopt_dct16_sve2_shared
Trace 0: 0x7f5750144880 [80081009311/0000000000400b88/00000001/00000201] dynopt_dct16_sve2_shared
Trace 0: 0x7f5750144a00 [80081009311/0000000000400b8c/00000001/00000201] dynopt_dct16_sve2_shared
Trace 0: 0x7f5750144b40 [80081009311/0000000000400b90/00000001/00000201] dynopt_dct16_sve2_shared
Trace 0: 0x7f5750144c80 [80081009311/0000000000400b94/00000001/00000201] dynopt_dct16_sve2_shared
Trace 0: 0x7f5750144dc0 [80081009311/0000000000400b98/00000001/00000201] dynopt_dct16_sve2_shared
Trace 0: 0x7f5750144f00 [80081009311/0000000000400b9c/00000001/00000201] dynopt_dct16_sve2_shared
Trace 0: 0x7f5750145040 [80081009311/0000000000400ba0/00000001/00000201] dynopt_dct16_sve2_shared
Trace 0: 0x7f57501451c0 [80081009311/0000000000400ba4/00000001/00000201] dynopt_dct16_sve2_shared
Trace 0: 0x7f5750145340 [80081009311/0000000000400ba8/00000001/00000201] dynopt_dct16_sve2_shared
Trace 0: 0x7f57501454c0 [80081009311/0000000000400bac/00000001/00000201] dynopt_dct16_sve2_shared
Trace 0: 0x7f5750145640 [80081009311/0000000000400bb0/00000001/00000201] dynopt_dct16_sve2_shared
Trace 0: 0x7f5750145780 [80081009311/0000000000400bb4/00000001/00000201] dynopt_dct16_sve2_shared
Trace 0: 0x7f57501458c0 [80081009311/0000000000400bb8/00000001/00000201] dynopt_dct16_sve2_shared
Trace 0: 0x7f5750145a00 [80081009311/0000000000400bbc/00000001/00000201] dynopt_dct16_sve2_shared
Trace 0: 0x7f5750145b40 [80081009311/0000000000400bc0/00000001/00000201] dynopt_dct16_sve2_shared
Trace 0: 0x7f5750145c80 [80081009311/0000000000400bc4/00000001/00000201] dynopt_dct16_sve2_shared
Trace 0: 0x7f5750145dc0 [80081009311/0000000000400bc8/00000001/00000201] dynopt_dct16_sve2_shared
Trace 0: 0x7f5750145f00 [80081009311/0000000000400bcc/00000001/00000201] dynopt_dct16_sve2_shared
Trace 0: 0x7f5750146040 [80081009311/0000000000400bd0/00000001/00000201] dynopt_dct16_sve2_shared
Trace 0: 0x7f57501461c0 [80081009311/0000000000400bd4/00000001/00000201] dynopt_dct16_sve2_shared
Trace 0: 0x7f5750146340 [80081009311/0000000000400bd8/00000001/00000201] dynopt_dct16_sve2_shared
Trace 0: 0x7f5750146480 [80081009311/0000000000400bdc/00000001/00000201] dynopt_dct16_sve2_shared
Trace 0: 0x7f57501465c0 [80081009311/0000000000400be0/00000001/00000201] dynopt_dct16_sve2_shared
Trace 0: 0x7f5750146700 [80081009311/0000000000400be4/00000001/00000201] dynopt_dct16_sve2_shared
Trace 0: 0x7f5750146840 [80081009311/0000000000400be8/00000001/00000201] dynopt_dct16_sve2_shared
Trace 0: 0x7f5750146980 [80081009311/0000000000400bec/00000001/00000201] dynopt_dct16_sve2_shared
Trace 0: 0x7f5750146ac0 [80081009311/0000000000400bf0/00000001/00000201] dynopt_dct16_sve2_shared
Trace 0: 0x7f5750146c00 [80081009311/0000000000400bf4/00000001/00000201] dynopt_dct16_sve2_shared
Trace 0: 0x7f5750146d40 [80081009311/0000000000400bf8/00000001/00000201] dynopt_dct16_sve2_shared
Trace 0: 0x7f57501445c0 [80081009311/0000000000400b80/00000001/00000201] dynopt_dct16_sve2_shared
Trace 0: 0x7f5750144740 [80081009311/0000000000400b84/00000001/00000201] dynopt_dct16_sve2_shared
Trace 0: 0x7f5750144880 [80081009311/0000000000400b88/00000001/00000201] dynopt_dct16_sve2_shared
Trace 0: 0x7f5750144a00 [80081009311/0000000000400b8c/00000001/00000201] dynopt_dct16_sve2_shared
Trace 0: 0x7f5750144b40 [80081009311/0000000000400b90/00000001/00000201] dynopt_dct16_sve2_shared
Trace 0: 0x7f5750144c80 [80081009311/0000000000400b94/00000001/00000201] dynopt_dct16_sve2_shared
Trace 0: 0x7f5750144dc0 [80081009311/0000000000400b98/00000001/00000201] dynopt_dct16_sve2_shared
Trace 0: 0x7f5750144f00 [80081009311/0000000000400b9c/00000001/00000201] dynopt_dct16_sve2_shared
Trace 0: 0x7f5750145040 [80081009311/0000000000400ba0/00000001/00000201] dynopt_dct16_sve2_shared
Trace 0: 0x7f57501451c0 [80081009311/0000000000400ba4/00000001/00000201] dynopt_dct16_sve2_shared
Trace 0: 0x7f5750145340 [80081009311/0000000000400ba8/00000001/00000201] dynopt_dct16_sve2_shared
Trace 0: 0x7f57501454c0 [80081009311/0000000000400bac/00000001/00000201] dynopt_dct16_sve2_shared
Trace 0: 0x7f5750145640 [80081009311/0000000000400bb0/00000001/00000201] dynopt_dct16_sve2_shared
Trace 0: 0x7f5750145780 [80081009311/0000000000400bb4/00000001/00000201] dynopt_dct16_sve2_shared
Trace 0: 0x7f57501458c0 [80081009311/0000000000400bb8/00000001/00000201] dynopt_dct16_sve2_shared
Trace 0: 0x7f5750145a00 [80081009311/0000000000400bbc/00000001/00000201] dynopt_dct16_sve2_shared
Trace 0: 0x7f5750145b40 [80081009311/0000000000400bc0/00000001/00000201] dynopt_dct16_sve2_shared
Trace 0: 0x7f5750145c80 [80081009311/0000000000400bc4/00000001/00000201] dynopt_dct16_sve2_shared
Trace 0: 0x7f5750145dc0 [80081009311/0000000000400bc8/00000001/00000201] dynopt_dct16_sve2_shared
Trace 0: 0x7f5750145f00 [80081009311/0000000000400bcc/00000001/00000201] dynopt_dct16_sve2_shared
Trace 0: 0x7f5750146040 [80081009311/0000000000400bd0/00000001/00000201] dynopt_dct16_sve2_shared
Trace 0: 0x7f57501461c0 [80081009311/0000000000400bd4/00000001/00000201] dynopt_dct16_sve2_shared
Trace 0: 0x7f5750146340 [80081009311/0000000000400bd8/00000001/00000201] dynopt_dct16_sve2_shared
Trace 0: 0x7f5750146480 [80081009311/0000000000400bdc/00000001/00000201] dynopt_dct16_sve2_shared
Trace 0: 0x7f57501465c0 [80081009311/0000000000400be0/00000001/00000201] dynopt_dct16_sve2_shared
Trace 0: 0x7f5750146700 [80081009311/0000000000400be4/00000001/00000201] dynopt_dct16_sve2_shared
Trace 0: 0x7f5750146840 [80081009311/0000000000400be8/00000001/00000201] dynopt_dct16_sve2_shared
Trace 0: 0x7f5750146980 [80081009311/0000000000400bec/00000001/00000201] dynopt_dct16_sve2_shared
Trace 0: 0x7f5750146ac0 [80081009311/0000000000400bf0/00000001/00000201] dynopt_dct16_sve2_shared
Trace 0: 0x7f5750146c00 [80081009311/0000000000400bf4/00000001/00000201] dynopt_dct16_sve2_shared
Trace 0: 0x7f5750146d40 [80081009311/0000000000400bf8/00000001/00000201] dynopt_dct16_sve2_shared
Trace 0: 0x7f57501445c0 [80081009311/0000000000400b80/00000001/00000201] dynopt_dct16_sve2_shared
Trace 0: 0x7f5750144740 [80081009311/0000000000400b84/00000001/00000201] dynopt_dct16_sve2_shared
Trace 0: 0x7f5750144880 [80081009311/0000000000400b88/00000001/00000201] dynopt_dct16_sve2_shared
Trace 0: 0x7f5750144a00 [80081009311/0000000000400b8c/00000001/00000201] dynopt_dct16_sve2_shared
Trace 0: 0x7f5750144b40 [80081009311/0000000000400b90/00000001/00000201] dynopt_dct16_sve2_shared
Trace 0: 0x7f5750144c80 [80081009311/0000000000400b94/00000001/00000201] dynopt_dct16_sve2_shared
Trace 0: 0x7f5750144dc0 [80081009311/0000000000400b98/00000001/00000201] dynopt_dct16_sve2_shared
Trace 0: 0x7f5750144f00 [80081009311/0000000000400b9c/00000001/00000201] dynopt_dct16_sve2_shared
Trace 0: 0x7f5750145040 [80081009311/0000000000400ba0/00000001/00000201] dynopt_dct16_sve2_shared
Trace 0: 0x7f57501451c0 [80081009311/0000000000400ba4/00000001/00000201] dynopt_dct16_sve2_shared
Trace 0: 0x7f5750145340 [80081009311/0000000000400ba8/00000001/00000201] dynopt_dct16_sve2_shared
Trace 0: 0x7f57501454c0 [80081009311/0000000000400bac/00000001/00000201] dynopt_dct16_sve2_shared
Trace 0: 0x7f5750145640 [80081009311/0000000000400bb0/00000001/00000201] dynopt_dct16_sve2_shared
Trace 0: 0x7f5750145780 [80081009311/0000000000400bb4/00000001/00000201] dynopt_dct16_sve2_shared
Trace 0: 0x7f57501458c0 [80081009311/0000000000400bb8/00000001/00000201] dynopt_dct16_sve2_shared
Trace 0: 0x7f5750145a00 [80081009311/0000000000400bbc/00000001/00000201] dynopt_dct16_sve2_shared
Trace 0: 0x7f5750145b40 [80081009311/0000000000400bc0/00000001/00000201] dynopt_dct16_sve2_shared
Trace 0: 0x7f5750145c80 [80081009311/0000000000400bc4/00000001/00000201] dynopt_dct16_sve2_shared
Trace 0: 0x7f5750145dc0 [80081009311/0000000000400bc8/00000001/00000201] dynopt_dct16_sve2_shared
Trace 0: 0x7f5750145f00 [80081009311/0000000000400bcc/00000001/00000201] dynopt_dct16_sve2_shared
Trace 0: 0x7f5750146040 [80081009311/0000000000400bd0/00000001/00000201] dynopt_dct16_sve2_shared
Trace 0: 0x7f57501461c0 [80081009311/0000000000400bd4/00000001/00000201] dynopt_dct16_sve2_shared
Trace 0: 0x7f5750146340 [80081009311/0000000000400bd8/00000001/00000201] dynopt_dct16_sve2_shared
Trace 0: 0x7f5750146480 [80081009311/0000000000400bdc/00000001/00000201] dynopt_dct16_sve2_shared
Trace 0: 0x7f57501465c0 [80081009311/0000000000400be0/00000001/00000201] dynopt_dct16_sve2_shared
Trace 0: 0x7f5750146700 [80081009311/0000000000400be4/00000001/00000201] dynopt_dct16_sve2_shared
Trace 0: 0x7f5750146840 [80081009311/0000000000400be8/00000001/00000201] dynopt_dct16_sve2_shared
Trace 0: 0x7f5750146980 [80081009311/0000000000400bec/00000001/00000201] dynopt_dct16_sve2_shared
Trace 0: 0x7f5750146ac0 [80081009311/0000000000400bf0/00000001/00000201] dynopt_dct16_sve2_shared
Trace 0: 0x7f5750146c00 [80081009311/0000000000400bf4/00000001/00000201] dynopt_dct16_sve2_shared
Trace 0: 0x7f5750146d40 [80081009311/0000000000400bf8/00000001/00000201] dynopt_dct16_sve2_shared
Trace 0: 0x7f57501445c0 [80081009311/0000000000400b80/00000001/00000201] dynopt_dct16_sve2_shared
Trace 0: 0x7f5750144740 [80081009311/0000000000400b84/00000001/00000201] dynopt_dct16_sve2_shared
Trace 0: 0x7f5750144880 [80081009311/0000000000400b88/00000001/00000201] dynopt_dct16_sve2_shared
Trace 0: 0x7f5750144a00 [80081009311/0000000000400b8c/00000001/00000201] dynopt_dct16_sve2_shared
Trace 0: 0x7f5750144b40 [80081009311/0000000000400b90/00000001/00000201] dynopt_dct16_sve2_shared
Trace 0: 0x7f5750144c80 [80081009311/0000000000400b94/00000001/00000201] dynopt_dct16_sve2_shared
Trace 0: 0x7f5750144dc0 [80081009311/0000000000400b98/00000001/00000201] dynopt_dct16_sve2_shared
Trace 0: 0x7f5750144f00 [80081009311/0000000000400b9c/00000001/00000201] dynopt_dct16_sve2_shared
Trace 0: 0x7f5750145040 [80081009311/0000000000400ba0/00000001/00000201] dynopt_dct16_sve2_shared
Trace 0: 0x7f57501451c0 [80081009311/0000000000400ba4/00000001/00000201] dynopt_dct16_sve2_shared
Trace 0: 0x7f5750145340 [80081009311/0000000000400ba8/00000001/00000201] dynopt_dct16_sve2_shared
Trace 0: 0x7f57501454c0 [80081009311/0000000000400bac/00000001/00000201] dynopt_dct16_sve2_shared
Trace 0: 0x7f5750145640 [80081009311/0000000000400bb0/00000001/00000201] dynopt_dct16_sve2_shared
Trace 0: 0x7f5750145780 [80081009311/0000000000400bb4/00000001/00000201] dynopt_dct16_sve2_shared
Trace 0: 0x7f57501458c0 [80081009311/0000000000400bb8/00000001/00000201] dynopt_dct16_sve2_shared
Trace 0: 0x7f5750145a00 [80081009311/0000000000400bbc/00000001/00000201] dynopt_dct16_sve2_shared
Trace 0: 0x7f5750145b40 [80081009311/0000000000400bc0/00000001/00000201] dynopt_dct16_sve2_shared
Trace 0: 0x7f5750145c80 [80081009311/0000000000400bc4/00000001/00000201] dynopt_dct16_sve2_shared
Trace 0: 0x7f5750145dc0 [80081009311/0000000000400bc8/00000001/00000201] dynopt_dct16_sve2_shared
Trace 0: 0x7f5750145f00 [80081009311/0000000000400bcc/00000001/00000201] dynopt_dct16_sve2_shared
Trace 0: 0x7f5750146040 [80081009311/0000000000400bd0/00000001/00000201] dynopt_dct16_sve2_shared
Trace 0: 0x7f57501461c0 [80081009311/0000000000400bd4/00000001/00000201] dynopt_dct16_sve2_shared
Trace 0: 0x7f5750146340 [80081009311/0000000000400bd8/00000001/00000201] dynopt_dct16_sve2_shared
Trace 0: 0x7f5750146480 [80081009311/0000000000400bdc/00000001/00000201] dynopt_dct16_sve2_shared
Trace 0: 0x7f57501465c0 [80081009311/0000000000400be0/00000001/00000201] dynopt_dct16_sve2_shared
Trace 0: 0x7f5750146700 [80081009311/0000000000400be4/00000001/00000201] dynopt_dct16_sve2_shared
Trace 0: 0x7f5750146840 [80081009311/0000000000400be8/00000001/00000201] dynopt_dct16_sve2_shared
Trace 0: 0x7f5750146980 [80081009311/0000000000400bec/00000001/00000201] dynopt_dct16_sve2_shared
Trace 0: 0x7f5750146ac0 [80081009311/0000000000400bf0/00000001/00000201] dynopt_dct16_sve2_shared
Trace 0: 0x7f5750146c00 [80081009311/0000000000400bf4/00000001/00000201] dynopt_dct16_sve2_shared
Trace 0: 0x7f5750146d40 [80081009311/0000000000400bf8/00000001/00000201] dynopt_dct16_sve2_shared
Trace 0: 0x7f57501445c0 [80081009311/0000000000400b80/00000001/00000201] dynopt_dct16_sve2_shared
Trace 0: 0x7f5750144740 [80081009311/0000000000400b84/00000001/00000201] dynopt_dct16_sve2_shared
Trace 0: 0x7f5750144880 [80081009311/0000000000400b88/00000001/00000201] dynopt_dct16_sve2_shared
Trace 0: 0x7f5750144a00 [80081009311/0000000000400b8c/00000001/00000201] dynopt_dct16_sve2_shared
Trace 0: 0x7f5750144b40 [80081009311/0000000000400b90/00000001/00000201] dynopt_dct16_sve2_shared
Trace 0: 0x7f5750144c80 [80081009311/0000000000400b94/00000001/00000201] dynopt_dct16_sve2_shared
Trace 0: 0x7f5750144dc0 [80081009311/0000000000400b98/00000001/00000201] dynopt_dct16_sve2_shared
Trace 0: 0x7f5750144f00 [80081009311/0000000000400b9c/00000001/00000201] dynopt_dct16_sve2_shared
Trace 0: 0x7f5750145040 [80081009311/0000000000400ba0/00000001/00000201] dynopt_dct16_sve2_shared
Trace 0: 0x7f57501451c0 [80081009311/0000000000400ba4/00000001/00000201] dynopt_dct16_sve2_shared
Trace 0: 0x7f5750145340 [80081009311/0000000000400ba8/00000001/00000201] dynopt_dct16_sve2_shared
Trace 0: 0x7f57501454c0 [80081009311/0000000000400bac/00000001/00000201] dynopt_dct16_sve2_shared
Trace 0: 0x7f5750145640 [80081009311/0000000000400bb0/00000001/00000201] dynopt_dct16_sve2_shared
Trace 0: 0x7f5750145780 [80081009311/0000000000400bb4/00000001/00000201] dynopt_dct16_sve2_shared
Trace 0: 0x7f57501458c0 [80081009311/0000000000400bb8/00000001/00000201] dynopt_dct16_sve2_shared
Trace 0: 0x7f5750145a00 [80081009311/0000000000400bbc/00000001/00000201] dynopt_dct16_sve2_shared
Trace 0: 0x7f5750145b40 [80081009311/0000000000400bc0/00000001/00000201] dynopt_dct16_sve2_shared
Trace 0: 0x7f5750145c80 [80081009311/0000000000400bc4/00000001/00000201] dynopt_dct16_sve2_shared
Trace 0: 0x7f5750145dc0 [80081009311/0000000000400bc8/00000001/00000201] dynopt_dct16_sve2_shared
Trace 0: 0x7f5750145f00 [80081009311/0000000000400bcc/00000001/00000201] dynopt_dct16_sve2_shared
Trace 0: 0x7f5750146040 [80081009311/0000000000400bd0/00000001/00000201] dynopt_dct16_sve2_shared
Trace 0: 0x7f57501461c0 [80081009311/0000000000400bd4/00000001/00000201] dynopt_dct16_sve2_shared
Trace 0: 0x7f5750146340 [80081009311/0000000000400bd8/00000001/00000201] dynopt_dct16_sve2_shared
Trace 0: 0x7f5750146480 [80081009311/0000000000400bdc/00000001/00000201] dynopt_dct16_sve2_shared
Trace 0: 0x7f57501465c0 [80081009311/0000000000400be0/00000001/00000201] dynopt_dct16_sve2_shared
Trace 0: 0x7f5750146700 [80081009311/0000000000400be4/00000001/00000201] dynopt_dct16_sve2_shared
Trace 0: 0x7f5750146840 [80081009311/0000000000400be8/00000001/00000201] dynopt_dct16_sve2_shared
Trace 0: 0x7f5750146980 [80081009311/0000000000400bec/00000001/00000201] dynopt_dct16_sve2_shared
Trace 0: 0x7f5750146ac0 [80081009311/0000000000400bf0/00000001/00000201] dynopt_dct16_sve2_shared
Trace 0: 0x7f5750146c00 [80081009311/0000000000400bf4/00000001/00000201] dynopt_dct16_sve2_shared
Trace 0: 0x7f5750146d40 [80081009311/0000000000400bf8/00000001/00000201] dynopt_dct16_sve2_shared
Trace 0: 0x7f57501445c0 [80081009311/0000000000400b80/00000001/00000201] dynopt_dct16_sve2_shared
Trace 0: 0x7f5750144740 [80081009311/0000000000400b84/00000001/00000201] dynopt_dct16_sve2_shared
Trace 0: 0x7f5750144880 [80081009311/0000000000400b88/00000001/00000201] dynopt_dct16_sve2_shared
Trace 0: 0x7f5750144a00 [80081009311/0000000000400b8c/00000001/00000201] dynopt_dct16_sve2_shared
Trace 0: 0x7f5750144b40 [80081009311/0000000000400b90/00000001/00000201] dynopt_dct16_sve2_shared
Trace 0: 0x7f5750144c80 [80081009311/0000000000400b94/00000001/00000201] dynopt_dct16_sve2_shared
Trace 0: 0x7f5750144dc0 [80081009311/0000000000400b98/00000001/00000201] dynopt_dct16_sve2_shared
Trace 0: 0x7f5750144f00 [80081009311/0000000000400b9c/00000001/00000201] dynopt_dct16_sve2_shared
Trace 0: 0x7f5750145040 [80081009311/0000000000400ba0/00000001/00000201] dynopt_dct16_sve2_shared
Trace 0: 0x7f57501451c0 [80081009311/0000000000400ba4/00000001/00000201] dynopt_dct16_sve2_shared
Trace 0: 0x7f5750145340 [80081009311/0000000000400ba8/00000001/00000201] dynopt_dct16_sve2_shared
Trace 0: 0x7f57501454c0 [80081009311/0000000000400bac/00000001/00000201] dynopt_dct16_sve2_shared
Trace 0: 0x7f5750145640 [80081009311/0000000000400bb0/00000001/00000201] dynopt_dct16_sve2_shared
Trace 0: 0x7f5750145780 [80081009311/0000000000400bb4/00000001/00000201] dynopt_dct16_sve2_shared
Trace 0: 0x7f57501458c0 [80081009311/0000000000400bb8/00000001/00000201] dynopt_dct16_sve2_shared
Trace 0: 0x7f5750145a00 [80081009311/0000000000400bbc/00000001/00000201] dynopt_dct16_sve2_shared
Trace 0: 0x7f5750145b40 [80081009311/0000000000400bc0/00000001/00000201] dynopt_dct16_sve2_shared
Trace 0: 0x7f5750145c80 [80081009311/0000000000400bc4/00000001/00000201] dynopt_dct16_sve2_shared
Trace 0: 0x7f5750145dc0 [80081009311/0000000000400bc8/00000001/00000201] dynopt_dct16_sve2_shared
Trace 0: 0x7f5750145f00 [80081009311/0000000000400bcc/00000001/00000201] dynopt_dct16_sve2_shared
Trace 0: 0x7f5750146040 [80081009311/0000000000400bd0/00000001/00000201] dynopt_dct16_sve2_shared
Trace 0: 0x7f57501461c0 [80081009311/0000000000400bd4/00000001/00000201] dynopt_dct16_sve2_shared
Trace 0: 0x7f5750146340 [80081009311/0000000000400bd8/00000001/00000201] dynopt_dct16_sve2_shared
Trace 0: 0x7f5750146480 [80081009311/0000000000400bdc/00000001/00000201] dynopt_dct16_sve2_shared
Trace 0: 0x7f57501465c0 [80081009311/0000000000400be0/00000001/00000201] dynopt_dct16_sve2_shared
Trace 0: 0x7f5750146700 [80081009311/0000000000400be4/00000001/00000201] dynopt_dct16_sve2_shared
Trace 0: 0x7f5750146840 [80081009311/0000000000400be8/00000001/00000201] dynopt_dct16_sve2_shared
Trace 0: 0x7f5750146980 [80081009311/0000000000400bec/00000001/00000201] dynopt_dct16_sve2_shared
Trace 0: 0x7f5750146ac0 [80081009311/0000000000400bf0/00000001/00000201] dynopt_dct16_sve2_shared
Trace 0: 0x7f5750146c00 [80081009311/0000000000400bf4/00000001/00000201] dynopt_dct16_sve2_shared
Trace 0: 0x7f5750146d40 [80081009311/0000000000400bf8/00000001/00000201] dynopt_dct16_sve2_shared
Trace 0: 0x7f57501445c0 [80081009311/0000000000400b80/00000001/00000201] dynopt_dct16_sve2_shared
Trace 0: 0x7f5750144740 [80081009311/0000000000400b84/00000001/00000201] dynopt_dct16_sve2_shared
Trace 0: 0x7f5750144880 [80081009311/0000000000400b88/00000001/00000201] dynopt_dct16_sve2_shared
Trace 0: 0x7f5750144a00 [80081009311/0000000000400b8c/00000001/00000201] dynopt_dct16_sve2_shared
Trace 0: 0x7f5750144b40 [80081009311/0000000000400b90/00000001/00000201] dynopt_dct16_sve2_shared
Trace 0: 0x7f5750144c80 [80081009311/0000000000400b94/00000001/00000201] dynopt_dct16_sve2_shared
Trace 0: 0x7f5750144dc0 [80081009311/0000000000400b98/00000001/00000201] dynopt_dct16_sve2_shared
Trace 0: 0x7f5750144f00 [80081009311/0000000000400b9c/00000001/00000201] dynopt_dct16_sve2_shared
Trace 0: 0x7f5750145040 [80081009311/0000000000400ba0/00000001/00000201] dynopt_dct16_sve2_shared
Trace 0: 0x7f57501451c0 [80081009311/0000000000400ba4/00000001/00000201] dynopt_dct16_sve2_shared
Trace 0: 0x7f5750145340 [80081009311/0000000000400ba8/00000001/00000201] dynopt_dct16_sve2_shared
Trace 0: 0x7f57501454c0 [80081009311/0000000000400bac/00000001/00000201] dynopt_dct16_sve2_shared
Trace 0: 0x7f5750145640 [80081009311/0000000000400bb0/00000001/00000201] dynopt_dct16_sve2_shared
Trace 0: 0x7f5750145780 [80081009311/0000000000400bb4/00000001/00000201] dynopt_dct16_sve2_shared
Trace 0: 0x7f57501458c0 [80081009311/0000000000400bb8/00000001/00000201] dynopt_dct16_sve2_shared
Trace 0: 0x7f5750145a00 [80081009311/0000000000400bbc/00000001/00000201] dynopt_dct16_sve2_shared
Trace 0: 0x7f5750145b40 [80081009311/0000000000400bc0/00000001/00000201] dynopt_dct16_sve2_shared
Trace 0: 0x7f5750145c80 [80081009311/0000000000400bc4/00000001/00000201] dynopt_dct16_sve2_shared
Trace 0: 0x7f5750145dc0 [80081009311/0000000000400bc8/00000001/00000201] dynopt_dct16_sve2_shared
Trace 0: 0x7f5750145f00 [80081009311/0000000000400bcc/00000001/00000201] dynopt_dct16_sve2_shared
Trace 0: 0x7f5750146040 [80081009311/0000000000400bd0/00000001/00000201] dynopt_dct16_sve2_shared
Trace 0: 0x7f57501461c0 [80081009311/0000000000400bd4/00000001/00000201] dynopt_dct16_sve2_shared
Trace 0: 0x7f5750146340 [80081009311/0000000000400bd8/00000001/00000201] dynopt_dct16_sve2_shared
Trace 0: 0x7f5750146480 [80081009311/0000000000400bdc/00000001/00000201] dynopt_dct16_sve2_shared
Trace 0: 0x7f57501465c0 [80081009311/0000000000400be0/00000001/00000201] dynopt_dct16_sve2_shared
Trace 0: 0x7f5750146700 [80081009311/0000000000400be4/00000001/00000201] dynopt_dct16_sve2_shared
Trace 0: 0x7f5750146840 [80081009311/0000000000400be8/00000001/00000201] dynopt_dct16_sve2_shared
Trace 0: 0x7f5750146980 [80081009311/0000000000400bec/00000001/00000201] dynopt_dct16_sve2_shared
Trace 0: 0x7f5750146ac0 [80081009311/0000000000400bf0/00000001/00000201] dynopt_dct16_sve2_shared
Trace 0: 0x7f5750146c00 [80081009311/0000000000400bf4/00000001/00000201] dynopt_dct16_sve2_shared
Trace 0: 0x7f5750146d40 [80081009311/0000000000400bf8/00000001/00000201] dynopt_dct16_sve2_shared
----------------
IN: dynopt_dct16_sve2_shared
0x00400bfc:  91090025  add      x5, x1, #0x240

Trace 0: 0x7f5750146e80 [80081009311/0000000000400bfc/00000001/00000201] dynopt_dct16_sve2_shared
----------------
IN: dynopt_dct16_sve2_shared
0x00400c00:  91088023  add      x3, x1, #0x220

Trace 0: 0x7f5750146fc0 [80081009311/0000000000400c00/00000001/00000201] dynopt_dct16_sve2_shared
----------------
IN: dynopt_dct16_sve2_shared
0x00400c04:  2f00e415  movi     d21, #0000000000000000

Trace 0: 0x7f5750147100 [80081009311/0000000000400c04/00000001/00000201] dynopt_dct16_sve2_shared
----------------
IN: dynopt_dct16_sve2_shared
0x00400c08:  9114c104  add      x4, x8, #0x530

Trace 0: 0x7f5750147240 [80081009311/0000000000400c08/00000001/00000201] dynopt_dct16_sve2_shared
----------------
IN: dynopt_dct16_sve2_shared
0x00400c0c:  52800009  mov      w9, #0

Trace 0: 0x7f5750147380 [80081009311/0000000000400c0c/00000001/00000201] dynopt_dct16_sve2_shared
----------------
IN: dynopt_dct16_sve2_shared
0x00400c10:  ad405cf8  ldp      q24, q23, [x7]

Trace 0: 0x7f57501474c0 [80081009311/0000000000400c10/00000001/00000201] dynopt_dct16_sve2_shared
----------------
IN: dynopt_dct16_sve2_shared
0x00400c14:  91144082  add      x2, x4, #0x510

Trace 0: 0x7f5750147640 [80081009311/0000000000400c14/00000001/00000201] dynopt_dct16_sve2_shared
----------------
IN: dynopt_dct16_sve2_shared
0x00400c18:  ad4108f6  ldp      q22, q2, [x7, #0x20]

Trace 0: 0x7f5750147780 [80081009311/0000000000400c18/00000001/00000201] dynopt_dct16_sve2_shared
----------------
IN: dynopt_dct16_sve2_shared
0x00400c1c:  91008020  add      x0, x1, #0x20

Trace 0: 0x7f5750147900 [80081009311/0000000000400c1c/00000001/00000201] dynopt_dct16_sve2_shared
----------------
IN: dynopt_dct16_sve2_shared
0x00400c20:  3cc20450  ldr      q16, [x2], #0x20

Trace 0: 0x7f5750147a40 [80081009311/0000000000400c20/00000001/00000201] dynopt_dct16_sve2_shared
----------------
IN: dynopt_dct16_sve2_shared
0x00400c24:  0420bea1  movprfx  z1, z21

Trace 0: 0x7f5750147bc0 [80081009311/0000000000400c24/00000001/00000201] dynopt_dct16_sve2_shared
----------------
IN: dynopt_dct16_sve2_shared
0x00400c28:  44d80201  sdot     z1.d, z16.h, z24.h

Trace 0: 0x7f5750147d00 [80081009311/0000000000400c28/00000001/00000201] dynopt_dct16_sve2_shared
----------------
IN: dynopt_dct16_sve2_shared
0x00400c2c:  0420bebe  movprfx  z30, z21

Trace 0: 0x7f5750147e40 [80081009311/0000000000400c2c/00000001/00000201] dynopt_dct16_sve2_shared
----------------
IN: dynopt_dct16_sve2_shared
0x00400c30:  44d7021e  sdot     z30.d, z16.h, z23.h

Trace 0: 0x7f5750147f80 [80081009311/0000000000400c30/00000001/00000201] dynopt_dct16_sve2_shared
----------------
IN: dynopt_dct16_sve2_shared
0x00400c34:  0420bea0  movprfx  z0, z21

Trace 0: 0x7f57501480c0 [80081009311/0000000000400c34/00000001/00000201] dynopt_dct16_sve2_shared
----------------
IN: dynopt_dct16_sve2_shared
0x00400c38:  44d60200  sdot     z0.d, z16.h, z22.h

Trace 0: 0x7f5750148200 [80081009311/0000000000400c38/00000001/00000201] dynopt_dct16_sve2_shared
----------------
IN: dynopt_dct16_sve2_shared
0x00400c3c:  0420bebd  movprfx  z29, z21

Trace 0: 0x7f5750148340 [80081009311/0000000000400c3c/00000001/00000201] dynopt_dct16_sve2_shared
----------------
IN: dynopt_dct16_sve2_shared
0x00400c40:  44c2021d  sdot     z29.d, z16.h, z2.h

Trace 0: 0x7f5750148480 [80081009311/0000000000400c40/00000001/00000201] dynopt_dct16_sve2_shared
----------------
IN: dynopt_dct16_sve2_shared
0x00400c44:  4e9e183e  uzp1     v30.4s, v1.4s, v30.4s

Trace 0: 0x7f57501485c0 [80081009311/0000000000400c44/00000001/00000201] dynopt_dct16_sve2_shared
----------------
IN: dynopt_dct16_sve2_shared
0x00400c48:  4e9d181d  uzp1     v29.4s, v0.4s, v29.4s

Trace 0: 0x7f5750148740 [80081009311/0000000000400c48/00000001/00000201] dynopt_dct16_sve2_shared
----------------
IN: dynopt_dct16_sve2_shared
0x00400c4c:  4ebdbfdd  addp     v29.4s, v30.4s, v29.4s

Trace 0: 0x7f57501488c0 [80081009311/0000000000400c4c/00000001/00000201] dynopt_dct16_sve2_shared
----------------
IN: dynopt_dct16_sve2_shared
0x00400c50:  0f168fbd  rshrn    v29.4h, v29.4s, #0xa

Trace 0: 0x7f5750148a00 [80081009311/0000000000400c50/00000001/00000201] dynopt_dct16_sve2_shared
----------------
IN: dynopt_dct16_sve2_shared
0x00400c54:  fc04041d  str      d29, [x0], #0x40

Trace 0: 0x7f5750148bc0 [80081009311/0000000000400c54/00000001/00000201] dynopt_dct16_sve2_shared
----------------
IN: dynopt_dct16_sve2_shared
0x00400c58:  eb00007f  cmp      x3, x0

Trace 0: 0x7f5750148d00 [80081009311/0000000000400c58/00000001/00000201] dynopt_dct16_sve2_shared
----------------
IN: dynopt_dct16_sve2_shared
0x00400c5c:  54fffe21  b.ne     #0x400c20

Trace 0: 0x7f5750148e80 [80081009311/0000000000400c5c/00000001/00000201] dynopt_dct16_sve2_shared
Trace 0: 0x7f5750147a40 [80081009311/0000000000400c20/00000001/00000201] dynopt_dct16_sve2_shared
Trace 0: 0x7f5750147bc0 [80081009311/0000000000400c24/00000001/00000201] dynopt_dct16_sve2_shared
Trace 0: 0x7f5750147d00 [80081009311/0000000000400c28/00000001/00000201] dynopt_dct16_sve2_shared
Trace 0: 0x7f5750147e40 [80081009311/0000000000400c2c/00000001/00000201] dynopt_dct16_sve2_shared
Trace 0: 0x7f5750147f80 [80081009311/0000000000400c30/00000001/00000201] dynopt_dct16_sve2_shared
Trace 0: 0x7f57501480c0 [80081009311/0000000000400c34/00000001/00000201] dynopt_dct16_sve2_shared
Trace 0: 0x7f5750148200 [80081009311/0000000000400c38/00000001/00000201] dynopt_dct16_sve2_shared
Trace 0: 0x7f5750148340 [80081009311/0000000000400c3c/00000001/00000201] dynopt_dct16_sve2_shared
Trace 0: 0x7f5750148480 [80081009311/0000000000400c40/00000001/00000201] dynopt_dct16_sve2_shared
Trace 0: 0x7f57501485c0 [80081009311/0000000000400c44/00000001/00000201] dynopt_dct16_sve2_shared
Trace 0: 0x7f5750148740 [80081009311/0000000000400c48/00000001/00000201] dynopt_dct16_sve2_shared
Trace 0: 0x7f57501488c0 [80081009311/0000000000400c4c/00000001/00000201] dynopt_dct16_sve2_shared
Trace 0: 0x7f5750148a00 [80081009311/0000000000400c50/00000001/00000201] dynopt_dct16_sve2_shared
Trace 0: 0x7f5750148bc0 [80081009311/0000000000400c54/00000001/00000201] dynopt_dct16_sve2_shared
Trace 0: 0x7f5750148d00 [80081009311/0000000000400c58/00000001/00000201] dynopt_dct16_sve2_shared
Trace 0: 0x7f5750148e80 [80081009311/0000000000400c5c/00000001/00000201] dynopt_dct16_sve2_shared
Trace 0: 0x7f5750147a40 [80081009311/0000000000400c20/00000001/00000201] dynopt_dct16_sve2_shared
Trace 0: 0x7f5750147bc0 [80081009311/0000000000400c24/00000001/00000201] dynopt_dct16_sve2_shared
Trace 0: 0x7f5750147d00 [80081009311/0000000000400c28/00000001/00000201] dynopt_dct16_sve2_shared
Trace 0: 0x7f5750147e40 [80081009311/0000000000400c2c/00000001/00000201] dynopt_dct16_sve2_shared
Trace 0: 0x7f5750147f80 [80081009311/0000000000400c30/00000001/00000201] dynopt_dct16_sve2_shared
Trace 0: 0x7f57501480c0 [80081009311/0000000000400c34/00000001/00000201] dynopt_dct16_sve2_shared
Trace 0: 0x7f5750148200 [80081009311/0000000000400c38/00000001/00000201] dynopt_dct16_sve2_shared
Trace 0: 0x7f5750148340 [80081009311/0000000000400c3c/00000001/00000201] dynopt_dct16_sve2_shared
Trace 0: 0x7f5750148480 [80081009311/0000000000400c40/00000001/00000201] dynopt_dct16_sve2_shared
Trace 0: 0x7f57501485c0 [80081009311/0000000000400c44/00000001/00000201] dynopt_dct16_sve2_shared
Trace 0: 0x7f5750148740 [80081009311/0000000000400c48/00000001/00000201] dynopt_dct16_sve2_shared
Trace 0: 0x7f57501488c0 [80081009311/0000000000400c4c/00000001/00000201] dynopt_dct16_sve2_shared
Trace 0: 0x7f5750148a00 [80081009311/0000000000400c50/00000001/00000201] dynopt_dct16_sve2_shared
Trace 0: 0x7f5750148bc0 [80081009311/0000000000400c54/00000001/00000201] dynopt_dct16_sve2_shared
Trace 0: 0x7f5750148d00 [80081009311/0000000000400c58/00000001/00000201] dynopt_dct16_sve2_shared
Trace 0: 0x7f5750148e80 [80081009311/0000000000400c5c/00000001/00000201] dynopt_dct16_sve2_shared
Trace 0: 0x7f5750147a40 [80081009311/0000000000400c20/00000001/00000201] dynopt_dct16_sve2_shared
Trace 0: 0x7f5750147bc0 [80081009311/0000000000400c24/00000001/00000201] dynopt_dct16_sve2_shared
Trace 0: 0x7f5750147d00 [80081009311/0000000000400c28/00000001/00000201] dynopt_dct16_sve2_shared
Trace 0: 0x7f5750147e40 [80081009311/0000000000400c2c/00000001/00000201] dynopt_dct16_sve2_shared
Trace 0: 0x7f5750147f80 [80081009311/0000000000400c30/00000001/00000201] dynopt_dct16_sve2_shared
Trace 0: 0x7f57501480c0 [80081009311/0000000000400c34/00000001/00000201] dynopt_dct16_sve2_shared
Trace 0: 0x7f5750148200 [80081009311/0000000000400c38/00000001/00000201] dynopt_dct16_sve2_shared
Trace 0: 0x7f5750148340 [80081009311/0000000000400c3c/00000001/00000201] dynopt_dct16_sve2_shared
Trace 0: 0x7f5750148480 [80081009311/0000000000400c40/00000001/00000201] dynopt_dct16_sve2_shared
Trace 0: 0x7f57501485c0 [80081009311/0000000000400c44/00000001/00000201] dynopt_dct16_sve2_shared
Trace 0: 0x7f5750148740 [80081009311/0000000000400c48/00000001/00000201] dynopt_dct16_sve2_shared
Trace 0: 0x7f57501488c0 [80081009311/0000000000400c4c/00000001/00000201] dynopt_dct16_sve2_shared
Trace 0: 0x7f5750148a00 [80081009311/0000000000400c50/00000001/00000201] dynopt_dct16_sve2_shared
Trace 0: 0x7f5750148bc0 [80081009311/0000000000400c54/00000001/00000201] dynopt_dct16_sve2_shared
Trace 0: 0x7f5750148d00 [80081009311/0000000000400c58/00000001/00000201] dynopt_dct16_sve2_shared
Trace 0: 0x7f5750148e80 [80081009311/0000000000400c5c/00000001/00000201] dynopt_dct16_sve2_shared
Trace 0: 0x7f5750147a40 [80081009311/0000000000400c20/00000001/00000201] dynopt_dct16_sve2_shared
Trace 0: 0x7f5750147bc0 [80081009311/0000000000400c24/00000001/00000201] dynopt_dct16_sve2_shared
Trace 0: 0x7f5750147d00 [80081009311/0000000000400c28/00000001/00000201] dynopt_dct16_sve2_shared
Trace 0: 0x7f5750147e40 [80081009311/0000000000400c2c/00000001/00000201] dynopt_dct16_sve2_shared
Trace 0: 0x7f5750147f80 [80081009311/0000000000400c30/00000001/00000201] dynopt_dct16_sve2_shared
Trace 0: 0x7f57501480c0 [80081009311/0000000000400c34/00000001/00000201] dynopt_dct16_sve2_shared
Trace 0: 0x7f5750148200 [80081009311/0000000000400c38/00000001/00000201] dynopt_dct16_sve2_shared
Trace 0: 0x7f5750148340 [80081009311/0000000000400c3c/00000001/00000201] dynopt_dct16_sve2_shared
Trace 0: 0x7f5750148480 [80081009311/0000000000400c40/00000001/00000201] dynopt_dct16_sve2_shared
Trace 0: 0x7f57501485c0 [80081009311/0000000000400c44/00000001/00000201] dynopt_dct16_sve2_shared
Trace 0: 0x7f5750148740 [80081009311/0000000000400c48/00000001/00000201] dynopt_dct16_sve2_shared
Trace 0: 0x7f57501488c0 [80081009311/0000000000400c4c/00000001/00000201] dynopt_dct16_sve2_shared
Trace 0: 0x7f5750148a00 [80081009311/0000000000400c50/00000001/00000201] dynopt_dct16_sve2_shared
Trace 0: 0x7f5750148bc0 [80081009311/0000000000400c54/00000001/00000201] dynopt_dct16_sve2_shared
Trace 0: 0x7f5750148d00 [80081009311/0000000000400c58/00000001/00000201] dynopt_dct16_sve2_shared
Trace 0: 0x7f5750148e80 [80081009311/0000000000400c5c/00000001/00000201] dynopt_dct16_sve2_shared
Trace 0: 0x7f5750147a40 [80081009311/0000000000400c20/00000001/00000201] dynopt_dct16_sve2_shared
Trace 0: 0x7f5750147bc0 [80081009311/0000000000400c24/00000001/00000201] dynopt_dct16_sve2_shared
Trace 0: 0x7f5750147d00 [80081009311/0000000000400c28/00000001/00000201] dynopt_dct16_sve2_shared
Trace 0: 0x7f5750147e40 [80081009311/0000000000400c2c/00000001/00000201] dynopt_dct16_sve2_shared
Trace 0: 0x7f5750147f80 [80081009311/0000000000400c30/00000001/00000201] dynopt_dct16_sve2_shared
Trace 0: 0x7f57501480c0 [80081009311/0000000000400c34/00000001/00000201] dynopt_dct16_sve2_shared
Trace 0: 0x7f5750148200 [80081009311/0000000000400c38/00000001/00000201] dynopt_dct16_sve2_shared
Trace 0: 0x7f5750148340 [80081009311/0000000000400c3c/00000001/00000201] dynopt_dct16_sve2_shared
Trace 0: 0x7f5750148480 [80081009311/0000000000400c40/00000001/00000201] dynopt_dct16_sve2_shared
Trace 0: 0x7f57501485c0 [80081009311/0000000000400c44/00000001/00000201] dynopt_dct16_sve2_shared
Trace 0: 0x7f5750148740 [80081009311/0000000000400c48/00000001/00000201] dynopt_dct16_sve2_shared
Trace 0: 0x7f57501488c0 [80081009311/0000000000400c4c/00000001/00000201] dynopt_dct16_sve2_shared
Trace 0: 0x7f5750148a00 [80081009311/0000000000400c50/00000001/00000201] dynopt_dct16_sve2_shared
Trace 0: 0x7f5750148bc0 [80081009311/0000000000400c54/00000001/00000201] dynopt_dct16_sve2_shared
Trace 0: 0x7f5750148d00 [80081009311/0000000000400c58/00000001/00000201] dynopt_dct16_sve2_shared
Trace 0: 0x7f5750148e80 [80081009311/0000000000400c5c/00000001/00000201] dynopt_dct16_sve2_shared
Trace 0: 0x7f5750147a40 [80081009311/0000000000400c20/00000001/00000201] dynopt_dct16_sve2_shared
Trace 0: 0x7f5750147bc0 [80081009311/0000000000400c24/00000001/00000201] dynopt_dct16_sve2_shared
Trace 0: 0x7f5750147d00 [80081009311/0000000000400c28/00000001/00000201] dynopt_dct16_sve2_shared
Trace 0: 0x7f5750147e40 [80081009311/0000000000400c2c/00000001/00000201] dynopt_dct16_sve2_shared
Trace 0: 0x7f5750147f80 [80081009311/0000000000400c30/00000001/00000201] dynopt_dct16_sve2_shared
Trace 0: 0x7f57501480c0 [80081009311/0000000000400c34/00000001/00000201] dynopt_dct16_sve2_shared
Trace 0: 0x7f5750148200 [80081009311/0000000000400c38/00000001/00000201] dynopt_dct16_sve2_shared
Trace 0: 0x7f5750148340 [80081009311/0000000000400c3c/00000001/00000201] dynopt_dct16_sve2_shared
Trace 0: 0x7f5750148480 [80081009311/0000000000400c40/00000001/00000201] dynopt_dct16_sve2_shared
Trace 0: 0x7f57501485c0 [80081009311/0000000000400c44/00000001/00000201] dynopt_dct16_sve2_shared
Trace 0: 0x7f5750148740 [80081009311/0000000000400c48/00000001/00000201] dynopt_dct16_sve2_shared
Trace 0: 0x7f57501488c0 [80081009311/0000000000400c4c/00000001/00000201] dynopt_dct16_sve2_shared
Trace 0: 0x7f5750148a00 [80081009311/0000000000400c50/00000001/00000201] dynopt_dct16_sve2_shared
Trace 0: 0x7f5750148bc0 [80081009311/0000000000400c54/00000001/00000201] dynopt_dct16_sve2_shared
Trace 0: 0x7f5750148d00 [80081009311/0000000000400c58/00000001/00000201] dynopt_dct16_sve2_shared
Trace 0: 0x7f5750148e80 [80081009311/0000000000400c5c/00000001/00000201] dynopt_dct16_sve2_shared
Trace 0: 0x7f5750147a40 [80081009311/0000000000400c20/00000001/00000201] dynopt_dct16_sve2_shared
Trace 0: 0x7f5750147bc0 [80081009311/0000000000400c24/00000001/00000201] dynopt_dct16_sve2_shared
Trace 0: 0x7f5750147d00 [80081009311/0000000000400c28/00000001/00000201] dynopt_dct16_sve2_shared
Trace 0: 0x7f5750147e40 [80081009311/0000000000400c2c/00000001/00000201] dynopt_dct16_sve2_shared
Trace 0: 0x7f5750147f80 [80081009311/0000000000400c30/00000001/00000201] dynopt_dct16_sve2_shared
Trace 0: 0x7f57501480c0 [80081009311/0000000000400c34/00000001/00000201] dynopt_dct16_sve2_shared
Trace 0: 0x7f5750148200 [80081009311/0000000000400c38/00000001/00000201] dynopt_dct16_sve2_shared
Trace 0: 0x7f5750148340 [80081009311/0000000000400c3c/00000001/00000201] dynopt_dct16_sve2_shared
Trace 0: 0x7f5750148480 [80081009311/0000000000400c40/00000001/00000201] dynopt_dct16_sve2_shared
Trace 0: 0x7f57501485c0 [80081009311/0000000000400c44/00000001/00000201] dynopt_dct16_sve2_shared
Trace 0: 0x7f5750148740 [80081009311/0000000000400c48/00000001/00000201] dynopt_dct16_sve2_shared
Trace 0: 0x7f57501488c0 [80081009311/0000000000400c4c/00000001/00000201] dynopt_dct16_sve2_shared
Trace 0: 0x7f5750148a00 [80081009311/0000000000400c50/00000001/00000201] dynopt_dct16_sve2_shared
Trace 0: 0x7f5750148bc0 [80081009311/0000000000400c54/00000001/00000201] dynopt_dct16_sve2_shared
Trace 0: 0x7f5750148d00 [80081009311/0000000000400c58/00000001/00000201] dynopt_dct16_sve2_shared
Trace 0: 0x7f5750148e80 [80081009311/0000000000400c5c/00000001/00000201] dynopt_dct16_sve2_shared
----------------
IN: dynopt_dct16_sve2_shared
0x00400c60:  3dc12099  ldr      q25, [x4, #0x480]

Trace 0: 0x7f5750148fc0 [80081009311/0000000000400c60/00000001/00000201] dynopt_dct16_sve2_shared
----------------
IN: dynopt_dct16_sve2_shared
0x00400c64:  91128082  add      x2, x4, #0x4a0

Trace 0: 0x7f5750149100 [80081009311/0000000000400c64/00000001/00000201] dynopt_dct16_sve2_shared
----------------
IN: dynopt_dct16_sve2_shared
0x00400c68:  ad4050df  ldp      q31, q20, [x6]

Trace 0: 0x7f5750149240 [80081009311/0000000000400c68/00000001/00000201] dynopt_dct16_sve2_shared
----------------
IN: dynopt_dct16_sve2_shared
0x00400c6c:  91030020  add      x0, x1, #0xc0

Trace 0: 0x7f57501493c0 [80081009311/0000000000400c6c/00000001/00000201] dynopt_dct16_sve2_shared
----------------
IN: dynopt_dct16_sve2_shared
0x00400c70:  ad4148d3  ldp      q19, q18, [x6, #0x20]

Trace 0: 0x7f5750149500 [80081009311/0000000000400c70/00000001/00000201] dynopt_dct16_sve2_shared
----------------
IN: dynopt_dct16_sve2_shared
0x00400c74:  4eb99ffc  mul      v28.4s, v31.4s, v25.4s

Trace 0: 0x7f5750149680 [80081009311/0000000000400c74/00000001/00000201] dynopt_dct16_sve2_shared
----------------
IN: dynopt_dct16_sve2_shared
0x00400c78:  4eb99e9b  mul      v27.4s, v20.4s, v25.4s

Trace 0: 0x7f57501497c0 [80081009311/0000000000400c78/00000001/00000201] dynopt_dct16_sve2_shared
----------------
IN: dynopt_dct16_sve2_shared
0x00400c7c:  4eb99e7a  mul      v26.4s, v19.4s, v25.4s

Trace 0: 0x7f5750149900 [80081009311/0000000000400c7c/00000001/00000201] dynopt_dct16_sve2_shared
----------------
IN: dynopt_dct16_sve2_shared
0x00400c80:  4eb99e59  mul      v25.4s, v18.4s, v25.4s

Trace 0: 0x7f5750149a40 [80081009311/0000000000400c80/00000001/00000201] dynopt_dct16_sve2_shared
----------------
IN: dynopt_dct16_sve2_shared
0x00400c84:  4ebbbf9b  addp     v27.4s, v28.4s, v27.4s

Trace 0: 0x7f5750149b80 [80081009311/0000000000400c84/00000001/00000201] dynopt_dct16_sve2_shared
----------------
IN: dynopt_dct16_sve2_shared
0x00400c88:  4eb9bf59  addp     v25.4s, v26.4s, v25.4s

Trace 0: 0x7f5750149cc0 [80081009311/0000000000400c88/00000001/00000201] dynopt_dct16_sve2_shared
----------------
IN: dynopt_dct16_sve2_shared
0x00400c8c:  4eb9bf79  addp     v25.4s, v27.4s, v25.4s

Trace 0: 0x7f5750149e00 [80081009311/0000000000400c8c/00000001/00000201] dynopt_dct16_sve2_shared
----------------
IN: dynopt_dct16_sve2_shared
0x00400c90:  0f168f39  rshrn    v25.4h, v25.4s, #0xa

Trace 0: 0x7f5750149f40 [80081009311/0000000000400c90/00000001/00000201] dynopt_dct16_sve2_shared
----------------
IN: dynopt_dct16_sve2_shared
0x00400c94:  fd002039  str      d25, [x1, #0x40]

Trace 0: 0x7f575014a100 [80081009311/0000000000400c94/00000001/00000201] dynopt_dct16_sve2_shared
----------------
IN: dynopt_dct16_sve2_shared
0x00400c98:  3cc10443  ldr      q3, [x2], #0x10

Trace 0: 0x7f575014a240 [80081009311/0000000000400c98/00000001/00000201] dynopt_dct16_sve2_shared
----------------
IN: dynopt_dct16_sve2_shared
0x00400c9c:  4ea39ff8  mul      v24.4s, v31.4s, v3.4s

Trace 0: 0x7f575014a3c0 [80081009311/0000000000400c9c/00000001/00000201] dynopt_dct16_sve2_shared
----------------
IN: dynopt_dct16_sve2_shared
0x00400ca0:  4ea39e97  mul      v23.4s, v20.4s, v3.4s

Trace 0: 0x7f575014a500 [80081009311/0000000000400ca0/00000001/00000201] dynopt_dct16_sve2_shared
----------------
IN: dynopt_dct16_sve2_shared
0x00400ca4:  4ea39e76  mul      v22.4s, v19.4s, v3.4s

Trace 0: 0x7f575014a640 [80081009311/0000000000400ca4/00000001/00000201] dynopt_dct16_sve2_shared
----------------
IN: dynopt_dct16_sve2_shared
0x00400ca8:  4ea39e43  mul      v3.4s, v18.4s, v3.4s

Trace 0: 0x7f575014a780 [80081009311/0000000000400ca8/00000001/00000201] dynopt_dct16_sve2_shared
----------------
IN: dynopt_dct16_sve2_shared
0x00400cac:  4eb7bf17  addp     v23.4s, v24.4s, v23.4s

Trace 0: 0x7f575014a8c0 [80081009311/0000000000400cac/00000001/00000201] dynopt_dct16_sve2_shared
----------------
IN: dynopt_dct16_sve2_shared
0x00400cb0:  4ea3bec3  addp     v3.4s, v22.4s, v3.4s

Trace 0: 0x7f575014aa00 [80081009311/0000000000400cb0/00000001/00000201] dynopt_dct16_sve2_shared
----------------
IN: dynopt_dct16_sve2_shared
0x00400cb4:  4ea3bee3  addp     v3.4s, v23.4s, v3.4s

Trace 0: 0x7f575014ab40 [80081009311/0000000000400cb4/00000001/00000201] dynopt_dct16_sve2_shared
----------------
IN: dynopt_dct16_sve2_shared
0x00400cb8:  0f168c63  rshrn    v3.4h, v3.4s, #0xa

Trace 0: 0x7f575014ac80 [80081009311/0000000000400cb8/00000001/00000201] dynopt_dct16_sve2_shared
----------------
IN: dynopt_dct16_sve2_shared
0x00400cbc:  fc080403  str      d3, [x0], #0x80

Trace 0: 0x7f575014ae40 [80081009311/0000000000400cbc/00000001/00000201] dynopt_dct16_sve2_shared
----------------
IN: dynopt_dct16_sve2_shared
0x00400cc0:  eb0000bf  cmp      x5, x0

Trace 0: 0x7f575014af80 [80081009311/0000000000400cc0/00000001/00000201] dynopt_dct16_sve2_shared
----------------
IN: dynopt_dct16_sve2_shared
0x00400cc4:  54fffea1  b.ne     #0x400c98

Trace 0: 0x7f575014b100 [80081009311/0000000000400cc4/00000001/00000201] dynopt_dct16_sve2_shared
Trace 0: 0x7f575014a240 [80081009311/0000000000400c98/00000001/00000201] dynopt_dct16_sve2_shared
Trace 0: 0x7f575014a3c0 [80081009311/0000000000400c9c/00000001/00000201] dynopt_dct16_sve2_shared
Trace 0: 0x7f575014a500 [80081009311/0000000000400ca0/00000001/00000201] dynopt_dct16_sve2_shared
Trace 0: 0x7f575014a640 [80081009311/0000000000400ca4/00000001/00000201] dynopt_dct16_sve2_shared
Trace 0: 0x7f575014a780 [80081009311/0000000000400ca8/00000001/00000201] dynopt_dct16_sve2_shared
Trace 0: 0x7f575014a8c0 [80081009311/0000000000400cac/00000001/00000201] dynopt_dct16_sve2_shared
Trace 0: 0x7f575014aa00 [80081009311/0000000000400cb0/00000001/00000201] dynopt_dct16_sve2_shared
Trace 0: 0x7f575014ab40 [80081009311/0000000000400cb4/00000001/00000201] dynopt_dct16_sve2_shared
Trace 0: 0x7f575014ac80 [80081009311/0000000000400cb8/00000001/00000201] dynopt_dct16_sve2_shared
Trace 0: 0x7f575014ae40 [80081009311/0000000000400cbc/00000001/00000201] dynopt_dct16_sve2_shared
Trace 0: 0x7f575014af80 [80081009311/0000000000400cc0/00000001/00000201] dynopt_dct16_sve2_shared
Trace 0: 0x7f575014b100 [80081009311/0000000000400cc4/00000001/00000201] dynopt_dct16_sve2_shared
Trace 0: 0x7f575014a240 [80081009311/0000000000400c98/00000001/00000201] dynopt_dct16_sve2_shared
Trace 0: 0x7f575014a3c0 [80081009311/0000000000400c9c/00000001/00000201] dynopt_dct16_sve2_shared
Trace 0: 0x7f575014a500 [80081009311/0000000000400ca0/00000001/00000201] dynopt_dct16_sve2_shared
Trace 0: 0x7f575014a640 [80081009311/0000000000400ca4/00000001/00000201] dynopt_dct16_sve2_shared
Trace 0: 0x7f575014a780 [80081009311/0000000000400ca8/00000001/00000201] dynopt_dct16_sve2_shared
Trace 0: 0x7f575014a8c0 [80081009311/0000000000400cac/00000001/00000201] dynopt_dct16_sve2_shared
Trace 0: 0x7f575014aa00 [80081009311/0000000000400cb0/00000001/00000201] dynopt_dct16_sve2_shared
Trace 0: 0x7f575014ab40 [80081009311/0000000000400cb4/00000001/00000201] dynopt_dct16_sve2_shared
Trace 0: 0x7f575014ac80 [80081009311/0000000000400cb8/00000001/00000201] dynopt_dct16_sve2_shared
Trace 0: 0x7f575014ae40 [80081009311/0000000000400cbc/00000001/00000201] dynopt_dct16_sve2_shared
Trace 0: 0x7f575014af80 [80081009311/0000000000400cc0/00000001/00000201] dynopt_dct16_sve2_shared
Trace 0: 0x7f575014b100 [80081009311/0000000000400cc4/00000001/00000201] dynopt_dct16_sve2_shared
----------------
IN: dynopt_dct16_sve2_shared
0x00400cc8:  13017d20  asr      w0, w9, #1

Trace 0: 0x7f575014b240 [80081009311/0000000000400cc8/00000001/00000201] dynopt_dct16_sve2_shared
----------------
IN: dynopt_dct16_sve2_shared
0x00400ccc:  11001129  add      w9, w9, #4

Trace 0: 0x7f575014b380 [80081009311/0000000000400ccc/00000001/00000201] dynopt_dct16_sve2_shared
----------------
IN: dynopt_dct16_sve2_shared
0x00400cd0:  3dc13481  ldr      q1, [x4, #0x4d0]

Trace 0: 0x7f575014b4c0 [80081009311/0000000000400cd0/00000001/00000201] dynopt_dct16_sve2_shared
----------------
IN: dynopt_dct16_sve2_shared
0x00400cd4:  937c7c02  sbfiz    x2, x0, #4, #0x20

Trace 0: 0x7f575014b600 [80081009311/0000000000400cd4/00000001/00000201] dynopt_dct16_sve2_shared
----------------
IN: dynopt_dct16_sve2_shared
0x00400cd8:  11000400  add      w0, w0, #1

Trace 0: 0x7f575014b740 [80081009311/0000000000400cd8/00000001/00000201] dynopt_dct16_sve2_shared
----------------
IN: dynopt_dct16_sve2_shared
0x00400cdc:  910100e7  add      x7, x7, #0x40

Trace 0: 0x7f575014b880 [80081009311/0000000000400cdc/00000001/00000201] dynopt_dct16_sve2_shared
----------------
IN: dynopt_dct16_sve2_shared
0x00400ce0:  3dc13880  ldr      q0, [x4, #0x4e0]

Trace 0: 0x7f575014b9c0 [80081009311/0000000000400ce0/00000001/00000201] dynopt_dct16_sve2_shared
----------------
IN: dynopt_dct16_sve2_shared
0x00400ce4:  937c7c00  sbfiz    x0, x0, #4, #0x20

Trace 0: 0x7f575014bb00 [80081009311/0000000000400ce4/00000001/00000201] dynopt_dct16_sve2_shared
----------------
IN: dynopt_dct16_sve2_shared
0x00400ce8:  3ce26945  ldr      q5, [x10, x2]

Trace 0: 0x7f575014bc40 [80081009311/0000000000400ce8/00000001/00000201] dynopt_dct16_sve2_shared
----------------
IN: dynopt_dct16_sve2_shared
0x00400cec:  910020a5  add      x5, x5, #8

Trace 0: 0x7f575014bd80 [80081009311/0000000000400cec/00000001/00000201] dynopt_dct16_sve2_shared
----------------
IN: dynopt_dct16_sve2_shared
0x00400cf0:  3ce06951  ldr      q17, [x10, x0]

Trace 0: 0x7f575014bec0 [80081009311/0000000000400cf0/00000001/00000201] dynopt_dct16_sve2_shared
----------------
IN: dynopt_dct16_sve2_shared
0x00400cf4:  910100c6  add      x6, x6, #0x40

Trace 0: 0x7f575014c000 [80081009311/0000000000400cf4/00000001/00000201] dynopt_dct16_sve2_shared
----------------
IN: dynopt_dct16_sve2_shared
0x00400cf8:  3ce26970  ldr      q16, [x11, x2]

Trace 0: 0x7f575014c140 [80081009311/0000000000400cf8/00000001/00000201] dynopt_dct16_sve2_shared
----------------
IN: dynopt_dct16_sve2_shared
0x00400cfc:  91002063  add      x3, x3, #8

Trace 0: 0x7f575014c280 [80081009311/0000000000400cfc/00000001/00000201] dynopt_dct16_sve2_shared
----------------
IN: dynopt_dct16_sve2_shared
0x00400d00:  3ce06967  ldr      q7, [x11, x0]

Trace 0: 0x7f575014c3c0 [80081009311/0000000000400d00/00000001/00000201] dynopt_dct16_sve2_shared
----------------
IN: dynopt_dct16_sve2_shared
0x00400d04:  91002021  add      x1, x1, #8

Trace 0: 0x7f575014c500 [80081009311/0000000000400d04/00000001/00000201] dynopt_dct16_sve2_shared
----------------
IN: dynopt_dct16_sve2_shared
0x00400d08:  3dc13c86  ldr      q6, [x4, #0x4f0]

Trace 0: 0x7f575014c640 [80081009311/0000000000400d08/00000001/00000201] dynopt_dct16_sve2_shared
----------------
IN: dynopt_dct16_sve2_shared
0x00400d0c:  4ea19e04  mul      v4.4s, v16.4s, v1.4s

Trace 0: 0x7f575014c780 [80081009311/0000000000400d0c/00000001/00000201] dynopt_dct16_sve2_shared
----------------
IN: dynopt_dct16_sve2_shared
0x00400d10:  4eb1bca2  addp     v2.4s, v5.4s, v17.4s

Trace 0: 0x7f575014c8c0 [80081009311/0000000000400d10/00000001/00000201] dynopt_dct16_sve2_shared
----------------
IN: dynopt_dct16_sve2_shared
0x00400d14:  4ea69e10  mul      v16.4s, v16.4s, v6.4s

Trace 0: 0x7f575014ca00 [80081009311/0000000000400d14/00000001/00000201] dynopt_dct16_sve2_shared
----------------
IN: dynopt_dct16_sve2_shared
0x00400d18:  4ea09ca5  mul      v5.4s, v5.4s, v0.4s

Trace 0: 0x7f575014cb40 [80081009311/0000000000400d18/00000001/00000201] dynopt_dct16_sve2_shared
----------------
IN: dynopt_dct16_sve2_shared
0x00400d1c:  4ea19ce1  mul      v1.4s, v7.4s, v1.4s

Trace 0: 0x7f575014cc80 [80081009311/0000000000400d1c/00000001/00000201] dynopt_dct16_sve2_shared
----------------
IN: dynopt_dct16_sve2_shared
0x00400d20:  4ea09e20  mul      v0.4s, v17.4s, v0.4s

Trace 0: 0x7f575014cdc0 [80081009311/0000000000400d20/00000001/00000201] dynopt_dct16_sve2_shared
----------------
IN: dynopt_dct16_sve2_shared
0x00400d24:  4ea69ce6  mul      v6.4s, v7.4s, v6.4s

Trace 0: 0x7f575014cf00 [80081009311/0000000000400d24/00000001/00000201] dynopt_dct16_sve2_shared
----------------
IN: dynopt_dct16_sve2_shared
0x00400d28:  4f265442  shl      v2.4s, v2.4s, #6

Trace 0: 0x7f575014d040 [80081009311/0000000000400d28/00000001/00000201] dynopt_dct16_sve2_shared
----------------
IN: dynopt_dct16_sve2_shared
0x00400d2c:  4ea1bc81  addp     v1.4s, v4.4s, v1.4s

Trace 0: 0x7f575014d180 [80081009311/0000000000400d2c/00000001/00000201] dynopt_dct16_sve2_shared
----------------
IN: dynopt_dct16_sve2_shared
0x00400d30:  4ea0bca0  addp     v0.4s, v5.4s, v0.4s

Trace 0: 0x7f575014d2c0 [80081009311/0000000000400d30/00000001/00000201] dynopt_dct16_sve2_shared
----------------
IN: dynopt_dct16_sve2_shared
0x00400d34:  4ea6be06  addp     v6.4s, v16.4s, v6.4s

Trace 0: 0x7f575014d400 [80081009311/0000000000400d34/00000001/00000201] dynopt_dct16_sve2_shared
----------------
IN: dynopt_dct16_sve2_shared
0x00400d38:  0f168c42  rshrn    v2.4h, v2.4s, #0xa

Trace 0: 0x7f575014d540 [80081009311/0000000000400d38/00000001/00000201] dynopt_dct16_sve2_shared
----------------
IN: dynopt_dct16_sve2_shared
0x00400d3c:  0f168c21  rshrn    v1.4h, v1.4s, #0xa

Trace 0: 0x7f575014d700 [80081009311/0000000000400d3c/00000001/00000201] dynopt_dct16_sve2_shared
----------------
IN: dynopt_dct16_sve2_shared
0x00400d40:  0f168c00  rshrn    v0.4h, v0.4s, #0xa

Trace 0: 0x7f575014d8c0 [80081009311/0000000000400d40/00000001/00000201] dynopt_dct16_sve2_shared
----------------
IN: dynopt_dct16_sve2_shared
0x00400d44:  0f168cc6  rshrn    v6.4h, v6.4s, #0xa

Trace 0: 0x7f575014da80 [80081009311/0000000000400d44/00000001/00000201] dynopt_dct16_sve2_shared
----------------
IN: dynopt_dct16_sve2_shared
0x00400d48:  fc1f8022  stur     d2, [x1, #-8]

Trace 0: 0x7f575014dc40 [80081009311/0000000000400d48/00000001/00000201] dynopt_dct16_sve2_shared
----------------
IN: dynopt_dct16_sve2_shared
0x00400d4c:  fd003c21  str      d1, [x1, #0x78]

Trace 0: 0x7f575014dd80 [80081009311/0000000000400d4c/00000001/00000201] dynopt_dct16_sve2_shared
----------------
IN: dynopt_dct16_sve2_shared
0x00400d50:  fd007c20  str      d0, [x1, #0xf8]

Trace 0: 0x7f575014dec0 [80081009311/0000000000400d50/00000001/00000201] dynopt_dct16_sve2_shared
----------------
IN: dynopt_dct16_sve2_shared
0x00400d54:  fd00bc26  str      d6, [x1, #0x178]

Trace 0: 0x7f575014e000 [80081009311/0000000000400d54/00000001/00000201] dynopt_dct16_sve2_shared
----------------
IN: dynopt_dct16_sve2_shared
0x00400d58:  7100413f  cmp      w9, #0x10

Trace 0: 0x7f575014e140 [80081009311/0000000000400d58/00000001/00000201] dynopt_dct16_sve2_shared
----------------
IN: dynopt_dct16_sve2_shared
0x00400d5c:  54fff5a1  b.ne     #0x400c10

Trace 0: 0x7f575014e280 [80081009311/0000000000400d5c/00000001/00000201] dynopt_dct16_sve2_shared
Trace 0: 0x7f57501474c0 [80081009311/0000000000400c10/00000001/00000201] dynopt_dct16_sve2_shared
Trace 0: 0x7f5750147640 [80081009311/0000000000400c14/00000001/00000201] dynopt_dct16_sve2_shared
Trace 0: 0x7f5750147780 [80081009311/0000000000400c18/00000001/00000201] dynopt_dct16_sve2_shared
Trace 0: 0x7f5750147900 [80081009311/0000000000400c1c/00000001/00000201] dynopt_dct16_sve2_shared
Trace 0: 0x7f5750147a40 [80081009311/0000000000400c20/00000001/00000201] dynopt_dct16_sve2_shared
Trace 0: 0x7f5750147bc0 [80081009311/0000000000400c24/00000001/00000201] dynopt_dct16_sve2_shared
Trace 0: 0x7f5750147d00 [80081009311/0000000000400c28/00000001/00000201] dynopt_dct16_sve2_shared
Trace 0: 0x7f5750147e40 [80081009311/0000000000400c2c/00000001/00000201] dynopt_dct16_sve2_shared
Trace 0: 0x7f5750147f80 [80081009311/0000000000400c30/00000001/00000201] dynopt_dct16_sve2_shared
Trace 0: 0x7f57501480c0 [80081009311/0000000000400c34/00000001/00000201] dynopt_dct16_sve2_shared
Trace 0: 0x7f5750148200 [80081009311/0000000000400c38/00000001/00000201] dynopt_dct16_sve2_shared
Trace 0: 0x7f5750148340 [80081009311/0000000000400c3c/00000001/00000201] dynopt_dct16_sve2_shared
Trace 0: 0x7f5750148480 [80081009311/0000000000400c40/00000001/00000201] dynopt_dct16_sve2_shared
Trace 0: 0x7f57501485c0 [80081009311/0000000000400c44/00000001/00000201] dynopt_dct16_sve2_shared
Trace 0: 0x7f5750148740 [80081009311/0000000000400c48/00000001/00000201] dynopt_dct16_sve2_shared
Trace 0: 0x7f57501488c0 [80081009311/0000000000400c4c/00000001/00000201] dynopt_dct16_sve2_shared
Trace 0: 0x7f5750148a00 [80081009311/0000000000400c50/00000001/00000201] dynopt_dct16_sve2_shared
Trace 0: 0x7f5750148bc0 [80081009311/0000000000400c54/00000001/00000201] dynopt_dct16_sve2_shared
Trace 0: 0x7f5750148d00 [80081009311/0000000000400c58/00000001/00000201] dynopt_dct16_sve2_shared
Trace 0: 0x7f5750148e80 [80081009311/0000000000400c5c/00000001/00000201] dynopt_dct16_sve2_shared
Trace 0: 0x7f5750147a40 [80081009311/0000000000400c20/00000001/00000201] dynopt_dct16_sve2_shared
Trace 0: 0x7f5750147bc0 [80081009311/0000000000400c24/00000001/00000201] dynopt_dct16_sve2_shared
Trace 0: 0x7f5750147d00 [80081009311/0000000000400c28/00000001/00000201] dynopt_dct16_sve2_shared
Trace 0: 0x7f5750147e40 [80081009311/0000000000400c2c/00000001/00000201] dynopt_dct16_sve2_shared
Trace 0: 0x7f5750147f80 [80081009311/0000000000400c30/00000001/00000201] dynopt_dct16_sve2_shared
Trace 0: 0x7f57501480c0 [80081009311/0000000000400c34/00000001/00000201] dynopt_dct16_sve2_shared
Trace 0: 0x7f5750148200 [80081009311/0000000000400c38/00000001/00000201] dynopt_dct16_sve2_shared
Trace 0: 0x7f5750148340 [80081009311/0000000000400c3c/00000001/00000201] dynopt_dct16_sve2_shared
Trace 0: 0x7f5750148480 [80081009311/0000000000400c40/00000001/00000201] dynopt_dct16_sve2_shared
Trace 0: 0x7f57501485c0 [80081009311/0000000000400c44/00000001/00000201] dynopt_dct16_sve2_shared
Trace 0: 0x7f5750148740 [80081009311/0000000000400c48/00000001/00000201] dynopt_dct16_sve2_shared
Trace 0: 0x7f57501488c0 [80081009311/0000000000400c4c/00000001/00000201] dynopt_dct16_sve2_shared
Trace 0: 0x7f5750148a00 [80081009311/0000000000400c50/00000001/00000201] dynopt_dct16_sve2_shared
Trace 0: 0x7f5750148bc0 [80081009311/0000000000400c54/00000001/00000201] dynopt_dct16_sve2_shared
Trace 0: 0x7f5750148d00 [80081009311/0000000000400c58/00000001/00000201] dynopt_dct16_sve2_shared
Trace 0: 0x7f5750148e80 [80081009311/0000000000400c5c/00000001/00000201] dynopt_dct16_sve2_shared
Trace 0: 0x7f5750147a40 [80081009311/0000000000400c20/00000001/00000201] dynopt_dct16_sve2_shared
Trace 0: 0x7f5750147bc0 [80081009311/0000000000400c24/00000001/00000201] dynopt_dct16_sve2_shared
Trace 0: 0x7f5750147d00 [80081009311/0000000000400c28/00000001/00000201] dynopt_dct16_sve2_shared
Trace 0: 0x7f5750147e40 [80081009311/0000000000400c2c/00000001/00000201] dynopt_dct16_sve2_shared
Trace 0: 0x7f5750147f80 [80081009311/0000000000400c30/00000001/00000201] dynopt_dct16_sve2_shared
Trace 0: 0x7f57501480c0 [80081009311/0000000000400c34/00000001/00000201] dynopt_dct16_sve2_shared
Trace 0: 0x7f5750148200 [80081009311/0000000000400c38/00000001/00000201] dynopt_dct16_sve2_shared
Trace 0: 0x7f5750148340 [80081009311/0000000000400c3c/00000001/00000201] dynopt_dct16_sve2_shared
Trace 0: 0x7f5750148480 [80081009311/0000000000400c40/00000001/00000201] dynopt_dct16_sve2_shared
Trace 0: 0x7f57501485c0 [80081009311/0000000000400c44/00000001/00000201] dynopt_dct16_sve2_shared
Trace 0: 0x7f5750148740 [80081009311/0000000000400c48/00000001/00000201] dynopt_dct16_sve2_shared
Trace 0: 0x7f57501488c0 [80081009311/0000000000400c4c/00000001/00000201] dynopt_dct16_sve2_shared
Trace 0: 0x7f5750148a00 [80081009311/0000000000400c50/00000001/00000201] dynopt_dct16_sve2_shared
Trace 0: 0x7f5750148bc0 [80081009311/0000000000400c54/00000001/00000201] dynopt_dct16_sve2_shared
Trace 0: 0x7f5750148d00 [80081009311/0000000000400c58/00000001/00000201] dynopt_dct16_sve2_shared
Trace 0: 0x7f5750148e80 [80081009311/0000000000400c5c/00000001/00000201] dynopt_dct16_sve2_shared
Trace 0: 0x7f5750147a40 [80081009311/0000000000400c20/00000001/00000201] dynopt_dct16_sve2_shared
Trace 0: 0x7f5750147bc0 [80081009311/0000000000400c24/00000001/00000201] dynopt_dct16_sve2_shared
Trace 0: 0x7f5750147d00 [80081009311/0000000000400c28/00000001/00000201] dynopt_dct16_sve2_shared
Trace 0: 0x7f5750147e40 [80081009311/0000000000400c2c/00000001/00000201] dynopt_dct16_sve2_shared
Trace 0: 0x7f5750147f80 [80081009311/0000000000400c30/00000001/00000201] dynopt_dct16_sve2_shared
Trace 0: 0x7f57501480c0 [80081009311/0000000000400c34/00000001/00000201] dynopt_dct16_sve2_shared
Trace 0: 0x7f5750148200 [80081009311/0000000000400c38/00000001/00000201] dynopt_dct16_sve2_shared
Trace 0: 0x7f5750148340 [80081009311/0000000000400c3c/00000001/00000201] dynopt_dct16_sve2_shared
Trace 0: 0x7f5750148480 [80081009311/0000000000400c40/00000001/00000201] dynopt_dct16_sve2_shared
Trace 0: 0x7f57501485c0 [80081009311/0000000000400c44/00000001/00000201] dynopt_dct16_sve2_shared
Trace 0: 0x7f5750148740 [80081009311/0000000000400c48/00000001/00000201] dynopt_dct16_sve2_shared
Trace 0: 0x7f57501488c0 [80081009311/0000000000400c4c/00000001/00000201] dynopt_dct16_sve2_shared
Trace 0: 0x7f5750148a00 [80081009311/0000000000400c50/00000001/00000201] dynopt_dct16_sve2_shared
Trace 0: 0x7f5750148bc0 [80081009311/0000000000400c54/00000001/00000201] dynopt_dct16_sve2_shared
Trace 0: 0x7f5750148d00 [80081009311/0000000000400c58/00000001/00000201] dynopt_dct16_sve2_shared
Trace 0: 0x7f5750148e80 [80081009311/0000000000400c5c/00000001/00000201] dynopt_dct16_sve2_shared
Trace 0: 0x7f5750147a40 [80081009311/0000000000400c20/00000001/00000201] dynopt_dct16_sve2_shared
Trace 0: 0x7f5750147bc0 [80081009311/0000000000400c24/00000001/00000201] dynopt_dct16_sve2_shared
Trace 0: 0x7f5750147d00 [80081009311/0000000000400c28/00000001/00000201] dynopt_dct16_sve2_shared
Trace 0: 0x7f5750147e40 [80081009311/0000000000400c2c/00000001/00000201] dynopt_dct16_sve2_shared
Trace 0: 0x7f5750147f80 [80081009311/0000000000400c30/00000001/00000201] dynopt_dct16_sve2_shared
Trace 0: 0x7f57501480c0 [80081009311/0000000000400c34/00000001/00000201] dynopt_dct16_sve2_shared
Trace 0: 0x7f5750148200 [80081009311/0000000000400c38/00000001/00000201] dynopt_dct16_sve2_shared
Trace 0: 0x7f5750148340 [80081009311/0000000000400c3c/00000001/00000201] dynopt_dct16_sve2_shared
Trace 0: 0x7f5750148480 [80081009311/0000000000400c40/00000001/00000201] dynopt_dct16_sve2_shared
Trace 0: 0x7f57501485c0 [80081009311/0000000000400c44/00000001/00000201] dynopt_dct16_sve2_shared
Trace 0: 0x7f5750148740 [80081009311/0000000000400c48/00000001/00000201] dynopt_dct16_sve2_shared
Trace 0: 0x7f57501488c0 [80081009311/0000000000400c4c/00000001/00000201] dynopt_dct16_sve2_shared
Trace 0: 0x7f5750148a00 [80081009311/0000000000400c50/00000001/00000201] dynopt_dct16_sve2_shared
Trace 0: 0x7f5750148bc0 [80081009311/0000000000400c54/00000001/00000201] dynopt_dct16_sve2_shared
Trace 0: 0x7f5750148d00 [80081009311/0000000000400c58/00000001/00000201] dynopt_dct16_sve2_shared
Trace 0: 0x7f5750148e80 [80081009311/0000000000400c5c/00000001/00000201] dynopt_dct16_sve2_shared
Trace 0: 0x7f5750147a40 [80081009311/0000000000400c20/00000001/00000201] dynopt_dct16_sve2_shared
Trace 0: 0x7f5750147bc0 [80081009311/0000000000400c24/00000001/00000201] dynopt_dct16_sve2_shared
Trace 0: 0x7f5750147d00 [80081009311/0000000000400c28/00000001/00000201] dynopt_dct16_sve2_shared
Trace 0: 0x7f5750147e40 [80081009311/0000000000400c2c/00000001/00000201] dynopt_dct16_sve2_shared
Trace 0: 0x7f5750147f80 [80081009311/0000000000400c30/00000001/00000201] dynopt_dct16_sve2_shared
Trace 0: 0x7f57501480c0 [80081009311/0000000000400c34/00000001/00000201] dynopt_dct16_sve2_shared
Trace 0: 0x7f5750148200 [80081009311/0000000000400c38/00000001/00000201] dynopt_dct16_sve2_shared
Trace 0: 0x7f5750148340 [80081009311/0000000000400c3c/00000001/00000201] dynopt_dct16_sve2_shared
Trace 0: 0x7f5750148480 [80081009311/0000000000400c40/00000001/00000201] dynopt_dct16_sve2_shared
Trace 0: 0x7f57501485c0 [80081009311/0000000000400c44/00000001/00000201] dynopt_dct16_sve2_shared
Trace 0: 0x7f5750148740 [80081009311/0000000000400c48/00000001/00000201] dynopt_dct16_sve2_shared
Trace 0: 0x7f57501488c0 [80081009311/0000000000400c4c/00000001/00000201] dynopt_dct16_sve2_shared
Trace 0: 0x7f5750148a00 [80081009311/0000000000400c50/00000001/00000201] dynopt_dct16_sve2_shared
Trace 0: 0x7f5750148bc0 [80081009311/0000000000400c54/00000001/00000201] dynopt_dct16_sve2_shared
Trace 0: 0x7f5750148d00 [80081009311/0000000000400c58/00000001/00000201] dynopt_dct16_sve2_shared
Trace 0: 0x7f5750148e80 [80081009311/0000000000400c5c/00000001/00000201] dynopt_dct16_sve2_shared
Trace 0: 0x7f5750147a40 [80081009311/0000000000400c20/00000001/00000201] dynopt_dct16_sve2_shared
Trace 0: 0x7f5750147bc0 [80081009311/0000000000400c24/00000001/00000201] dynopt_dct16_sve2_shared
Trace 0: 0x7f5750147d00 [80081009311/0000000000400c28/00000001/00000201] dynopt_dct16_sve2_shared
Trace 0: 0x7f5750147e40 [80081009311/0000000000400c2c/00000001/00000201] dynopt_dct16_sve2_shared
Trace 0: 0x7f5750147f80 [80081009311/0000000000400c30/00000001/00000201] dynopt_dct16_sve2_shared
Trace 0: 0x7f57501480c0 [80081009311/0000000000400c34/00000001/00000201] dynopt_dct16_sve2_shared
Trace 0: 0x7f5750148200 [80081009311/0000000000400c38/00000001/00000201] dynopt_dct16_sve2_shared
Trace 0: 0x7f5750148340 [80081009311/0000000000400c3c/00000001/00000201] dynopt_dct16_sve2_shared
Trace 0: 0x7f5750148480 [80081009311/0000000000400c40/00000001/00000201] dynopt_dct16_sve2_shared
Trace 0: 0x7f57501485c0 [80081009311/0000000000400c44/00000001/00000201] dynopt_dct16_sve2_shared
Trace 0: 0x7f5750148740 [80081009311/0000000000400c48/00000001/00000201] dynopt_dct16_sve2_shared
Trace 0: 0x7f57501488c0 [80081009311/0000000000400c4c/00000001/00000201] dynopt_dct16_sve2_shared
Trace 0: 0x7f5750148a00 [80081009311/0000000000400c50/00000001/00000201] dynopt_dct16_sve2_shared
Trace 0: 0x7f5750148bc0 [80081009311/0000000000400c54/00000001/00000201] dynopt_dct16_sve2_shared
Trace 0: 0x7f5750148d00 [80081009311/0000000000400c58/00000001/00000201] dynopt_dct16_sve2_shared
Trace 0: 0x7f5750148e80 [80081009311/0000000000400c5c/00000001/00000201] dynopt_dct16_sve2_shared
Trace 0: 0x7f5750147a40 [80081009311/0000000000400c20/00000001/00000201] dynopt_dct16_sve2_shared
Trace 0: 0x7f5750147bc0 [80081009311/0000000000400c24/00000001/00000201] dynopt_dct16_sve2_shared
Trace 0: 0x7f5750147d00 [80081009311/0000000000400c28/00000001/00000201] dynopt_dct16_sve2_shared
Trace 0: 0x7f5750147e40 [80081009311/0000000000400c2c/00000001/00000201] dynopt_dct16_sve2_shared
Trace 0: 0x7f5750147f80 [80081009311/0000000000400c30/00000001/00000201] dynopt_dct16_sve2_shared
Trace 0: 0x7f57501480c0 [80081009311/0000000000400c34/00000001/00000201] dynopt_dct16_sve2_shared
Trace 0: 0x7f5750148200 [80081009311/0000000000400c38/00000001/00000201] dynopt_dct16_sve2_shared
Trace 0: 0x7f5750148340 [80081009311/0000000000400c3c/00000001/00000201] dynopt_dct16_sve2_shared
Trace 0: 0x7f5750148480 [80081009311/0000000000400c40/00000001/00000201] dynopt_dct16_sve2_shared
Trace 0: 0x7f57501485c0 [80081009311/0000000000400c44/00000001/00000201] dynopt_dct16_sve2_shared
Trace 0: 0x7f5750148740 [80081009311/0000000000400c48/00000001/00000201] dynopt_dct16_sve2_shared
Trace 0: 0x7f57501488c0 [80081009311/0000000000400c4c/00000001/00000201] dynopt_dct16_sve2_shared
Trace 0: 0x7f5750148a00 [80081009311/0000000000400c50/00000001/00000201] dynopt_dct16_sve2_shared
Trace 0: 0x7f5750148bc0 [80081009311/0000000000400c54/00000001/00000201] dynopt_dct16_sve2_shared
Trace 0: 0x7f5750148d00 [80081009311/0000000000400c58/00000001/00000201] dynopt_dct16_sve2_shared
Trace 0: 0x7f5750148e80 [80081009311/0000000000400c5c/00000001/00000201] dynopt_dct16_sve2_shared
Trace 0: 0x7f5750148fc0 [80081009311/0000000000400c60/00000001/00000201] dynopt_dct16_sve2_shared
Trace 0: 0x7f5750149100 [80081009311/0000000000400c64/00000001/00000201] dynopt_dct16_sve2_shared
Trace 0: 0x7f5750149240 [80081009311/0000000000400c68/00000001/00000201] dynopt_dct16_sve2_shared
Trace 0: 0x7f57501493c0 [80081009311/0000000000400c6c/00000001/00000201] dynopt_dct16_sve2_shared
Trace 0: 0x7f5750149500 [80081009311/0000000000400c70/00000001/00000201] dynopt_dct16_sve2_shared
Trace 0: 0x7f5750149680 [80081009311/0000000000400c74/00000001/00000201] dynopt_dct16_sve2_shared
Trace 0: 0x7f57501497c0 [80081009311/0000000000400c78/00000001/00000201] dynopt_dct16_sve2_shared
Trace 0: 0x7f5750149900 [80081009311/0000000000400c7c/00000001/00000201] dynopt_dct16_sve2_shared
Trace 0: 0x7f5750149a40 [80081009311/0000000000400c80/00000001/00000201] dynopt_dct16_sve2_shared
Trace 0: 0x7f5750149b80 [80081009311/0000000000400c84/00000001/00000201] dynopt_dct16_sve2_shared
Trace 0: 0x7f5750149cc0 [80081009311/0000000000400c88/00000001/00000201] dynopt_dct16_sve2_shared
Trace 0: 0x7f5750149e00 [80081009311/0000000000400c8c/00000001/00000201] dynopt_dct16_sve2_shared
Trace 0: 0x7f5750149f40 [80081009311/0000000000400c90/00000001/00000201] dynopt_dct16_sve2_shared
Trace 0: 0x7f575014a100 [80081009311/0000000000400c94/00000001/00000201] dynopt_dct16_sve2_shared
Trace 0: 0x7f575014a240 [80081009311/0000000000400c98/00000001/00000201] dynopt_dct16_sve2_shared
Trace 0: 0x7f575014a3c0 [80081009311/0000000000400c9c/00000001/00000201] dynopt_dct16_sve2_shared
Trace 0: 0x7f575014a500 [80081009311/0000000000400ca0/00000001/00000201] dynopt_dct16_sve2_shared
Trace 0: 0x7f575014a640 [80081009311/0000000000400ca4/00000001/00000201] dynopt_dct16_sve2_shared
Trace 0: 0x7f575014a780 [80081009311/0000000000400ca8/00000001/00000201] dynopt_dct16_sve2_shared
Trace 0: 0x7f575014a8c0 [80081009311/0000000000400cac/00000001/00000201] dynopt_dct16_sve2_shared
Trace 0: 0x7f575014aa00 [80081009311/0000000000400cb0/00000001/00000201] dynopt_dct16_sve2_shared
Trace 0: 0x7f575014ab40 [80081009311/0000000000400cb4/00000001/00000201] dynopt_dct16_sve2_shared
Trace 0: 0x7f575014ac80 [80081009311/0000000000400cb8/00000001/00000201] dynopt_dct16_sve2_shared
Trace 0: 0x7f575014ae40 [80081009311/0000000000400cbc/00000001/00000201] dynopt_dct16_sve2_shared
Trace 0: 0x7f575014af80 [80081009311/0000000000400cc0/00000001/00000201] dynopt_dct16_sve2_shared
Trace 0: 0x7f575014b100 [80081009311/0000000000400cc4/00000001/00000201] dynopt_dct16_sve2_shared
Trace 0: 0x7f575014a240 [80081009311/0000000000400c98/00000001/00000201] dynopt_dct16_sve2_shared
Trace 0: 0x7f575014a3c0 [80081009311/0000000000400c9c/00000001/00000201] dynopt_dct16_sve2_shared
Trace 0: 0x7f575014a500 [80081009311/0000000000400ca0/00000001/00000201] dynopt_dct16_sve2_shared
Trace 0: 0x7f575014a640 [80081009311/0000000000400ca4/00000001/00000201] dynopt_dct16_sve2_shared
Trace 0: 0x7f575014a780 [80081009311/0000000000400ca8/00000001/00000201] dynopt_dct16_sve2_shared
Trace 0: 0x7f575014a8c0 [80081009311/0000000000400cac/00000001/00000201] dynopt_dct16_sve2_shared
Trace 0: 0x7f575014aa00 [80081009311/0000000000400cb0/00000001/00000201] dynopt_dct16_sve2_shared
Trace 0: 0x7f575014ab40 [80081009311/0000000000400cb4/00000001/00000201] dynopt_dct16_sve2_shared
Trace 0: 0x7f575014ac80 [80081009311/0000000000400cb8/00000001/00000201] dynopt_dct16_sve2_shared
Trace 0: 0x7f575014ae40 [80081009311/0000000000400cbc/00000001/00000201] dynopt_dct16_sve2_shared
Trace 0: 0x7f575014af80 [80081009311/0000000000400cc0/00000001/00000201] dynopt_dct16_sve2_shared
Trace 0: 0x7f575014b100 [80081009311/0000000000400cc4/00000001/00000201] dynopt_dct16_sve2_shared
Trace 0: 0x7f575014a240 [80081009311/0000000000400c98/00000001/00000201] dynopt_dct16_sve2_shared
Trace 0: 0x7f575014a3c0 [80081009311/0000000000400c9c/00000001/00000201] dynopt_dct16_sve2_shared
Trace 0: 0x7f575014a500 [80081009311/0000000000400ca0/00000001/00000201] dynopt_dct16_sve2_shared
Trace 0: 0x7f575014a640 [80081009311/0000000000400ca4/00000001/00000201] dynopt_dct16_sve2_shared
Trace 0: 0x7f575014a780 [80081009311/0000000000400ca8/00000001/00000201] dynopt_dct16_sve2_shared
Trace 0: 0x7f575014a8c0 [80081009311/0000000000400cac/00000001/00000201] dynopt_dct16_sve2_shared
Trace 0: 0x7f575014aa00 [80081009311/0000000000400cb0/00000001/00000201] dynopt_dct16_sve2_shared
Trace 0: 0x7f575014ab40 [80081009311/0000000000400cb4/00000001/00000201] dynopt_dct16_sve2_shared
Trace 0: 0x7f575014ac80 [80081009311/0000000000400cb8/00000001/00000201] dynopt_dct16_sve2_shared
Trace 0: 0x7f575014ae40 [80081009311/0000000000400cbc/00000001/00000201] dynopt_dct16_sve2_shared
Trace 0: 0x7f575014af80 [80081009311/0000000000400cc0/00000001/00000201] dynopt_dct16_sve2_shared
Trace 0: 0x7f575014b100 [80081009311/0000000000400cc4/00000001/00000201] dynopt_dct16_sve2_shared
Trace 0: 0x7f575014b240 [80081009311/0000000000400cc8/00000001/00000201] dynopt_dct16_sve2_shared
Trace 0: 0x7f575014b380 [80081009311/0000000000400ccc/00000001/00000201] dynopt_dct16_sve2_shared
Trace 0: 0x7f575014b4c0 [80081009311/0000000000400cd0/00000001/00000201] dynopt_dct16_sve2_shared
Trace 0: 0x7f575014b600 [80081009311/0000000000400cd4/00000001/00000201] dynopt_dct16_sve2_shared
Trace 0: 0x7f575014b740 [80081009311/0000000000400cd8/00000001/00000201] dynopt_dct16_sve2_shared
Trace 0: 0x7f575014b880 [80081009311/0000000000400cdc/00000001/00000201] dynopt_dct16_sve2_shared
Trace 0: 0x7f575014b9c0 [80081009311/0000000000400ce0/00000001/00000201] dynopt_dct16_sve2_shared
Trace 0: 0x7f575014bb00 [80081009311/0000000000400ce4/00000001/00000201] dynopt_dct16_sve2_shared
Trace 0: 0x7f575014bc40 [80081009311/0000000000400ce8/00000001/00000201] dynopt_dct16_sve2_shared
Trace 0: 0x7f575014bd80 [80081009311/0000000000400cec/00000001/00000201] dynopt_dct16_sve2_shared
Trace 0: 0x7f575014bec0 [80081009311/0000000000400cf0/00000001/00000201] dynopt_dct16_sve2_shared
Trace 0: 0x7f575014c000 [80081009311/0000000000400cf4/00000001/00000201] dynopt_dct16_sve2_shared
Trace 0: 0x7f575014c140 [80081009311/0000000000400cf8/00000001/00000201] dynopt_dct16_sve2_shared
Trace 0: 0x7f575014c280 [80081009311/0000000000400cfc/00000001/00000201] dynopt_dct16_sve2_shared
Trace 0: 0x7f575014c3c0 [80081009311/0000000000400d00/00000001/00000201] dynopt_dct16_sve2_shared
Trace 0: 0x7f575014c500 [80081009311/0000000000400d04/00000001/00000201] dynopt_dct16_sve2_shared
Trace 0: 0x7f575014c640 [80081009311/0000000000400d08/00000001/00000201] dynopt_dct16_sve2_shared
Trace 0: 0x7f575014c780 [80081009311/0000000000400d0c/00000001/00000201] dynopt_dct16_sve2_shared
Trace 0: 0x7f575014c8c0 [80081009311/0000000000400d10/00000001/00000201] dynopt_dct16_sve2_shared
Trace 0: 0x7f575014ca00 [80081009311/0000000000400d14/00000001/00000201] dynopt_dct16_sve2_shared
Trace 0: 0x7f575014cb40 [80081009311/0000000000400d18/00000001/00000201] dynopt_dct16_sve2_shared
Trace 0: 0x7f575014cc80 [80081009311/0000000000400d1c/00000001/00000201] dynopt_dct16_sve2_shared
Trace 0: 0x7f575014cdc0 [80081009311/0000000000400d20/00000001/00000201] dynopt_dct16_sve2_shared
Trace 0: 0x7f575014cf00 [80081009311/0000000000400d24/00000001/00000201] dynopt_dct16_sve2_shared
Trace 0: 0x7f575014d040 [80081009311/0000000000400d28/00000001/00000201] dynopt_dct16_sve2_shared
Trace 0: 0x7f575014d180 [80081009311/0000000000400d2c/00000001/00000201] dynopt_dct16_sve2_shared
Trace 0: 0x7f575014d2c0 [80081009311/0000000000400d30/00000001/00000201] dynopt_dct16_sve2_shared
Trace 0: 0x7f575014d400 [80081009311/0000000000400d34/00000001/00000201] dynopt_dct16_sve2_shared
Trace 0: 0x7f575014d540 [80081009311/0000000000400d38/00000001/00000201] dynopt_dct16_sve2_shared
Trace 0: 0x7f575014d700 [80081009311/0000000000400d3c/00000001/00000201] dynopt_dct16_sve2_shared
Trace 0: 0x7f575014d8c0 [80081009311/0000000000400d40/00000001/00000201] dynopt_dct16_sve2_shared
Trace 0: 0x7f575014da80 [80081009311/0000000000400d44/00000001/00000201] dynopt_dct16_sve2_shared
Trace 0: 0x7f575014dc40 [80081009311/0000000000400d48/00000001/00000201] dynopt_dct16_sve2_shared
Trace 0: 0x7f575014dd80 [80081009311/0000000000400d4c/00000001/00000201] dynopt_dct16_sve2_shared
Trace 0: 0x7f575014dec0 [80081009311/0000000000400d50/00000001/00000201] dynopt_dct16_sve2_shared
Trace 0: 0x7f575014e000 [80081009311/0000000000400d54/00000001/00000201] dynopt_dct16_sve2_shared
Trace 0: 0x7f575014e140 [80081009311/0000000000400d58/00000001/00000201] dynopt_dct16_sve2_shared
Trace 0: 0x7f575014e280 [80081009311/0000000000400d5c/00000001/00000201] dynopt_dct16_sve2_shared
Trace 0: 0x7f57501474c0 [80081009311/0000000000400c10/00000001/00000201] dynopt_dct16_sve2_shared
Trace 0: 0x7f5750147640 [80081009311/0000000000400c14/00000001/00000201] dynopt_dct16_sve2_shared
Trace 0: 0x7f5750147780 [80081009311/0000000000400c18/00000001/00000201] dynopt_dct16_sve2_shared
Trace 0: 0x7f5750147900 [80081009311/0000000000400c1c/00000001/00000201] dynopt_dct16_sve2_shared
Trace 0: 0x7f5750147a40 [80081009311/0000000000400c20/00000001/00000201] dynopt_dct16_sve2_shared
Trace 0: 0x7f5750147bc0 [80081009311/0000000000400c24/00000001/00000201] dynopt_dct16_sve2_shared
Trace 0: 0x7f5750147d00 [80081009311/0000000000400c28/00000001/00000201] dynopt_dct16_sve2_shared
Trace 0: 0x7f5750147e40 [80081009311/0000000000400c2c/00000001/00000201] dynopt_dct16_sve2_shared
Trace 0: 0x7f5750147f80 [80081009311/0000000000400c30/00000001/00000201] dynopt_dct16_sve2_shared
Trace 0: 0x7f57501480c0 [80081009311/0000000000400c34/00000001/00000201] dynopt_dct16_sve2_shared
Trace 0: 0x7f5750148200 [80081009311/0000000000400c38/00000001/00000201] dynopt_dct16_sve2_shared
Trace 0: 0x7f5750148340 [80081009311/0000000000400c3c/00000001/00000201] dynopt_dct16_sve2_shared
Trace 0: 0x7f5750148480 [80081009311/0000000000400c40/00000001/00000201] dynopt_dct16_sve2_shared
Trace 0: 0x7f57501485c0 [80081009311/0000000000400c44/00000001/00000201] dynopt_dct16_sve2_shared
Trace 0: 0x7f5750148740 [80081009311/0000000000400c48/00000001/00000201] dynopt_dct16_sve2_shared
Trace 0: 0x7f57501488c0 [80081009311/0000000000400c4c/00000001/00000201] dynopt_dct16_sve2_shared
Trace 0: 0x7f5750148a00 [80081009311/0000000000400c50/00000001/00000201] dynopt_dct16_sve2_shared
Trace 0: 0x7f5750148bc0 [80081009311/0000000000400c54/00000001/00000201] dynopt_dct16_sve2_shared
Trace 0: 0x7f5750148d00 [80081009311/0000000000400c58/00000001/00000201] dynopt_dct16_sve2_shared
Trace 0: 0x7f5750148e80 [80081009311/0000000000400c5c/00000001/00000201] dynopt_dct16_sve2_shared
Trace 0: 0x7f5750147a40 [80081009311/0000000000400c20/00000001/00000201] dynopt_dct16_sve2_shared
Trace 0: 0x7f5750147bc0 [80081009311/0000000000400c24/00000001/00000201] dynopt_dct16_sve2_shared
Trace 0: 0x7f5750147d00 [80081009311/0000000000400c28/00000001/00000201] dynopt_dct16_sve2_shared
Trace 0: 0x7f5750147e40 [80081009311/0000000000400c2c/00000001/00000201] dynopt_dct16_sve2_shared
Trace 0: 0x7f5750147f80 [80081009311/0000000000400c30/00000001/00000201] dynopt_dct16_sve2_shared
Trace 0: 0x7f57501480c0 [80081009311/0000000000400c34/00000001/00000201] dynopt_dct16_sve2_shared
Trace 0: 0x7f5750148200 [80081009311/0000000000400c38/00000001/00000201] dynopt_dct16_sve2_shared
Trace 0: 0x7f5750148340 [80081009311/0000000000400c3c/00000001/00000201] dynopt_dct16_sve2_shared
Trace 0: 0x7f5750148480 [80081009311/0000000000400c40/00000001/00000201] dynopt_dct16_sve2_shared
Trace 0: 0x7f57501485c0 [80081009311/0000000000400c44/00000001/00000201] dynopt_dct16_sve2_shared
Trace 0: 0x7f5750148740 [80081009311/0000000000400c48/00000001/00000201] dynopt_dct16_sve2_shared
Trace 0: 0x7f57501488c0 [80081009311/0000000000400c4c/00000001/00000201] dynopt_dct16_sve2_shared
Trace 0: 0x7f5750148a00 [80081009311/0000000000400c50/00000001/00000201] dynopt_dct16_sve2_shared
Trace 0: 0x7f5750148bc0 [80081009311/0000000000400c54/00000001/00000201] dynopt_dct16_sve2_shared
Trace 0: 0x7f5750148d00 [80081009311/0000000000400c58/00000001/00000201] dynopt_dct16_sve2_shared
Trace 0: 0x7f5750148e80 [80081009311/0000000000400c5c/00000001/00000201] dynopt_dct16_sve2_shared
Trace 0: 0x7f5750147a40 [80081009311/0000000000400c20/00000001/00000201] dynopt_dct16_sve2_shared
Trace 0: 0x7f5750147bc0 [80081009311/0000000000400c24/00000001/00000201] dynopt_dct16_sve2_shared
Trace 0: 0x7f5750147d00 [80081009311/0000000000400c28/00000001/00000201] dynopt_dct16_sve2_shared
Trace 0: 0x7f5750147e40 [80081009311/0000000000400c2c/00000001/00000201] dynopt_dct16_sve2_shared
Trace 0: 0x7f5750147f80 [80081009311/0000000000400c30/00000001/00000201] dynopt_dct16_sve2_shared
Trace 0: 0x7f57501480c0 [80081009311/0000000000400c34/00000001/00000201] dynopt_dct16_sve2_shared
Trace 0: 0x7f5750148200 [80081009311/0000000000400c38/00000001/00000201] dynopt_dct16_sve2_shared
Trace 0: 0x7f5750148340 [80081009311/0000000000400c3c/00000001/00000201] dynopt_dct16_sve2_shared
Trace 0: 0x7f5750148480 [80081009311/0000000000400c40/00000001/00000201] dynopt_dct16_sve2_shared
Trace 0: 0x7f57501485c0 [80081009311/0000000000400c44/00000001/00000201] dynopt_dct16_sve2_shared
Trace 0: 0x7f5750148740 [80081009311/0000000000400c48/00000001/00000201] dynopt_dct16_sve2_shared
Trace 0: 0x7f57501488c0 [80081009311/0000000000400c4c/00000001/00000201] dynopt_dct16_sve2_shared
Trace 0: 0x7f5750148a00 [80081009311/0000000000400c50/00000001/00000201] dynopt_dct16_sve2_shared
Trace 0: 0x7f5750148bc0 [80081009311/0000000000400c54/00000001/00000201] dynopt_dct16_sve2_shared
Trace 0: 0x7f5750148d00 [80081009311/0000000000400c58/00000001/00000201] dynopt_dct16_sve2_shared
Trace 0: 0x7f5750148e80 [80081009311/0000000000400c5c/00000001/00000201] dynopt_dct16_sve2_shared
Trace 0: 0x7f5750147a40 [80081009311/0000000000400c20/00000001/00000201] dynopt_dct16_sve2_shared
Trace 0: 0x7f5750147bc0 [80081009311/0000000000400c24/00000001/00000201] dynopt_dct16_sve2_shared
Trace 0: 0x7f5750147d00 [80081009311/0000000000400c28/00000001/00000201] dynopt_dct16_sve2_shared
Trace 0: 0x7f5750147e40 [80081009311/0000000000400c2c/00000001/00000201] dynopt_dct16_sve2_shared
Trace 0: 0x7f5750147f80 [80081009311/0000000000400c30/00000001/00000201] dynopt_dct16_sve2_shared
Trace 0: 0x7f57501480c0 [80081009311/0000000000400c34/00000001/00000201] dynopt_dct16_sve2_shared
Trace 0: 0x7f5750148200 [80081009311/0000000000400c38/00000001/00000201] dynopt_dct16_sve2_shared
Trace 0: 0x7f5750148340 [80081009311/0000000000400c3c/00000001/00000201] dynopt_dct16_sve2_shared
Trace 0: 0x7f5750148480 [80081009311/0000000000400c40/00000001/00000201] dynopt_dct16_sve2_shared
Trace 0: 0x7f57501485c0 [80081009311/0000000000400c44/00000001/00000201] dynopt_dct16_sve2_shared
Trace 0: 0x7f5750148740 [80081009311/0000000000400c48/00000001/00000201] dynopt_dct16_sve2_shared
Trace 0: 0x7f57501488c0 [80081009311/0000000000400c4c/00000001/00000201] dynopt_dct16_sve2_shared
Trace 0: 0x7f5750148a00 [80081009311/0000000000400c50/00000001/00000201] dynopt_dct16_sve2_shared
Trace 0: 0x7f5750148bc0 [80081009311/0000000000400c54/00000001/00000201] dynopt_dct16_sve2_shared
Trace 0: 0x7f5750148d00 [80081009311/0000000000400c58/00000001/00000201] dynopt_dct16_sve2_shared
Trace 0: 0x7f5750148e80 [80081009311/0000000000400c5c/00000001/00000201] dynopt_dct16_sve2_shared
Trace 0: 0x7f5750147a40 [80081009311/0000000000400c20/00000001/00000201] dynopt_dct16_sve2_shared
Trace 0: 0x7f5750147bc0 [80081009311/0000000000400c24/00000001/00000201] dynopt_dct16_sve2_shared
Trace 0: 0x7f5750147d00 [80081009311/0000000000400c28/00000001/00000201] dynopt_dct16_sve2_shared
Trace 0: 0x7f5750147e40 [80081009311/0000000000400c2c/00000001/00000201] dynopt_dct16_sve2_shared
Trace 0: 0x7f5750147f80 [80081009311/0000000000400c30/00000001/00000201] dynopt_dct16_sve2_shared
Trace 0: 0x7f57501480c0 [80081009311/0000000000400c34/00000001/00000201] dynopt_dct16_sve2_shared
Trace 0: 0x7f5750148200 [80081009311/0000000000400c38/00000001/00000201] dynopt_dct16_sve2_shared
Trace 0: 0x7f5750148340 [80081009311/0000000000400c3c/00000001/00000201] dynopt_dct16_sve2_shared
Trace 0: 0x7f5750148480 [80081009311/0000000000400c40/00000001/00000201] dynopt_dct16_sve2_shared
Trace 0: 0x7f57501485c0 [80081009311/0000000000400c44/00000001/00000201] dynopt_dct16_sve2_shared
Trace 0: 0x7f5750148740 [80081009311/0000000000400c48/00000001/00000201] dynopt_dct16_sve2_shared
Trace 0: 0x7f57501488c0 [80081009311/0000000000400c4c/00000001/00000201] dynopt_dct16_sve2_shared
Trace 0: 0x7f5750148a00 [80081009311/0000000000400c50/00000001/00000201] dynopt_dct16_sve2_shared
Trace 0: 0x7f5750148bc0 [80081009311/0000000000400c54/00000001/00000201] dynopt_dct16_sve2_shared
Trace 0: 0x7f5750148d00 [80081009311/0000000000400c58/00000001/00000201] dynopt_dct16_sve2_shared
Trace 0: 0x7f5750148e80 [80081009311/0000000000400c5c/00000001/00000201] dynopt_dct16_sve2_shared
Trace 0: 0x7f5750147a40 [80081009311/0000000000400c20/00000001/00000201] dynopt_dct16_sve2_shared
Trace 0: 0x7f5750147bc0 [80081009311/0000000000400c24/00000001/00000201] dynopt_dct16_sve2_shared
Trace 0: 0x7f5750147d00 [80081009311/0000000000400c28/00000001/00000201] dynopt_dct16_sve2_shared
Trace 0: 0x7f5750147e40 [80081009311/0000000000400c2c/00000001/00000201] dynopt_dct16_sve2_shared
Trace 0: 0x7f5750147f80 [80081009311/0000000000400c30/00000001/00000201] dynopt_dct16_sve2_shared
Trace 0: 0x7f57501480c0 [80081009311/0000000000400c34/00000001/00000201] dynopt_dct16_sve2_shared
Trace 0: 0x7f5750148200 [80081009311/0000000000400c38/00000001/00000201] dynopt_dct16_sve2_shared
Trace 0: 0x7f5750148340 [80081009311/0000000000400c3c/00000001/00000201] dynopt_dct16_sve2_shared
Trace 0: 0x7f5750148480 [80081009311/0000000000400c40/00000001/00000201] dynopt_dct16_sve2_shared
Trace 0: 0x7f57501485c0 [80081009311/0000000000400c44/00000001/00000201] dynopt_dct16_sve2_shared
Trace 0: 0x7f5750148740 [80081009311/0000000000400c48/00000001/00000201] dynopt_dct16_sve2_shared
Trace 0: 0x7f57501488c0 [80081009311/0000000000400c4c/00000001/00000201] dynopt_dct16_sve2_shared
Trace 0: 0x7f5750148a00 [80081009311/0000000000400c50/00000001/00000201] dynopt_dct16_sve2_shared
Trace 0: 0x7f5750148bc0 [80081009311/0000000000400c54/00000001/00000201] dynopt_dct16_sve2_shared
Trace 0: 0x7f5750148d00 [80081009311/0000000000400c58/00000001/00000201] dynopt_dct16_sve2_shared
Trace 0: 0x7f5750148e80 [80081009311/0000000000400c5c/00000001/00000201] dynopt_dct16_sve2_shared
Trace 0: 0x7f5750147a40 [80081009311/0000000000400c20/00000001/00000201] dynopt_dct16_sve2_shared
Trace 0: 0x7f5750147bc0 [80081009311/0000000000400c24/00000001/00000201] dynopt_dct16_sve2_shared
Trace 0: 0x7f5750147d00 [80081009311/0000000000400c28/00000001/00000201] dynopt_dct16_sve2_shared
Trace 0: 0x7f5750147e40 [80081009311/0000000000400c2c/00000001/00000201] dynopt_dct16_sve2_shared
Trace 0: 0x7f5750147f80 [80081009311/0000000000400c30/00000001/00000201] dynopt_dct16_sve2_shared
Trace 0: 0x7f57501480c0 [80081009311/0000000000400c34/00000001/00000201] dynopt_dct16_sve2_shared
Trace 0: 0x7f5750148200 [80081009311/0000000000400c38/00000001/00000201] dynopt_dct16_sve2_shared
Trace 0: 0x7f5750148340 [80081009311/0000000000400c3c/00000001/00000201] dynopt_dct16_sve2_shared
Trace 0: 0x7f5750148480 [80081009311/0000000000400c40/00000001/00000201] dynopt_dct16_sve2_shared
Trace 0: 0x7f57501485c0 [80081009311/0000000000400c44/00000001/00000201] dynopt_dct16_sve2_shared
Trace 0: 0x7f5750148740 [80081009311/0000000000400c48/00000001/00000201] dynopt_dct16_sve2_shared
Trace 0: 0x7f57501488c0 [80081009311/0000000000400c4c/00000001/00000201] dynopt_dct16_sve2_shared
Trace 0: 0x7f5750148a00 [80081009311/0000000000400c50/00000001/00000201] dynopt_dct16_sve2_shared
Trace 0: 0x7f5750148bc0 [80081009311/0000000000400c54/00000001/00000201] dynopt_dct16_sve2_shared
Trace 0: 0x7f5750148d00 [80081009311/0000000000400c58/00000001/00000201] dynopt_dct16_sve2_shared
Trace 0: 0x7f5750148e80 [80081009311/0000000000400c5c/00000001/00000201] dynopt_dct16_sve2_shared
Trace 0: 0x7f5750147a40 [80081009311/0000000000400c20/00000001/00000201] dynopt_dct16_sve2_shared
Trace 0: 0x7f5750147bc0 [80081009311/0000000000400c24/00000001/00000201] dynopt_dct16_sve2_shared
Trace 0: 0x7f5750147d00 [80081009311/0000000000400c28/00000001/00000201] dynopt_dct16_sve2_shared
Trace 0: 0x7f5750147e40 [80081009311/0000000000400c2c/00000001/00000201] dynopt_dct16_sve2_shared
Trace 0: 0x7f5750147f80 [80081009311/0000000000400c30/00000001/00000201] dynopt_dct16_sve2_shared
Trace 0: 0x7f57501480c0 [80081009311/0000000000400c34/00000001/00000201] dynopt_dct16_sve2_shared
Trace 0: 0x7f5750148200 [80081009311/0000000000400c38/00000001/00000201] dynopt_dct16_sve2_shared
Trace 0: 0x7f5750148340 [80081009311/0000000000400c3c/00000001/00000201] dynopt_dct16_sve2_shared
Trace 0: 0x7f5750148480 [80081009311/0000000000400c40/00000001/00000201] dynopt_dct16_sve2_shared
Trace 0: 0x7f57501485c0 [80081009311/0000000000400c44/00000001/00000201] dynopt_dct16_sve2_shared
Trace 0: 0x7f5750148740 [80081009311/0000000000400c48/00000001/00000201] dynopt_dct16_sve2_shared
Trace 0: 0x7f57501488c0 [80081009311/0000000000400c4c/00000001/00000201] dynopt_dct16_sve2_shared
Trace 0: 0x7f5750148a00 [80081009311/0000000000400c50/00000001/00000201] dynopt_dct16_sve2_shared
Trace 0: 0x7f5750148bc0 [80081009311/0000000000400c54/00000001/00000201] dynopt_dct16_sve2_shared
Trace 0: 0x7f5750148d00 [80081009311/0000000000400c58/00000001/00000201] dynopt_dct16_sve2_shared
Trace 0: 0x7f5750148e80 [80081009311/0000000000400c5c/00000001/00000201] dynopt_dct16_sve2_shared
Trace 0: 0x7f5750148fc0 [80081009311/0000000000400c60/00000001/00000201] dynopt_dct16_sve2_shared
Trace 0: 0x7f5750149100 [80081009311/0000000000400c64/00000001/00000201] dynopt_dct16_sve2_shared
Trace 0: 0x7f5750149240 [80081009311/0000000000400c68/00000001/00000201] dynopt_dct16_sve2_shared
Trace 0: 0x7f57501493c0 [80081009311/0000000000400c6c/00000001/00000201] dynopt_dct16_sve2_shared
Trace 0: 0x7f5750149500 [80081009311/0000000000400c70/00000001/00000201] dynopt_dct16_sve2_shared
Trace 0: 0x7f5750149680 [80081009311/0000000000400c74/00000001/00000201] dynopt_dct16_sve2_shared
Trace 0: 0x7f57501497c0 [80081009311/0000000000400c78/00000001/00000201] dynopt_dct16_sve2_shared
Trace 0: 0x7f5750149900 [80081009311/0000000000400c7c/00000001/00000201] dynopt_dct16_sve2_shared
Trace 0: 0x7f5750149a40 [80081009311/0000000000400c80/00000001/00000201] dynopt_dct16_sve2_shared
Trace 0: 0x7f5750149b80 [80081009311/0000000000400c84/00000001/00000201] dynopt_dct16_sve2_shared
Trace 0: 0x7f5750149cc0 [80081009311/0000000000400c88/00000001/00000201] dynopt_dct16_sve2_shared
Trace 0: 0x7f5750149e00 [80081009311/0000000000400c8c/00000001/00000201] dynopt_dct16_sve2_shared
Trace 0: 0x7f5750149f40 [80081009311/0000000000400c90/00000001/00000201] dynopt_dct16_sve2_shared
Trace 0: 0x7f575014a100 [80081009311/0000000000400c94/00000001/00000201] dynopt_dct16_sve2_shared
Trace 0: 0x7f575014a240 [80081009311/0000000000400c98/00000001/00000201] dynopt_dct16_sve2_shared
Trace 0: 0x7f575014a3c0 [80081009311/0000000000400c9c/00000001/00000201] dynopt_dct16_sve2_shared
Trace 0: 0x7f575014a500 [80081009311/0000000000400ca0/00000001/00000201] dynopt_dct16_sve2_shared
Trace 0: 0x7f575014a640 [80081009311/0000000000400ca4/00000001/00000201] dynopt_dct16_sve2_shared
Trace 0: 0x7f575014a780 [80081009311/0000000000400ca8/00000001/00000201] dynopt_dct16_sve2_shared
Trace 0: 0x7f575014a8c0 [80081009311/0000000000400cac/00000001/00000201] dynopt_dct16_sve2_shared
Trace 0: 0x7f575014aa00 [80081009311/0000000000400cb0/00000001/00000201] dynopt_dct16_sve2_shared
Trace 0: 0x7f575014ab40 [80081009311/0000000000400cb4/00000001/00000201] dynopt_dct16_sve2_shared
Trace 0: 0x7f575014ac80 [80081009311/0000000000400cb8/00000001/00000201] dynopt_dct16_sve2_shared
Trace 0: 0x7f575014ae40 [80081009311/0000000000400cbc/00000001/00000201] dynopt_dct16_sve2_shared
Trace 0: 0x7f575014af80 [80081009311/0000000000400cc0/00000001/00000201] dynopt_dct16_sve2_shared
Trace 0: 0x7f575014b100 [80081009311/0000000000400cc4/00000001/00000201] dynopt_dct16_sve2_shared
Trace 0: 0x7f575014a240 [80081009311/0000000000400c98/00000001/00000201] dynopt_dct16_sve2_shared
Trace 0: 0x7f575014a3c0 [80081009311/0000000000400c9c/00000001/00000201] dynopt_dct16_sve2_shared
Trace 0: 0x7f575014a500 [80081009311/0000000000400ca0/00000001/00000201] dynopt_dct16_sve2_shared
Trace 0: 0x7f575014a640 [80081009311/0000000000400ca4/00000001/00000201] dynopt_dct16_sve2_shared
Trace 0: 0x7f575014a780 [80081009311/0000000000400ca8/00000001/00000201] dynopt_dct16_sve2_shared
Trace 0: 0x7f575014a8c0 [80081009311/0000000000400cac/00000001/00000201] dynopt_dct16_sve2_shared
Trace 0: 0x7f575014aa00 [80081009311/0000000000400cb0/00000001/00000201] dynopt_dct16_sve2_shared
Trace 0: 0x7f575014ab40 [80081009311/0000000000400cb4/00000001/00000201] dynopt_dct16_sve2_shared
Trace 0: 0x7f575014ac80 [80081009311/0000000000400cb8/00000001/00000201] dynopt_dct16_sve2_shared
Trace 0: 0x7f575014ae40 [80081009311/0000000000400cbc/00000001/00000201] dynopt_dct16_sve2_shared
Trace 0: 0x7f575014af80 [80081009311/0000000000400cc0/00000001/00000201] dynopt_dct16_sve2_shared
Trace 0: 0x7f575014b100 [80081009311/0000000000400cc4/00000001/00000201] dynopt_dct16_sve2_shared
Trace 0: 0x7f575014a240 [80081009311/0000000000400c98/00000001/00000201] dynopt_dct16_sve2_shared
Trace 0: 0x7f575014a3c0 [80081009311/0000000000400c9c/00000001/00000201] dynopt_dct16_sve2_shared
Trace 0: 0x7f575014a500 [80081009311/0000000000400ca0/00000001/00000201] dynopt_dct16_sve2_shared
Trace 0: 0x7f575014a640 [80081009311/0000000000400ca4/00000001/00000201] dynopt_dct16_sve2_shared
Trace 0: 0x7f575014a780 [80081009311/0000000000400ca8/00000001/00000201] dynopt_dct16_sve2_shared
Trace 0: 0x7f575014a8c0 [80081009311/0000000000400cac/00000001/00000201] dynopt_dct16_sve2_shared
Trace 0: 0x7f575014aa00 [80081009311/0000000000400cb0/00000001/00000201] dynopt_dct16_sve2_shared
Trace 0: 0x7f575014ab40 [80081009311/0000000000400cb4/00000001/00000201] dynopt_dct16_sve2_shared
Trace 0: 0x7f575014ac80 [80081009311/0000000000400cb8/00000001/00000201] dynopt_dct16_sve2_shared
Trace 0: 0x7f575014ae40 [80081009311/0000000000400cbc/00000001/00000201] dynopt_dct16_sve2_shared
Trace 0: 0x7f575014af80 [80081009311/0000000000400cc0/00000001/00000201] dynopt_dct16_sve2_shared
Trace 0: 0x7f575014b100 [80081009311/0000000000400cc4/00000001/00000201] dynopt_dct16_sve2_shared
Trace 0: 0x7f575014b240 [80081009311/0000000000400cc8/00000001/00000201] dynopt_dct16_sve2_shared
Trace 0: 0x7f575014b380 [80081009311/0000000000400ccc/00000001/00000201] dynopt_dct16_sve2_shared
Trace 0: 0x7f575014b4c0 [80081009311/0000000000400cd0/00000001/00000201] dynopt_dct16_sve2_shared
Trace 0: 0x7f575014b600 [80081009311/0000000000400cd4/00000001/00000201] dynopt_dct16_sve2_shared
Trace 0: 0x7f575014b740 [80081009311/0000000000400cd8/00000001/00000201] dynopt_dct16_sve2_shared
Trace 0: 0x7f575014b880 [80081009311/0000000000400cdc/00000001/00000201] dynopt_dct16_sve2_shared
Trace 0: 0x7f575014b9c0 [80081009311/0000000000400ce0/00000001/00000201] dynopt_dct16_sve2_shared
Trace 0: 0x7f575014bb00 [80081009311/0000000000400ce4/00000001/00000201] dynopt_dct16_sve2_shared
Trace 0: 0x7f575014bc40 [80081009311/0000000000400ce8/00000001/00000201] dynopt_dct16_sve2_shared
Trace 0: 0x7f575014bd80 [80081009311/0000000000400cec/00000001/00000201] dynopt_dct16_sve2_shared
Trace 0: 0x7f575014bec0 [80081009311/0000000000400cf0/00000001/00000201] dynopt_dct16_sve2_shared
Trace 0: 0x7f575014c000 [80081009311/0000000000400cf4/00000001/00000201] dynopt_dct16_sve2_shared
Trace 0: 0x7f575014c140 [80081009311/0000000000400cf8/00000001/00000201] dynopt_dct16_sve2_shared
Trace 0: 0x7f575014c280 [80081009311/0000000000400cfc/00000001/00000201] dynopt_dct16_sve2_shared
Trace 0: 0x7f575014c3c0 [80081009311/0000000000400d00/00000001/00000201] dynopt_dct16_sve2_shared
Trace 0: 0x7f575014c500 [80081009311/0000000000400d04/00000001/00000201] dynopt_dct16_sve2_shared
Trace 0: 0x7f575014c640 [80081009311/0000000000400d08/00000001/00000201] dynopt_dct16_sve2_shared
Trace 0: 0x7f575014c780 [80081009311/0000000000400d0c/00000001/00000201] dynopt_dct16_sve2_shared
Trace 0: 0x7f575014c8c0 [80081009311/0000000000400d10/00000001/00000201] dynopt_dct16_sve2_shared
Trace 0: 0x7f575014ca00 [80081009311/0000000000400d14/00000001/00000201] dynopt_dct16_sve2_shared
Trace 0: 0x7f575014cb40 [80081009311/0000000000400d18/00000001/00000201] dynopt_dct16_sve2_shared
Trace 0: 0x7f575014cc80 [80081009311/0000000000400d1c/00000001/00000201] dynopt_dct16_sve2_shared
Trace 0: 0x7f575014cdc0 [80081009311/0000000000400d20/00000001/00000201] dynopt_dct16_sve2_shared
Trace 0: 0x7f575014cf00 [80081009311/0000000000400d24/00000001/00000201] dynopt_dct16_sve2_shared
Trace 0: 0x7f575014d040 [80081009311/0000000000400d28/00000001/00000201] dynopt_dct16_sve2_shared
Trace 0: 0x7f575014d180 [80081009311/0000000000400d2c/00000001/00000201] dynopt_dct16_sve2_shared
Trace 0: 0x7f575014d2c0 [80081009311/0000000000400d30/00000001/00000201] dynopt_dct16_sve2_shared
Trace 0: 0x7f575014d400 [80081009311/0000000000400d34/00000001/00000201] dynopt_dct16_sve2_shared
Trace 0: 0x7f575014d540 [80081009311/0000000000400d38/00000001/00000201] dynopt_dct16_sve2_shared
Trace 0: 0x7f575014d700 [80081009311/0000000000400d3c/00000001/00000201] dynopt_dct16_sve2_shared
Trace 0: 0x7f575014d8c0 [80081009311/0000000000400d40/00000001/00000201] dynopt_dct16_sve2_shared
Trace 0: 0x7f575014da80 [80081009311/0000000000400d44/00000001/00000201] dynopt_dct16_sve2_shared
Trace 0: 0x7f575014dc40 [80081009311/0000000000400d48/00000001/00000201] dynopt_dct16_sve2_shared
Trace 0: 0x7f575014dd80 [80081009311/0000000000400d4c/00000001/00000201] dynopt_dct16_sve2_shared
Trace 0: 0x7f575014dec0 [80081009311/0000000000400d50/00000001/00000201] dynopt_dct16_sve2_shared
Trace 0: 0x7f575014e000 [80081009311/0000000000400d54/00000001/00000201] dynopt_dct16_sve2_shared
Trace 0: 0x7f575014e140 [80081009311/0000000000400d58/00000001/00000201] dynopt_dct16_sve2_shared
Trace 0: 0x7f575014e280 [80081009311/0000000000400d5c/00000001/00000201] dynopt_dct16_sve2_shared
Trace 0: 0x7f57501474c0 [80081009311/0000000000400c10/00000001/00000201] dynopt_dct16_sve2_shared
Trace 0: 0x7f5750147640 [80081009311/0000000000400c14/00000001/00000201] dynopt_dct16_sve2_shared
Trace 0: 0x7f5750147780 [80081009311/0000000000400c18/00000001/00000201] dynopt_dct16_sve2_shared
Trace 0: 0x7f5750147900 [80081009311/0000000000400c1c/00000001/00000201] dynopt_dct16_sve2_shared
Trace 0: 0x7f5750147a40 [80081009311/0000000000400c20/00000001/00000201] dynopt_dct16_sve2_shared
Trace 0: 0x7f5750147bc0 [80081009311/0000000000400c24/00000001/00000201] dynopt_dct16_sve2_shared
Trace 0: 0x7f5750147d00 [80081009311/0000000000400c28/00000001/00000201] dynopt_dct16_sve2_shared
Trace 0: 0x7f5750147e40 [80081009311/0000000000400c2c/00000001/00000201] dynopt_dct16_sve2_shared
Trace 0: 0x7f5750147f80 [80081009311/0000000000400c30/00000001/00000201] dynopt_dct16_sve2_shared
Trace 0: 0x7f57501480c0 [80081009311/0000000000400c34/00000001/00000201] dynopt_dct16_sve2_shared
Trace 0: 0x7f5750148200 [80081009311/0000000000400c38/00000001/00000201] dynopt_dct16_sve2_shared
Trace 0: 0x7f5750148340 [80081009311/0000000000400c3c/00000001/00000201] dynopt_dct16_sve2_shared
Trace 0: 0x7f5750148480 [80081009311/0000000000400c40/00000001/00000201] dynopt_dct16_sve2_shared
Trace 0: 0x7f57501485c0 [80081009311/0000000000400c44/00000001/00000201] dynopt_dct16_sve2_shared
Trace 0: 0x7f5750148740 [80081009311/0000000000400c48/00000001/00000201] dynopt_dct16_sve2_shared
Trace 0: 0x7f57501488c0 [80081009311/0000000000400c4c/00000001/00000201] dynopt_dct16_sve2_shared
Trace 0: 0x7f5750148a00 [80081009311/0000000000400c50/00000001/00000201] dynopt_dct16_sve2_shared
Trace 0: 0x7f5750148bc0 [80081009311/0000000000400c54/00000001/00000201] dynopt_dct16_sve2_shared
Trace 0: 0x7f5750148d00 [80081009311/0000000000400c58/00000001/00000201] dynopt_dct16_sve2_shared
Trace 0: 0x7f5750148e80 [80081009311/0000000000400c5c/00000001/00000201] dynopt_dct16_sve2_shared
Trace 0: 0x7f5750147a40 [80081009311/0000000000400c20/00000001/00000201] dynopt_dct16_sve2_shared
Trace 0: 0x7f5750147bc0 [80081009311/0000000000400c24/00000001/00000201] dynopt_dct16_sve2_shared
Trace 0: 0x7f5750147d00 [80081009311/0000000000400c28/00000001/00000201] dynopt_dct16_sve2_shared
Trace 0: 0x7f5750147e40 [80081009311/0000000000400c2c/00000001/00000201] dynopt_dct16_sve2_shared
Trace 0: 0x7f5750147f80 [80081009311/0000000000400c30/00000001/00000201] dynopt_dct16_sve2_shared
Trace 0: 0x7f57501480c0 [80081009311/0000000000400c34/00000001/00000201] dynopt_dct16_sve2_shared
Trace 0: 0x7f5750148200 [80081009311/0000000000400c38/00000001/00000201] dynopt_dct16_sve2_shared
Trace 0: 0x7f5750148340 [80081009311/0000000000400c3c/00000001/00000201] dynopt_dct16_sve2_shared
Trace 0: 0x7f5750148480 [80081009311/0000000000400c40/00000001/00000201] dynopt_dct16_sve2_shared
Trace 0: 0x7f57501485c0 [80081009311/0000000000400c44/00000001/00000201] dynopt_dct16_sve2_shared
Trace 0: 0x7f5750148740 [80081009311/0000000000400c48/00000001/00000201] dynopt_dct16_sve2_shared
Trace 0: 0x7f57501488c0 [80081009311/0000000000400c4c/00000001/00000201] dynopt_dct16_sve2_shared
Trace 0: 0x7f5750148a00 [80081009311/0000000000400c50/00000001/00000201] dynopt_dct16_sve2_shared
Trace 0: 0x7f5750148bc0 [80081009311/0000000000400c54/00000001/00000201] dynopt_dct16_sve2_shared
Trace 0: 0x7f5750148d00 [80081009311/0000000000400c58/00000001/00000201] dynopt_dct16_sve2_shared
Trace 0: 0x7f5750148e80 [80081009311/0000000000400c5c/00000001/00000201] dynopt_dct16_sve2_shared
Trace 0: 0x7f5750147a40 [80081009311/0000000000400c20/00000001/00000201] dynopt_dct16_sve2_shared
Trace 0: 0x7f5750147bc0 [80081009311/0000000000400c24/00000001/00000201] dynopt_dct16_sve2_shared
Trace 0: 0x7f5750147d00 [80081009311/0000000000400c28/00000001/00000201] dynopt_dct16_sve2_shared
Trace 0: 0x7f5750147e40 [80081009311/0000000000400c2c/00000001/00000201] dynopt_dct16_sve2_shared
Trace 0: 0x7f5750147f80 [80081009311/0000000000400c30/00000001/00000201] dynopt_dct16_sve2_shared
Trace 0: 0x7f57501480c0 [80081009311/0000000000400c34/00000001/00000201] dynopt_dct16_sve2_shared
Trace 0: 0x7f5750148200 [80081009311/0000000000400c38/00000001/00000201] dynopt_dct16_sve2_shared
Trace 0: 0x7f5750148340 [80081009311/0000000000400c3c/00000001/00000201] dynopt_dct16_sve2_shared
Trace 0: 0x7f5750148480 [80081009311/0000000000400c40/00000001/00000201] dynopt_dct16_sve2_shared
Trace 0: 0x7f57501485c0 [80081009311/0000000000400c44/00000001/00000201] dynopt_dct16_sve2_shared
Trace 0: 0x7f5750148740 [80081009311/0000000000400c48/00000001/00000201] dynopt_dct16_sve2_shared
Trace 0: 0x7f57501488c0 [80081009311/0000000000400c4c/00000001/00000201] dynopt_dct16_sve2_shared
Trace 0: 0x7f5750148a00 [80081009311/0000000000400c50/00000001/00000201] dynopt_dct16_sve2_shared
Trace 0: 0x7f5750148bc0 [80081009311/0000000000400c54/00000001/00000201] dynopt_dct16_sve2_shared
Trace 0: 0x7f5750148d00 [80081009311/0000000000400c58/00000001/00000201] dynopt_dct16_sve2_shared
Trace 0: 0x7f5750148e80 [80081009311/0000000000400c5c/00000001/00000201] dynopt_dct16_sve2_shared
Trace 0: 0x7f5750147a40 [80081009311/0000000000400c20/00000001/00000201] dynopt_dct16_sve2_shared
Trace 0: 0x7f5750147bc0 [80081009311/0000000000400c24/00000001/00000201] dynopt_dct16_sve2_shared
Trace 0: 0x7f5750147d00 [80081009311/0000000000400c28/00000001/00000201] dynopt_dct16_sve2_shared
Trace 0: 0x7f5750147e40 [80081009311/0000000000400c2c/00000001/00000201] dynopt_dct16_sve2_shared
Trace 0: 0x7f5750147f80 [80081009311/0000000000400c30/00000001/00000201] dynopt_dct16_sve2_shared
Trace 0: 0x7f57501480c0 [80081009311/0000000000400c34/00000001/00000201] dynopt_dct16_sve2_shared
Trace 0: 0x7f5750148200 [80081009311/0000000000400c38/00000001/00000201] dynopt_dct16_sve2_shared
Trace 0: 0x7f5750148340 [80081009311/0000000000400c3c/00000001/00000201] dynopt_dct16_sve2_shared
Trace 0: 0x7f5750148480 [80081009311/0000000000400c40/00000001/00000201] dynopt_dct16_sve2_shared
Trace 0: 0x7f57501485c0 [80081009311/0000000000400c44/00000001/00000201] dynopt_dct16_sve2_shared
Trace 0: 0x7f5750148740 [80081009311/0000000000400c48/00000001/00000201] dynopt_dct16_sve2_shared
Trace 0: 0x7f57501488c0 [80081009311/0000000000400c4c/00000001/00000201] dynopt_dct16_sve2_shared
Trace 0: 0x7f5750148a00 [80081009311/0000000000400c50/00000001/00000201] dynopt_dct16_sve2_shared
Trace 0: 0x7f5750148bc0 [80081009311/0000000000400c54/00000001/00000201] dynopt_dct16_sve2_shared
Trace 0: 0x7f5750148d00 [80081009311/0000000000400c58/00000001/00000201] dynopt_dct16_sve2_shared
Trace 0: 0x7f5750148e80 [80081009311/0000000000400c5c/00000001/00000201] dynopt_dct16_sve2_shared
Trace 0: 0x7f5750147a40 [80081009311/0000000000400c20/00000001/00000201] dynopt_dct16_sve2_shared
Trace 0: 0x7f5750147bc0 [80081009311/0000000000400c24/00000001/00000201] dynopt_dct16_sve2_shared
Trace 0: 0x7f5750147d00 [80081009311/0000000000400c28/00000001/00000201] dynopt_dct16_sve2_shared
Trace 0: 0x7f5750147e40 [80081009311/0000000000400c2c/00000001/00000201] dynopt_dct16_sve2_shared
Trace 0: 0x7f5750147f80 [80081009311/0000000000400c30/00000001/00000201] dynopt_dct16_sve2_shared
Trace 0: 0x7f57501480c0 [80081009311/0000000000400c34/00000001/00000201] dynopt_dct16_sve2_shared
Trace 0: 0x7f5750148200 [80081009311/0000000000400c38/00000001/00000201] dynopt_dct16_sve2_shared
Trace 0: 0x7f5750148340 [80081009311/0000000000400c3c/00000001/00000201] dynopt_dct16_sve2_shared
Trace 0: 0x7f5750148480 [80081009311/0000000000400c40/00000001/00000201] dynopt_dct16_sve2_shared
Trace 0: 0x7f57501485c0 [80081009311/0000000000400c44/00000001/00000201] dynopt_dct16_sve2_shared
Trace 0: 0x7f5750148740 [80081009311/0000000000400c48/00000001/00000201] dynopt_dct16_sve2_shared
Trace 0: 0x7f57501488c0 [80081009311/0000000000400c4c/00000001/00000201] dynopt_dct16_sve2_shared
Trace 0: 0x7f5750148a00 [80081009311/0000000000400c50/00000001/00000201] dynopt_dct16_sve2_shared
Trace 0: 0x7f5750148bc0 [80081009311/0000000000400c54/00000001/00000201] dynopt_dct16_sve2_shared
Trace 0: 0x7f5750148d00 [80081009311/0000000000400c58/00000001/00000201] dynopt_dct16_sve2_shared
Trace 0: 0x7f5750148e80 [80081009311/0000000000400c5c/00000001/00000201] dynopt_dct16_sve2_shared
Trace 0: 0x7f5750147a40 [80081009311/0000000000400c20/00000001/00000201] dynopt_dct16_sve2_shared
Trace 0: 0x7f5750147bc0 [80081009311/0000000000400c24/00000001/00000201] dynopt_dct16_sve2_shared
Trace 0: 0x7f5750147d00 [80081009311/0000000000400c28/00000001/00000201] dynopt_dct16_sve2_shared
Trace 0: 0x7f5750147e40 [80081009311/0000000000400c2c/00000001/00000201] dynopt_dct16_sve2_shared
Trace 0: 0x7f5750147f80 [80081009311/0000000000400c30/00000001/00000201] dynopt_dct16_sve2_shared
Trace 0: 0x7f57501480c0 [80081009311/0000000000400c34/00000001/00000201] dynopt_dct16_sve2_shared
Trace 0: 0x7f5750148200 [80081009311/0000000000400c38/00000001/00000201] dynopt_dct16_sve2_shared
Trace 0: 0x7f5750148340 [80081009311/0000000000400c3c/00000001/00000201] dynopt_dct16_sve2_shared
Trace 0: 0x7f5750148480 [80081009311/0000000000400c40/00000001/00000201] dynopt_dct16_sve2_shared
Trace 0: 0x7f57501485c0 [80081009311/0000000000400c44/00000001/00000201] dynopt_dct16_sve2_shared
Trace 0: 0x7f5750148740 [80081009311/0000000000400c48/00000001/00000201] dynopt_dct16_sve2_shared
Trace 0: 0x7f57501488c0 [80081009311/0000000000400c4c/00000001/00000201] dynopt_dct16_sve2_shared
Trace 0: 0x7f5750148a00 [80081009311/0000000000400c50/00000001/00000201] dynopt_dct16_sve2_shared
Trace 0: 0x7f5750148bc0 [80081009311/0000000000400c54/00000001/00000201] dynopt_dct16_sve2_shared
Trace 0: 0x7f5750148d00 [80081009311/0000000000400c58/00000001/00000201] dynopt_dct16_sve2_shared
Trace 0: 0x7f5750148e80 [80081009311/0000000000400c5c/00000001/00000201] dynopt_dct16_sve2_shared
Trace 0: 0x7f5750147a40 [80081009311/0000000000400c20/00000001/00000201] dynopt_dct16_sve2_shared
Trace 0: 0x7f5750147bc0 [80081009311/0000000000400c24/00000001/00000201] dynopt_dct16_sve2_shared
Trace 0: 0x7f5750147d00 [80081009311/0000000000400c28/00000001/00000201] dynopt_dct16_sve2_shared
Trace 0: 0x7f5750147e40 [80081009311/0000000000400c2c/00000001/00000201] dynopt_dct16_sve2_shared
Trace 0: 0x7f5750147f80 [80081009311/0000000000400c30/00000001/00000201] dynopt_dct16_sve2_shared
Trace 0: 0x7f57501480c0 [80081009311/0000000000400c34/00000001/00000201] dynopt_dct16_sve2_shared
Trace 0: 0x7f5750148200 [80081009311/0000000000400c38/00000001/00000201] dynopt_dct16_sve2_shared
Trace 0: 0x7f5750148340 [80081009311/0000000000400c3c/00000001/00000201] dynopt_dct16_sve2_shared
Trace 0: 0x7f5750148480 [80081009311/0000000000400c40/00000001/00000201] dynopt_dct16_sve2_shared
Trace 0: 0x7f57501485c0 [80081009311/0000000000400c44/00000001/00000201] dynopt_dct16_sve2_shared
Trace 0: 0x7f5750148740 [80081009311/0000000000400c48/00000001/00000201] dynopt_dct16_sve2_shared
Trace 0: 0x7f57501488c0 [80081009311/0000000000400c4c/00000001/00000201] dynopt_dct16_sve2_shared
Trace 0: 0x7f5750148a00 [80081009311/0000000000400c50/00000001/00000201] dynopt_dct16_sve2_shared
Trace 0: 0x7f5750148bc0 [80081009311/0000000000400c54/00000001/00000201] dynopt_dct16_sve2_shared
Trace 0: 0x7f5750148d00 [80081009311/0000000000400c58/00000001/00000201] dynopt_dct16_sve2_shared
Trace 0: 0x7f5750148e80 [80081009311/0000000000400c5c/00000001/00000201] dynopt_dct16_sve2_shared
Trace 0: 0x7f5750147a40 [80081009311/0000000000400c20/00000001/00000201] dynopt_dct16_sve2_shared
Trace 0: 0x7f5750147bc0 [80081009311/0000000000400c24/00000001/00000201] dynopt_dct16_sve2_shared
Trace 0: 0x7f5750147d00 [80081009311/0000000000400c28/00000001/00000201] dynopt_dct16_sve2_shared
Trace 0: 0x7f5750147e40 [80081009311/0000000000400c2c/00000001/00000201] dynopt_dct16_sve2_shared
Trace 0: 0x7f5750147f80 [80081009311/0000000000400c30/00000001/00000201] dynopt_dct16_sve2_shared
Trace 0: 0x7f57501480c0 [80081009311/0000000000400c34/00000001/00000201] dynopt_dct16_sve2_shared
Trace 0: 0x7f5750148200 [80081009311/0000000000400c38/00000001/00000201] dynopt_dct16_sve2_shared
Trace 0: 0x7f5750148340 [80081009311/0000000000400c3c/00000001/00000201] dynopt_dct16_sve2_shared
Trace 0: 0x7f5750148480 [80081009311/0000000000400c40/00000001/00000201] dynopt_dct16_sve2_shared
Trace 0: 0x7f57501485c0 [80081009311/0000000000400c44/00000001/00000201] dynopt_dct16_sve2_shared
Trace 0: 0x7f5750148740 [80081009311/0000000000400c48/00000001/00000201] dynopt_dct16_sve2_shared
Trace 0: 0x7f57501488c0 [80081009311/0000000000400c4c/00000001/00000201] dynopt_dct16_sve2_shared
Trace 0: 0x7f5750148a00 [80081009311/0000000000400c50/00000001/00000201] dynopt_dct16_sve2_shared
Trace 0: 0x7f5750148bc0 [80081009311/0000000000400c54/00000001/00000201] dynopt_dct16_sve2_shared
Trace 0: 0x7f5750148d00 [80081009311/0000000000400c58/00000001/00000201] dynopt_dct16_sve2_shared
Trace 0: 0x7f5750148e80 [80081009311/0000000000400c5c/00000001/00000201] dynopt_dct16_sve2_shared
Trace 0: 0x7f5750148fc0 [80081009311/0000000000400c60/00000001/00000201] dynopt_dct16_sve2_shared
Trace 0: 0x7f5750149100 [80081009311/0000000000400c64/00000001/00000201] dynopt_dct16_sve2_shared
Trace 0: 0x7f5750149240 [80081009311/0000000000400c68/00000001/00000201] dynopt_dct16_sve2_shared
Trace 0: 0x7f57501493c0 [80081009311/0000000000400c6c/00000001/00000201] dynopt_dct16_sve2_shared
Trace 0: 0x7f5750149500 [80081009311/0000000000400c70/00000001/00000201] dynopt_dct16_sve2_shared
Trace 0: 0x7f5750149680 [80081009311/0000000000400c74/00000001/00000201] dynopt_dct16_sve2_shared
Trace 0: 0x7f57501497c0 [80081009311/0000000000400c78/00000001/00000201] dynopt_dct16_sve2_shared
Trace 0: 0x7f5750149900 [80081009311/0000000000400c7c/00000001/00000201] dynopt_dct16_sve2_shared
Trace 0: 0x7f5750149a40 [80081009311/0000000000400c80/00000001/00000201] dynopt_dct16_sve2_shared
Trace 0: 0x7f5750149b80 [80081009311/0000000000400c84/00000001/00000201] dynopt_dct16_sve2_shared
Trace 0: 0x7f5750149cc0 [80081009311/0000000000400c88/00000001/00000201] dynopt_dct16_sve2_shared
Trace 0: 0x7f5750149e00 [80081009311/0000000000400c8c/00000001/00000201] dynopt_dct16_sve2_shared
Trace 0: 0x7f5750149f40 [80081009311/0000000000400c90/00000001/00000201] dynopt_dct16_sve2_shared
Trace 0: 0x7f575014a100 [80081009311/0000000000400c94/00000001/00000201] dynopt_dct16_sve2_shared
Trace 0: 0x7f575014a240 [80081009311/0000000000400c98/00000001/00000201] dynopt_dct16_sve2_shared
Trace 0: 0x7f575014a3c0 [80081009311/0000000000400c9c/00000001/00000201] dynopt_dct16_sve2_shared
Trace 0: 0x7f575014a500 [80081009311/0000000000400ca0/00000001/00000201] dynopt_dct16_sve2_shared
Trace 0: 0x7f575014a640 [80081009311/0000000000400ca4/00000001/00000201] dynopt_dct16_sve2_shared
Trace 0: 0x7f575014a780 [80081009311/0000000000400ca8/00000001/00000201] dynopt_dct16_sve2_shared
Trace 0: 0x7f575014a8c0 [80081009311/0000000000400cac/00000001/00000201] dynopt_dct16_sve2_shared
Trace 0: 0x7f575014aa00 [80081009311/0000000000400cb0/00000001/00000201] dynopt_dct16_sve2_shared
Trace 0: 0x7f575014ab40 [80081009311/0000000000400cb4/00000001/00000201] dynopt_dct16_sve2_shared
Trace 0: 0x7f575014ac80 [80081009311/0000000000400cb8/00000001/00000201] dynopt_dct16_sve2_shared
Trace 0: 0x7f575014ae40 [80081009311/0000000000400cbc/00000001/00000201] dynopt_dct16_sve2_shared
Trace 0: 0x7f575014af80 [80081009311/0000000000400cc0/00000001/00000201] dynopt_dct16_sve2_shared
Trace 0: 0x7f575014b100 [80081009311/0000000000400cc4/00000001/00000201] dynopt_dct16_sve2_shared
Trace 0: 0x7f575014a240 [80081009311/0000000000400c98/00000001/00000201] dynopt_dct16_sve2_shared
Trace 0: 0x7f575014a3c0 [80081009311/0000000000400c9c/00000001/00000201] dynopt_dct16_sve2_shared
Trace 0: 0x7f575014a500 [80081009311/0000000000400ca0/00000001/00000201] dynopt_dct16_sve2_shared
Trace 0: 0x7f575014a640 [80081009311/0000000000400ca4/00000001/00000201] dynopt_dct16_sve2_shared
Trace 0: 0x7f575014a780 [80081009311/0000000000400ca8/00000001/00000201] dynopt_dct16_sve2_shared
Trace 0: 0x7f575014a8c0 [80081009311/0000000000400cac/00000001/00000201] dynopt_dct16_sve2_shared
Trace 0: 0x7f575014aa00 [80081009311/0000000000400cb0/00000001/00000201] dynopt_dct16_sve2_shared
Trace 0: 0x7f575014ab40 [80081009311/0000000000400cb4/00000001/00000201] dynopt_dct16_sve2_shared
Trace 0: 0x7f575014ac80 [80081009311/0000000000400cb8/00000001/00000201] dynopt_dct16_sve2_shared
Trace 0: 0x7f575014ae40 [80081009311/0000000000400cbc/00000001/00000201] dynopt_dct16_sve2_shared
Trace 0: 0x7f575014af80 [80081009311/0000000000400cc0/00000001/00000201] dynopt_dct16_sve2_shared
Trace 0: 0x7f575014b100 [80081009311/0000000000400cc4/00000001/00000201] dynopt_dct16_sve2_shared
Trace 0: 0x7f575014a240 [80081009311/0000000000400c98/00000001/00000201] dynopt_dct16_sve2_shared
Trace 0: 0x7f575014a3c0 [80081009311/0000000000400c9c/00000001/00000201] dynopt_dct16_sve2_shared
Trace 0: 0x7f575014a500 [80081009311/0000000000400ca0/00000001/00000201] dynopt_dct16_sve2_shared
Trace 0: 0x7f575014a640 [80081009311/0000000000400ca4/00000001/00000201] dynopt_dct16_sve2_shared
Trace 0: 0x7f575014a780 [80081009311/0000000000400ca8/00000001/00000201] dynopt_dct16_sve2_shared
Trace 0: 0x7f575014a8c0 [80081009311/0000000000400cac/00000001/00000201] dynopt_dct16_sve2_shared
Trace 0: 0x7f575014aa00 [80081009311/0000000000400cb0/00000001/00000201] dynopt_dct16_sve2_shared
Trace 0: 0x7f575014ab40 [80081009311/0000000000400cb4/00000001/00000201] dynopt_dct16_sve2_shared
Trace 0: 0x7f575014ac80 [80081009311/0000000000400cb8/00000001/00000201] dynopt_dct16_sve2_shared
Trace 0: 0x7f575014ae40 [80081009311/0000000000400cbc/00000001/00000201] dynopt_dct16_sve2_shared
Trace 0: 0x7f575014af80 [80081009311/0000000000400cc0/00000001/00000201] dynopt_dct16_sve2_shared
Trace 0: 0x7f575014b100 [80081009311/0000000000400cc4/00000001/00000201] dynopt_dct16_sve2_shared
Trace 0: 0x7f575014b240 [80081009311/0000000000400cc8/00000001/00000201] dynopt_dct16_sve2_shared
Trace 0: 0x7f575014b380 [80081009311/0000000000400ccc/00000001/00000201] dynopt_dct16_sve2_shared
Trace 0: 0x7f575014b4c0 [80081009311/0000000000400cd0/00000001/00000201] dynopt_dct16_sve2_shared
Trace 0: 0x7f575014b600 [80081009311/0000000000400cd4/00000001/00000201] dynopt_dct16_sve2_shared
Trace 0: 0x7f575014b740 [80081009311/0000000000400cd8/00000001/00000201] dynopt_dct16_sve2_shared
Trace 0: 0x7f575014b880 [80081009311/0000000000400cdc/00000001/00000201] dynopt_dct16_sve2_shared
Trace 0: 0x7f575014b9c0 [80081009311/0000000000400ce0/00000001/00000201] dynopt_dct16_sve2_shared
Trace 0: 0x7f575014bb00 [80081009311/0000000000400ce4/00000001/00000201] dynopt_dct16_sve2_shared
Trace 0: 0x7f575014bc40 [80081009311/0000000000400ce8/00000001/00000201] dynopt_dct16_sve2_shared
Trace 0: 0x7f575014bd80 [80081009311/0000000000400cec/00000001/00000201] dynopt_dct16_sve2_shared
Trace 0: 0x7f575014bec0 [80081009311/0000000000400cf0/00000001/00000201] dynopt_dct16_sve2_shared
Trace 0: 0x7f575014c000 [80081009311/0000000000400cf4/00000001/00000201] dynopt_dct16_sve2_shared
Trace 0: 0x7f575014c140 [80081009311/0000000000400cf8/00000001/00000201] dynopt_dct16_sve2_shared
Trace 0: 0x7f575014c280 [80081009311/0000000000400cfc/00000001/00000201] dynopt_dct16_sve2_shared
Trace 0: 0x7f575014c3c0 [80081009311/0000000000400d00/00000001/00000201] dynopt_dct16_sve2_shared
Trace 0: 0x7f575014c500 [80081009311/0000000000400d04/00000001/00000201] dynopt_dct16_sve2_shared
Trace 0: 0x7f575014c640 [80081009311/0000000000400d08/00000001/00000201] dynopt_dct16_sve2_shared
Trace 0: 0x7f575014c780 [80081009311/0000000000400d0c/00000001/00000201] dynopt_dct16_sve2_shared
Trace 0: 0x7f575014c8c0 [80081009311/0000000000400d10/00000001/00000201] dynopt_dct16_sve2_shared
Trace 0: 0x7f575014ca00 [80081009311/0000000000400d14/00000001/00000201] dynopt_dct16_sve2_shared
Trace 0: 0x7f575014cb40 [80081009311/0000000000400d18/00000001/00000201] dynopt_dct16_sve2_shared
Trace 0: 0x7f575014cc80 [80081009311/0000000000400d1c/00000001/00000201] dynopt_dct16_sve2_shared
Trace 0: 0x7f575014cdc0 [80081009311/0000000000400d20/00000001/00000201] dynopt_dct16_sve2_shared
Trace 0: 0x7f575014cf00 [80081009311/0000000000400d24/00000001/00000201] dynopt_dct16_sve2_shared
Trace 0: 0x7f575014d040 [80081009311/0000000000400d28/00000001/00000201] dynopt_dct16_sve2_shared
Trace 0: 0x7f575014d180 [80081009311/0000000000400d2c/00000001/00000201] dynopt_dct16_sve2_shared
Trace 0: 0x7f575014d2c0 [80081009311/0000000000400d30/00000001/00000201] dynopt_dct16_sve2_shared
Trace 0: 0x7f575014d400 [80081009311/0000000000400d34/00000001/00000201] dynopt_dct16_sve2_shared
Trace 0: 0x7f575014d540 [80081009311/0000000000400d38/00000001/00000201] dynopt_dct16_sve2_shared
Trace 0: 0x7f575014d700 [80081009311/0000000000400d3c/00000001/00000201] dynopt_dct16_sve2_shared
Trace 0: 0x7f575014d8c0 [80081009311/0000000000400d40/00000001/00000201] dynopt_dct16_sve2_shared
Trace 0: 0x7f575014da80 [80081009311/0000000000400d44/00000001/00000201] dynopt_dct16_sve2_shared
Trace 0: 0x7f575014dc40 [80081009311/0000000000400d48/00000001/00000201] dynopt_dct16_sve2_shared
Trace 0: 0x7f575014dd80 [80081009311/0000000000400d4c/00000001/00000201] dynopt_dct16_sve2_shared
Trace 0: 0x7f575014dec0 [80081009311/0000000000400d50/00000001/00000201] dynopt_dct16_sve2_shared
Trace 0: 0x7f575014e000 [80081009311/0000000000400d54/00000001/00000201] dynopt_dct16_sve2_shared
Trace 0: 0x7f575014e140 [80081009311/0000000000400d58/00000001/00000201] dynopt_dct16_sve2_shared
Trace 0: 0x7f575014e280 [80081009311/0000000000400d5c/00000001/00000201] dynopt_dct16_sve2_shared
----------------
IN: dynopt_dct16_sve2_shared
0x00400d60:  6d402fea  ldp      d10, d11, [sp]

Trace 0: 0x7f575014e3c0 [80081009311/0000000000400d60/00000001/00000201] dynopt_dct16_sve2_shared
----------------
IN: dynopt_dct16_sve2_shared
0x00400d64:  6d4137ec  ldp      d12, d13, [sp, #0x10]

Trace 0: 0x7f575014e540 [80081009311/0000000000400d64/00000001/00000201] dynopt_dct16_sve2_shared
----------------
IN: dynopt_dct16_sve2_shared
0x00400d68:  6d423fee  ldp      d14, d15, [sp, #0x20]

Trace 0: 0x7f575014e6c0 [80081009311/0000000000400d68/00000001/00000201] dynopt_dct16_sve2_shared
----------------
IN: dynopt_dct16_sve2_shared
0x00400d6c:  9114c3ff  add      sp, sp, #0x530

Trace 0: 0x7f575014e840 [80081009311/0000000000400d6c/00000001/00000201] dynopt_dct16_sve2_shared
----------------
IN: dynopt_dct16_sve2_shared
0x00400d70:  d65f03c0  ret      

Trace 0: 0x7f575014e980 [80081009311/0000000000400d70/00000001/00000201] dynopt_dct16_sve2_shared
----------------
IN: call_fini
0x00400d80:  a9be7bfd  stp      x29, x30, [sp, #-0x20]!

Trace 0: 0x7f5750156ac0 [80081009b11/0000000000400d80/00000001/00000201] call_fini
