----------------
IN: dynopt_dct16_neon_candidate
0x00400820:  d37ff845  lsl      x5, x2, #1

----------------
IN: dynopt_dct16_neon_candidate
0x00400824:  d11043ff  sub      sp, sp, #0x410

----------------
IN: dynopt_dct16_neon_candidate
0x00400828:  8b050003  add      x3, x0, x5

----------------
IN: dynopt_dct16_neon_candidate
0x0040082c:  f00002ab  adrp     x11, #0x457000

----------------
IN: dynopt_dct16_neon_candidate
0x00400830:  d37ef446  lsl      x6, x2, #2

----------------
IN: dynopt_dct16_neon_candidate
0x00400834:  8b0200a7  add      x7, x5, x2

----------------
IN: dynopt_dct16_neon_candidate
0x00400838:  6d0027e8  stp      d8, d9, [sp]

----------------
IN: dynopt_dct16_neon_candidate
0x0040083c:  8b060004  add      x4, x0, x6

----------------
IN: dynopt_dct16_neon_candidate
0x00400840:  6d012fea  stp      d10, d11, [sp, #0x10]

----------------
IN: dynopt_dct16_neon_candidate
0x00400844:  6d0237ec  stp      d12, d13, [sp, #0x20]

----------------
IN: dynopt_dct16_neon_candidate
0x00400848:  6d033fee  stp      d14, d15, [sp, #0x30]

----------------
IN: dynopt_dct16_neon_candidate
0x0040084c:  3dc0047b  ldr      q27, [x3, #0x10]

----------------
IN: dynopt_dct16_neon_candidate
0x00400850:  9100c163  add      x3, x11, #0x30

----------------
IN: dynopt_dct16_neon_candidate
0x00400854:  ad405c1c  ldp      q28, q23, [x0]

----------------
IN: dynopt_dct16_neon_candidate
0x00400858:  3dc00d7a  ldr      q26, [x11, #0x30]

----------------
IN: dynopt_dct16_neon_candidate
0x0040085c:  4e600afe  rev64    v30.8h, v23.8h

----------------
IN: dynopt_dct16_neon_candidate
0x00400860:  4e600b7f  rev64    v31.8h, v27.8h

----------------
IN: dynopt_dct16_neon_candidate
0x00400864:  3ce5681d  ldr      q29, [x0, x5]

----------------
IN: dynopt_dct16_neon_candidate
0x00400868:  4e1a02f7  tbl      v23.16b, {v23.16b}, v26.16b

----------------
IN: dynopt_dct16_neon_candidate
0x0040086c:  4e1a037b  tbl      v27.16b, {v27.16b}, v26.16b

----------------
IN: dynopt_dct16_neon_candidate
0x00400870:  4f10a7c4  sshll2   v4.4s, v30.8h, #0

----------------
IN: dynopt_dct16_neon_candidate
0x00400874:  4f10a7e7  sshll2   v7.4s, v31.8h, #0

----------------
IN: dynopt_dct16_neon_candidate
0x00400878:  0f10a7de  sshll    v30.4s, v30.4h, #0

----------------
IN: dynopt_dct16_neon_candidate
0x0040087c:  0f10a7ff  sshll    v31.4s, v31.4h, #0

----------------
IN: dynopt_dct16_neon_candidate
0x00400880:  0e7c1084  saddw    v4.4s, v4.4s, v28.4h

----------------
IN: dynopt_dct16_neon_candidate
0x00400884:  0e7d10e7  saddw    v7.4s, v7.4s, v29.4h

----------------
IN: dynopt_dct16_neon_candidate
0x00400888:  4e7c13de  saddw2   v30.4s, v30.4s, v28.8h

----------------
IN: dynopt_dct16_neon_candidate
0x0040088c:  4e7d13ff  saddw2   v31.4s, v31.4s, v29.8h

----------------
IN: dynopt_dct16_neon_candidate
0x00400890:  6e77879c  sub      v28.8h, v28.8h, v23.8h

----------------
IN: dynopt_dct16_neon_candidate
0x00400894:  6e7b87bd  sub      v29.8h, v29.8h, v27.8h

----------------
IN: dynopt_dct16_neon_candidate
0x00400898:  ad40dc7b  ldp      q27, q23, [x3, #0x10]

----------------
IN: dynopt_dct16_neon_candidate
0x0040089c:  4e1b03ff  tbl      v31.16b, {v31.16b}, v27.16b

----------------
IN: dynopt_dct16_neon_candidate
0x004008a0:  4e1b03de  tbl      v30.16b, {v30.16b}, v27.16b

----------------
IN: dynopt_dct16_neon_candidate
0x004008a4:  4ebf84f6  add      v22.4s, v7.4s, v31.4s

----------------
IN: dynopt_dct16_neon_candidate
0x004008a8:  4ebe848d  add      v13.4s, v4.4s, v30.4s

----------------
IN: dynopt_dct16_neon_candidate
0x004008ac:  6ebf84e7  sub      v7.4s, v7.4s, v31.4s

----------------
IN: dynopt_dct16_neon_candidate
0x004008b0:  6ebe849e  sub      v30.4s, v4.4s, v30.4s

----------------
IN: dynopt_dct16_neon_candidate
0x004008b4:  4eb61ed9  mov      v25.16b, v22.16b

----------------
IN: dynopt_dct16_neon_candidate
0x004008b8:  4ead1db8  mov      v24.16b, v13.16b

----------------
IN: dynopt_dct16_neon_candidate
0x004008bc:  4ed639bf  zip1     v31.2d, v13.2d, v22.2d

----------------
IN: dynopt_dct16_neon_candidate
0x004008c0:  3dc0048d  ldr      q13, [x4, #0x10]

----------------
IN: dynopt_dct16_neon_candidate
0x004008c4:  d37ff8e4  lsl      x4, x7, #1

----------------
IN: dynopt_dct16_neon_candidate
0x004008c8:  4e172318  tbl      v24.16b, {v24.16b, v25.16b}, v23.16b

----------------
IN: dynopt_dct16_neon_candidate
0x004008cc:  4eb887f9  add      v25.4s, v31.4s, v24.4s

----------------
IN: dynopt_dct16_neon_candidate
0x004008d0:  6eb887ff  sub      v31.4s, v31.4s, v24.4s

----------------
IN: dynopt_dct16_neon_candidate
0x004008d4:  4e6009b8  rev64    v24.8h, v13.8h

----------------
IN: dynopt_dct16_neon_candidate
0x004008d8:  4e1a01ad  tbl      v13.16b, {v13.16b}, v26.16b

----------------
IN: dynopt_dct16_neon_candidate
0x004008dc:  ad0ce7fe  stp      q30, q25, [sp, #0x190]

----------------
IN: dynopt_dct16_neon_candidate
0x004008e0:  4f10a706  sshll2   v6.4s, v24.8h, #0

----------------
IN: dynopt_dct16_neon_candidate
0x004008e4:  3d806fff  str      q31, [sp, #0x1b0]

----------------
IN: dynopt_dct16_neon_candidate
0x004008e8:  3ce4681f  ldr      q31, [x0, x4]

----------------
IN: dynopt_dct16_neon_candidate
0x004008ec:  8b040004  add      x4, x0, x4

----------------
IN: dynopt_dct16_neon_candidate
0x004008f0:  3ce6681e  ldr      q30, [x0, x6]

----------------
IN: dynopt_dct16_neon_candidate
0x004008f4:  8b0200c6  add      x6, x6, x2

----------------
IN: dynopt_dct16_neon_candidate
0x004008f8:  3dc00496  ldr      q22, [x4, #0x10]

----------------
IN: dynopt_dct16_neon_candidate
0x004008fc:  d37df044  lsl      x4, x2, #3

----------------
IN: dynopt_dct16_neon_candidate
0x00400900:  0f10a718  sshll    v24.4s, v24.4h, #0

----------------
IN: dynopt_dct16_neon_candidate
0x00400904:  8b040008  add      x8, x0, x4

----------------
IN: dynopt_dct16_neon_candidate
0x00400908:  0e7e10c6  saddw    v6.4s, v6.4s, v30.4h

----------------
IN: dynopt_dct16_neon_candidate
0x0040090c:  d37ff8c9  lsl      x9, x6, #1

----------------
IN: dynopt_dct16_neon_candidate
0x00400910:  4e600ad9  rev64    v25.8h, v22.8h

----------------
IN: dynopt_dct16_neon_candidate
0x00400914:  4e1a02d6  tbl      v22.16b, {v22.16b}, v26.16b

----------------
IN: dynopt_dct16_neon_candidate
0x00400918:  4e7e1318  saddw2   v24.4s, v24.4s, v30.8h

----------------
IN: dynopt_dct16_neon_candidate
0x0040091c:  6e6d87de  sub      v30.8h, v30.8h, v13.8h

----------------
IN: dynopt_dct16_neon_candidate
0x00400920:  4f10a725  sshll2   v5.4s, v25.8h, #0

----------------
IN: dynopt_dct16_neon_candidate
0x00400924:  0f10a739  sshll    v25.4s, v25.4h, #0

----------------
IN: dynopt_dct16_neon_candidate
0x00400928:  4e1b0318  tbl      v24.16b, {v24.16b}, v27.16b

----------------
IN: dynopt_dct16_neon_candidate
0x0040092c:  3ce9680a  ldr      q10, [x0, x9]

----------------
IN: dynopt_dct16_neon_candidate
0x00400930:  8b020129  add      x9, x9, x2

----------------
IN: dynopt_dct16_neon_candidate
0x00400934:  4e7f1339  saddw2   v25.4s, v25.4s, v31.8h

----------------
IN: dynopt_dct16_neon_candidate
0x00400938:  0e7f10a5  saddw    v5.4s, v5.4s, v31.4h

----------------
IN: dynopt_dct16_neon_candidate
0x0040093c:  8b090409  add      x9, x0, x9, lsl #1

----------------
IN: dynopt_dct16_neon_candidate
0x00400940:  6e7687ff  sub      v31.8h, v31.8h, v22.8h

----------------
IN: dynopt_dct16_neon_candidate
0x00400944:  4eb884d6  add      v22.4s, v6.4s, v24.4s

----------------
IN: dynopt_dct16_neon_candidate
0x00400948:  4e1b0339  tbl      v25.16b, {v25.16b}, v27.16b

----------------
IN: dynopt_dct16_neon_candidate
0x0040094c:  6eb884c6  sub      v6.4s, v6.4s, v24.4s

----------------
IN: dynopt_dct16_neon_candidate
0x00400950:  3ce46809  ldr      q9, [x0, x4]

----------------
IN: dynopt_dct16_neon_candidate
0x00400954:  4eb984ad  add      v13.4s, v5.4s, v25.4s

----------------
IN: dynopt_dct16_neon_candidate
0x00400958:  4eb61ece  mov      v14.16b, v22.16b

----------------
IN: dynopt_dct16_neon_candidate
0x0040095c:  6eb984a5  sub      v5.4s, v5.4s, v25.4s

----------------
IN: dynopt_dct16_neon_candidate
0x00400960:  4ead1daf  mov      v15.16b, v13.16b

----------------
IN: dynopt_dct16_neon_candidate
0x00400964:  4ecd3ad9  zip1     v25.2d, v22.2d, v13.2d

----------------
IN: dynopt_dct16_neon_candidate
0x00400968:  4e1721ce  tbl      v14.16b, {v14.16b, v15.16b}, v23.16b

----------------
IN: dynopt_dct16_neon_candidate
0x0040096c:  4eae8738  add      v24.4s, v25.4s, v14.4s

----------------
IN: dynopt_dct16_neon_candidate
0x00400970:  6eae8736  sub      v22.4s, v25.4s, v14.4s

----------------
IN: dynopt_dct16_neon_candidate
0x00400974:  3dc0050e  ldr      q14, [x8, #0x10]

----------------
IN: dynopt_dct16_neon_candidate
0x00400978:  8b060408  add      x8, x0, x6, lsl #1

----------------
IN: dynopt_dct16_neon_candidate
0x0040097c:  8b05010a  add      x10, x8, x5

----------------
IN: dynopt_dct16_neon_candidate
0x00400980:  8b060806  add      x6, x0, x6, lsl #2

----------------
IN: dynopt_dct16_neon_candidate
0x00400984:  3dc0050f  ldr      q15, [x8, #0x10]

----------------
IN: dynopt_dct16_neon_candidate
0x00400988:  3ce5690b  ldr      q11, [x8, x5]

----------------
IN: dynopt_dct16_neon_candidate
0x0040098c:  8b070808  add      x8, x0, x7, lsl #2

----------------
IN: dynopt_dct16_neon_candidate
0x00400990:  3cea68ac  ldr      q12, [x5, x10]

----------------
IN: dynopt_dct16_neon_candidate
0x00400994:  ad025bf8  stp      q24, q22, [sp, #0x40]

----------------
IN: dynopt_dct16_neon_candidate
0x00400998:  cb02008a  sub      x10, x4, x2

----------------
IN: dynopt_dct16_neon_candidate
0x0040099c:  4e6009f9  rev64    v25.8h, v15.8h

----------------
IN: dynopt_dct16_neon_candidate
0x004009a0:  8b020084  add      x4, x4, x2

----------------
IN: dynopt_dct16_neon_candidate
0x004009a4:  4e6009d8  rev64    v24.8h, v14.8h

----------------
IN: dynopt_dct16_neon_candidate
0x004009a8:  4e1a01ef  tbl      v15.16b, {v15.16b}, v26.16b

----------------
IN: dynopt_dct16_neon_candidate
0x004009ac:  4e1a01ce  tbl      v14.16b, {v14.16b}, v26.16b

----------------
IN: dynopt_dct16_neon_candidate
0x004009b0:  4f10a736  sshll2   v22.4s, v25.8h, #0

----------------
IN: dynopt_dct16_neon_candidate
0x004009b4:  4f10a70d  sshll2   v13.4s, v24.8h, #0

----------------
IN: dynopt_dct16_neon_candidate
0x004009b8:  0f10a739  sshll    v25.4s, v25.4h, #0

----------------
IN: dynopt_dct16_neon_candidate
0x004009bc:  0f10a718  sshll    v24.4s, v24.4h, #0

----------------
IN: dynopt_dct16_neon_candidate
0x004009c0:  0e6a12d6  saddw    v22.4s, v22.4s, v10.4h

----------------
IN: dynopt_dct16_neon_candidate
0x004009c4:  0e6911ad  saddw    v13.4s, v13.4s, v9.4h

----------------
IN: dynopt_dct16_neon_candidate
0x004009c8:  4e6a1339  saddw2   v25.4s, v25.4s, v10.8h

----------------
IN: dynopt_dct16_neon_candidate
0x004009cc:  4e691318  saddw2   v24.4s, v24.4s, v9.8h

----------------
IN: dynopt_dct16_neon_candidate
0x004009d0:  6e6f854a  sub      v10.8h, v10.8h, v15.8h

----------------
IN: dynopt_dct16_neon_candidate
0x004009d4:  6e6e8529  sub      v9.8h, v9.8h, v14.8h

----------------
IN: dynopt_dct16_neon_candidate
0x004009d8:  4e1b0339  tbl      v25.16b, {v25.16b}, v27.16b

----------------
IN: dynopt_dct16_neon_candidate
0x004009dc:  4e1b0318  tbl      v24.16b, {v24.16b}, v27.16b

----------------
IN: dynopt_dct16_neon_candidate
0x004009e0:  4eb986ce  add      v14.4s, v22.4s, v25.4s

----------------
IN: dynopt_dct16_neon_candidate
0x004009e4:  4eb885af  add      v15.4s, v13.4s, v24.4s

----------------
IN: dynopt_dct16_neon_candidate
0x004009e8:  6eb986d9  sub      v25.4s, v22.4s, v25.4s

----------------
IN: dynopt_dct16_neon_candidate
0x004009ec:  6eb885b8  sub      v24.4s, v13.4s, v24.4s

----------------
IN: dynopt_dct16_neon_candidate
0x004009f0:  4eae1dd3  mov      v19.16b, v14.16b

----------------
IN: dynopt_dct16_neon_candidate
0x004009f4:  4eaf1df2  mov      v18.16b, v15.16b

----------------
IN: dynopt_dct16_neon_candidate
0x004009f8:  ad0e67f8  stp      q24, q25, [sp, #0x1c0]

----------------
IN: dynopt_dct16_neon_candidate
0x004009fc:  4e172252  tbl      v18.16b, {v18.16b, v19.16b}, v23.16b

----------------
IN: dynopt_dct16_neon_candidate
0x00400a00:  4ece39f9  zip1     v25.2d, v15.2d, v14.2d

----------------
IN: dynopt_dct16_neon_candidate
0x00400a04:  4eb28733  add      v19.4s, v25.4s, v18.4s

----------------
IN: dynopt_dct16_neon_candidate
0x00400a08:  6eb28732  sub      v18.4s, v25.4s, v18.4s

----------------
IN: dynopt_dct16_neon_candidate
0x00400a0c:  ad0f4bf3  stp      q19, q18, [sp, #0x1e0]

----------------
IN: dynopt_dct16_neon_candidate
0x00400a10:  3dc00513  ldr      q19, [x8, #0x10]

----------------
IN: dynopt_dct16_neon_candidate
0x00400a14:  8b0a0408  add      x8, x0, x10, lsl #1

----------------
IN: dynopt_dct16_neon_candidate
0x00400a18:  8b0a080a  add      x10, x0, x10, lsl #2

----------------
IN: dynopt_dct16_neon_candidate
0x00400a1c:  3dc00516  ldr      q22, [x8, #0x10]

----------------
IN: dynopt_dct16_neon_candidate
0x00400a20:  d37cec48  lsl      x8, x2, #4

----------------
IN: dynopt_dct16_neon_candidate
0x00400a24:  4e600a78  rev64    v24.8h, v19.8h

----------------
IN: dynopt_dct16_neon_candidate
0x00400a28:  8b08000c  add      x12, x0, x8

----------------
IN: dynopt_dct16_neon_candidate
0x00400a2c:  4e1a0273  tbl      v19.16b, {v19.16b}, v26.16b

----------------
IN: dynopt_dct16_neon_candidate
0x00400a30:  4e600ad9  rev64    v25.8h, v22.8h

----------------
IN: dynopt_dct16_neon_candidate
0x00400a34:  4e1a02d6  tbl      v22.16b, {v22.16b}, v26.16b

----------------
IN: dynopt_dct16_neon_candidate
0x00400a38:  4f10a70f  sshll2   v15.4s, v24.8h, #0

----------------
IN: dynopt_dct16_neon_candidate
0x00400a3c:  0f10a718  sshll    v24.4s, v24.4h, #0

----------------
IN: dynopt_dct16_neon_candidate
0x00400a40:  4f10a732  sshll2   v18.4s, v25.8h, #0

----------------
IN: dynopt_dct16_neon_candidate
0x00400a44:  0f10a739  sshll    v25.4s, v25.4h, #0

----------------
IN: dynopt_dct16_neon_candidate
0x00400a48:  0e6b11ef  saddw    v15.4s, v15.4s, v11.4h

----------------
IN: dynopt_dct16_neon_candidate
0x00400a4c:  4e6b1318  saddw2   v24.4s, v24.4s, v11.8h

----------------
IN: dynopt_dct16_neon_candidate
0x00400a50:  0e6c1252  saddw    v18.4s, v18.4s, v12.4h

----------------
IN: dynopt_dct16_neon_candidate
0x00400a54:  4e6c1339  saddw2   v25.4s, v25.4s, v12.8h

----------------
IN: dynopt_dct16_neon_candidate
0x00400a58:  6e73856b  sub      v11.8h, v11.8h, v19.8h

----------------
IN: dynopt_dct16_neon_candidate
0x00400a5c:  4e1b0318  tbl      v24.16b, {v24.16b}, v27.16b

----------------
IN: dynopt_dct16_neon_candidate
0x00400a60:  6e76858c  sub      v12.8h, v12.8h, v22.8h

----------------
IN: dynopt_dct16_neon_candidate
0x00400a64:  4e1b0339  tbl      v25.16b, {v25.16b}, v27.16b

----------------
IN: dynopt_dct16_neon_candidate
0x00400a68:  3ce8680d  ldr      q13, [x0, x8]

----------------
IN: dynopt_dct16_neon_candidate
0x00400a6c:  cb020108  sub      x8, x8, x2

----------------
IN: dynopt_dct16_neon_candidate
0x00400a70:  4eb885f3  add      v19.4s, v15.4s, v24.4s

----------------
IN: dynopt_dct16_neon_candidate
0x00400a74:  4eb98656  add      v22.4s, v18.4s, v25.4s

----------------
IN: dynopt_dct16_neon_candidate
0x00400a78:  8b080408  add      x8, x0, x8, lsl #1

----------------
IN: dynopt_dct16_neon_candidate
0x00400a7c:  6eb98652  sub      v18.4s, v18.4s, v25.4s

----------------
IN: dynopt_dct16_neon_candidate
0x00400a80:  6eb885ef  sub      v15.4s, v15.4s, v24.4s

----------------
IN: dynopt_dct16_neon_candidate
0x00400a84:  4eb31e74  mov      v20.16b, v19.16b

----------------
IN: dynopt_dct16_neon_candidate
0x00400a88:  4eb61ed5  mov      v21.16b, v22.16b

----------------
IN: dynopt_dct16_neon_candidate
0x00400a8c:  4ed63a79  zip1     v25.2d, v19.2d, v22.2d

----------------
IN: dynopt_dct16_neon_candidate
0x00400a90:  ad104bef  stp      q15, q18, [sp, #0x200]

----------------
IN: dynopt_dct16_neon_candidate
0x00400a94:  4e172294  tbl      v20.16b, {v20.16b, v21.16b}, v23.16b

----------------
IN: dynopt_dct16_neon_candidate
0x00400a98:  4eb48735  add      v21.4s, v25.4s, v20.4s

----------------
IN: dynopt_dct16_neon_candidate
0x00400a9c:  6eb48734  sub      v20.4s, v25.4s, v20.4s

----------------
IN: dynopt_dct16_neon_candidate
0x00400aa0:  3d801bf4  str      q20, [sp, #0x60]

----------------
IN: dynopt_dct16_neon_candidate
0x00400aa4:  3d808bf5  str      q21, [sp, #0x220]

----------------
IN: dynopt_dct16_neon_candidate
0x00400aa8:  3dc00594  ldr      q20, [x12, #0x10]

----------------
IN: dynopt_dct16_neon_candidate
0x00400aac:  d37ff88c  lsl      x12, x4, #1

----------------
IN: dynopt_dct16_neon_candidate
0x00400ab0:  8b040404  add      x4, x0, x4, lsl #1

----------------
IN: dynopt_dct16_neon_candidate
0x00400ab4:  4e600a98  rev64    v24.8h, v20.8h

----------------
IN: dynopt_dct16_neon_candidate
0x00400ab8:  3dc00495  ldr      q21, [x4, #0x10]

----------------
IN: dynopt_dct16_neon_candidate
0x00400abc:  3cec680e  ldr      q14, [x0, x12]

----------------
IN: dynopt_dct16_neon_candidate
0x00400ac0:  8b05008c  add      x12, x4, x5

----------------
IN: dynopt_dct16_neon_candidate
0x00400ac4:  4e600ab9  rev64    v25.8h, v21.8h

----------------
IN: dynopt_dct16_neon_candidate
0x00400ac8:  4f10a713  sshll2   v19.4s, v24.8h, #0

----------------
IN: dynopt_dct16_neon_candidate
0x00400acc:  0f10a718  sshll    v24.4s, v24.4h, #0

----------------
IN: dynopt_dct16_neon_candidate
0x00400ad0:  4e1a0294  tbl      v20.16b, {v20.16b}, v26.16b

----------------
IN: dynopt_dct16_neon_candidate
0x00400ad4:  4f10a736  sshll2   v22.4s, v25.8h, #0

----------------
IN: dynopt_dct16_neon_candidate
0x00400ad8:  0f10a739  sshll    v25.4s, v25.4h, #0

----------------
IN: dynopt_dct16_neon_candidate
0x00400adc:  4e6d1318  saddw2   v24.4s, v24.4s, v13.8h

----------------
IN: dynopt_dct16_neon_candidate
0x00400ae0:  0e6d1273  saddw    v19.4s, v19.4s, v13.4h

----------------
IN: dynopt_dct16_neon_candidate
0x00400ae4:  0e6e12d6  saddw    v22.4s, v22.4s, v14.4h

----------------
IN: dynopt_dct16_neon_candidate
0x00400ae8:  4e6e1339  saddw2   v25.4s, v25.4s, v14.8h

----------------
IN: dynopt_dct16_neon_candidate
0x00400aec:  4e1b0318  tbl      v24.16b, {v24.16b}, v27.16b

----------------
IN: dynopt_dct16_neon_candidate
0x00400af0:  4e1a02b5  tbl      v21.16b, {v21.16b}, v26.16b

----------------
IN: dynopt_dct16_neon_candidate
0x00400af4:  6e7485ad  sub      v13.8h, v13.8h, v20.8h

----------------
IN: dynopt_dct16_neon_candidate
0x00400af8:  4e1b0339  tbl      v25.16b, {v25.16b}, v27.16b

----------------
IN: dynopt_dct16_neon_candidate
0x00400afc:  3ce5688f  ldr      q15, [x4, x5]

----------------
IN: dynopt_dct16_neon_candidate
0x00400b00:  8b050484  add      x4, x4, x5, lsl #1

----------------
IN: dynopt_dct16_neon_candidate
0x00400b04:  6e7585ce  sub      v14.8h, v14.8h, v21.8h

----------------
IN: dynopt_dct16_neon_candidate
0x00400b08:  4eb986d4  add      v20.4s, v22.4s, v25.4s

----------------
IN: dynopt_dct16_neon_candidate
0x00400b0c:  4eb88675  add      v21.4s, v19.4s, v24.4s

----------------
IN: dynopt_dct16_neon_candidate
0x00400b10:  6eb986d6  sub      v22.4s, v22.4s, v25.4s

----------------
IN: dynopt_dct16_neon_candidate
0x00400b14:  6eb88673  sub      v19.4s, v19.4s, v24.4s

----------------
IN: dynopt_dct16_neon_candidate
0x00400b18:  4eb41e91  mov      v17.16b, v20.16b

----------------
IN: dynopt_dct16_neon_candidate
0x00400b1c:  4eb51eb0  mov      v16.16b, v21.16b

----------------
IN: dynopt_dct16_neon_candidate
0x00400b20:  4ed43ab9  zip1     v25.2d, v21.2d, v20.2d

----------------
IN: dynopt_dct16_neon_candidate
0x00400b24:  3cec68b4  ldr      q20, [x5, x12]

----------------
IN: dynopt_dct16_neon_candidate
0x00400b28:  4e172210  tbl      v16.16b, {v16.16b, v17.16b}, v23.16b

----------------
IN: dynopt_dct16_neon_candidate
0x00400b2c:  3dc004d5  ldr      q21, [x6, #0x10]

----------------
IN: dynopt_dct16_neon_candidate
0x00400b30:  ad11dbf3  stp      q19, q22, [sp, #0x230]

----------------
IN: dynopt_dct16_neon_candidate
0x00400b34:  8b0400a6  add      x6, x5, x4

----------------
IN: dynopt_dct16_neon_candidate
0x00400b38:  4eb08731  add      v17.4s, v25.4s, v16.4s

----------------
IN: dynopt_dct16_neon_candidate
0x00400b3c:  6eb08730  sub      v16.4s, v25.4s, v16.4s

----------------
IN: dynopt_dct16_neon_candidate
0x00400b40:  4e600ab8  rev64    v24.8h, v21.8h

----------------
IN: dynopt_dct16_neon_candidate
0x00400b44:  4e1a02b5  tbl      v21.16b, {v21.16b}, v26.16b

----------------
IN: dynopt_dct16_neon_candidate
0x00400b48:  ad12c3f1  stp      q17, q16, [sp, #0x250]

----------------
IN: dynopt_dct16_neon_candidate
0x00400b4c:  3dc00536  ldr      q22, [x9, #0x10]

----------------
IN: dynopt_dct16_neon_candidate
0x00400b50:  8b070c09  add      x9, x0, x7, lsl #3

----------------
IN: dynopt_dct16_neon_candidate
0x00400b54:  4f10a712  sshll2   v18.4s, v24.8h, #0

----------------
IN: dynopt_dct16_neon_candidate
0x00400b58:  8b070847  add      x7, x2, x7, lsl #2

----------------
IN: dynopt_dct16_neon_candidate
0x00400b5c:  0f10a718  sshll    v24.4s, v24.4h, #0

----------------
IN: dynopt_dct16_neon_candidate
0x00400b60:  f00002a2  adrp     x2, #0x457000

----------------
IN: dynopt_dct16_neon_candidate
0x00400b64:  4e600ad9  rev64    v25.8h, v22.8h

----------------
IN: dynopt_dct16_neon_candidate
0x00400b68:  8b070407  add      x7, x0, x7, lsl #1

----------------
IN: dynopt_dct16_neon_candidate
0x00400b6c:  4e1a02d6  tbl      v22.16b, {v22.16b}, v26.16b

----------------
IN: dynopt_dct16_neon_candidate
0x00400b70:  f00002a0  adrp     x0, #0x457000

----------------
IN: dynopt_dct16_neon_candidate
0x00400b74:  0e6f1252  saddw    v18.4s, v18.4s, v15.4h

----------------
IN: dynopt_dct16_neon_candidate
0x00400b78:  4e6f1318  saddw2   v24.4s, v24.4s, v15.8h

----------------
IN: dynopt_dct16_neon_candidate
0x00400b7c:  4f10a733  sshll2   v19.4s, v25.8h, #0

----------------
IN: dynopt_dct16_neon_candidate
0x00400b80:  0f10a739  sshll    v25.4s, v25.4h, #0

----------------
IN: dynopt_dct16_neon_candidate
0x00400b84:  6e7585ef  sub      v15.8h, v15.8h, v21.8h

----------------
IN: dynopt_dct16_neon_candidate
0x00400b88:  4e1b0318  tbl      v24.16b, {v24.16b}, v27.16b

----------------
IN: dynopt_dct16_neon_candidate
0x00400b8c:  0e741273  saddw    v19.4s, v19.4s, v20.4h

----------------
IN: dynopt_dct16_neon_candidate
0x00400b90:  4e741339  saddw2   v25.4s, v25.4s, v20.8h

----------------
IN: dynopt_dct16_neon_candidate
0x00400b94:  6e768694  sub      v20.8h, v20.8h, v22.8h

----------------
IN: dynopt_dct16_neon_candidate
0x00400b98:  4eb88655  add      v21.4s, v18.4s, v24.4s

----------------
IN: dynopt_dct16_neon_candidate
0x00400b9c:  6eb88651  sub      v17.4s, v18.4s, v24.4s

----------------
IN: dynopt_dct16_neon_candidate
0x00400ba0:  4e1b0339  tbl      v25.16b, {v25.16b}, v27.16b

----------------
IN: dynopt_dct16_neon_candidate
0x00400ba4:  3dc00532  ldr      q18, [x9, #0x10]

----------------
IN: dynopt_dct16_neon_candidate
0x00400ba8:  4eb51ea2  mov      v2.16b, v21.16b

----------------
IN: dynopt_dct16_neon_candidate
0x00400bac:  4eb98676  add      v22.4s, v19.4s, v25.4s

----------------
IN: dynopt_dct16_neon_candidate
0x00400bb0:  6eb98670  sub      v16.4s, v19.4s, v25.4s

----------------
IN: dynopt_dct16_neon_candidate
0x00400bb4:  3dc004f3  ldr      q19, [x7, #0x10]

----------------
IN: dynopt_dct16_neon_candidate
0x00400bb8:  ad13c7f4  stp      q20, q17, [sp, #0x270]

----------------
IN: dynopt_dct16_neon_candidate
0x00400bbc:  fd403014  ldr      d20, [x0, #0x60]

----------------
IN: dynopt_dct16_neon_candidate
0x00400bc0:  4eb61ec3  mov      v3.16b, v22.16b

----------------
IN: dynopt_dct16_neon_candidate
0x00400bc4:  f00002a0  adrp     x0, #0x457000

----------------
IN: dynopt_dct16_neon_candidate
0x00400bc8:  4ed63ab9  zip1     v25.2d, v21.2d, v22.2d

----------------
IN: dynopt_dct16_neon_candidate
0x00400bcc:  4e172058  tbl      v24.16b, {v2.16b, v3.16b}, v23.16b

----------------
IN: dynopt_dct16_neon_candidate
0x00400bd0:  4eb88728  add      v8.4s, v25.4s, v24.4s

----------------
IN: dynopt_dct16_neon_candidate
0x00400bd4:  6eb88724  sub      v4.4s, v25.4s, v24.4s

----------------
IN: dynopt_dct16_neon_candidate
0x00400bd8:  4e600a79  rev64    v25.8h, v19.8h

----------------
IN: dynopt_dct16_neon_candidate
0x00400bdc:  4e600a58  rev64    v24.8h, v18.8h

----------------
IN: dynopt_dct16_neon_candidate
0x00400be0:  4e1a0273  tbl      v19.16b, {v19.16b}, v26.16b

----------------
IN: dynopt_dct16_neon_candidate
0x00400be4:  ad14a3f0  stp      q16, q8, [sp, #0x290]

----------------
IN: dynopt_dct16_neon_candidate
0x00400be8:  3ce468b0  ldr      q16, [x5, x4]

----------------
IN: dynopt_dct16_neon_candidate
0x00400bec:  8b050484  add      x4, x4, x5, lsl #1

----------------
IN: dynopt_dct16_neon_candidate
0x00400bf0:  3ce668b1  ldr      q17, [x5, x6]

----------------
IN: dynopt_dct16_neon_candidate
0x00400bf4:  8b0400a6  add      x6, x5, x4

----------------
IN: dynopt_dct16_neon_candidate
0x00400bf8:  4f10a736  sshll2   v22.4s, v25.8h, #0

----------------
IN: dynopt_dct16_neon_candidate
0x00400bfc:  4f10a715  sshll2   v21.4s, v24.8h, #0

----------------
IN: dynopt_dct16_neon_candidate
0x00400c00:  0f10a739  sshll    v25.4s, v25.4h, #0

----------------
IN: dynopt_dct16_neon_candidate
0x00400c04:  0f10a718  sshll    v24.4s, v24.4h, #0

----------------
IN: dynopt_dct16_neon_candidate
0x00400c08:  0e7112d6  saddw    v22.4s, v22.4s, v17.4h

----------------
IN: dynopt_dct16_neon_candidate
0x00400c0c:  4e1a0252  tbl      v18.16b, {v18.16b}, v26.16b

----------------
IN: dynopt_dct16_neon_candidate
0x00400c10:  4e711339  saddw2   v25.4s, v25.4s, v17.8h

----------------
IN: dynopt_dct16_neon_candidate
0x00400c14:  4e701318  saddw2   v24.4s, v24.4s, v16.8h

----------------
IN: dynopt_dct16_neon_candidate
0x00400c18:  0e7012b5  saddw    v21.4s, v21.4s, v16.4h

----------------
IN: dynopt_dct16_neon_candidate
0x00400c1c:  6e738631  sub      v17.8h, v17.8h, v19.8h

----------------
IN: dynopt_dct16_neon_candidate
0x00400c20:  4e1b0339  tbl      v25.16b, {v25.16b}, v27.16b

----------------
IN: dynopt_dct16_neon_candidate
0x00400c24:  4e1b0318  tbl      v24.16b, {v24.16b}, v27.16b

----------------
IN: dynopt_dct16_neon_candidate
0x00400c28:  6e728610  sub      v16.8h, v16.8h, v18.8h

----------------
IN: dynopt_dct16_neon_candidate
0x00400c2c:  4eb986d2  add      v18.4s, v22.4s, v25.4s

----------------
IN: dynopt_dct16_neon_candidate
0x00400c30:  4eb886b3  add      v19.4s, v21.4s, v24.4s

----------------
IN: dynopt_dct16_neon_candidate
0x00400c34:  6eb986c8  sub      v8.4s, v22.4s, v25.4s

----------------
IN: dynopt_dct16_neon_candidate
0x00400c38:  6eb886b5  sub      v21.4s, v21.4s, v24.4s

----------------
IN: dynopt_dct16_neon_candidate
0x00400c3c:  4eb21e41  mov      v1.16b, v18.16b

----------------
IN: dynopt_dct16_neon_candidate
0x00400c40:  4eb31e60  mov      v0.16b, v19.16b

----------------
IN: dynopt_dct16_neon_candidate
0x00400c44:  4ed23a79  zip1     v25.2d, v19.2d, v18.2d

----------------
IN: dynopt_dct16_neon_candidate
0x00400c48:  ad15d7e4  stp      q4, q21, [sp, #0x2b0]

----------------
IN: dynopt_dct16_neon_candidate
0x00400c4c:  4e172018  tbl      v24.16b, {v0.16b, v1.16b}, v23.16b

----------------
IN: dynopt_dct16_neon_candidate
0x00400c50:  3ce468b2  ldr      q18, [x5, x4]

----------------
IN: dynopt_dct16_neon_candidate
0x00400c54:  4eb88723  add      v3.4s, v25.4s, v24.4s

----------------
IN: dynopt_dct16_neon_candidate
0x00400c58:  6eb88720  sub      v0.4s, v25.4s, v24.4s

----------------
IN: dynopt_dct16_neon_candidate
0x00400c5c:  ad168fe8  stp      q8, q3, [sp, #0x2d0]

----------------
IN: dynopt_dct16_neon_candidate
0x00400c60:  3dc00543  ldr      q3, [x10, #0x10]

----------------
IN: dynopt_dct16_neon_candidate
0x00400c64:  3ce668b3  ldr      q19, [x5, x6]

----------------
IN: dynopt_dct16_neon_candidate
0x00400c68:  4e600878  rev64    v24.8h, v3.8h

----------------
IN: dynopt_dct16_neon_candidate
0x00400c6c:  4e1a0063  tbl      v3.16b, {v3.16b}, v26.16b

----------------
IN: dynopt_dct16_neon_candidate
0x00400c70:  4f10a715  sshll2   v21.4s, v24.8h, #0

----------------
IN: dynopt_dct16_neon_candidate
0x00400c74:  0f10a718  sshll    v24.4s, v24.4h, #0

----------------
IN: dynopt_dct16_neon_candidate
0x00400c78:  0e7212b5  saddw    v21.4s, v21.4s, v18.4h

----------------
IN: dynopt_dct16_neon_candidate
0x00400c7c:  4e721318  saddw2   v24.4s, v24.4s, v18.8h

----------------
IN: dynopt_dct16_neon_candidate
0x00400c80:  6e638652  sub      v18.8h, v18.8h, v3.8h

----------------
IN: dynopt_dct16_neon_candidate
0x00400c84:  4e1b0318  tbl      v24.16b, {v24.16b}, v27.16b

----------------
IN: dynopt_dct16_neon_candidate
0x00400c88:  6eb886a4  sub      v4.4s, v21.4s, v24.4s

----------------
IN: dynopt_dct16_neon_candidate
0x00400c8c:  ad1793e0  stp      q0, q4, [sp, #0x2f0]

----------------
IN: dynopt_dct16_neon_candidate
0x00400c90:  fd405864  ldr      d4, [x3, #0xb0]

----------------
IN: dynopt_dct16_neon_candidate
0x00400c94:  3dc00508  ldr      q8, [x8, #0x10]

----------------
IN: dynopt_dct16_neon_candidate
0x00400c98:  4e600919  rev64    v25.8h, v8.8h

----------------
IN: dynopt_dct16_neon_candidate
0x00400c9c:  4e1a0108  tbl      v8.16b, {v8.16b}, v26.16b

----------------
IN: dynopt_dct16_neon_candidate
0x00400ca0:  4eb886ba  add      v26.4s, v21.4s, v24.4s

----------------
IN: dynopt_dct16_neon_candidate
0x00400ca4:  3dc01075  ldr      q21, [x3, #0x40]

----------------
IN: dynopt_dct16_neon_candidate
0x00400ca8:  4f10a736  sshll2   v22.4s, v25.8h, #0

----------------
IN: dynopt_dct16_neon_candidate
0x00400cac:  0f10a739  sshll    v25.4s, v25.4h, #0

----------------
IN: dynopt_dct16_neon_candidate
0x00400cb0:  4e7cc2b8  smull2   v24.4s, v21.8h, v28.8h

----------------
IN: dynopt_dct16_neon_candidate
0x00400cb4:  0e7312d6  saddw    v22.4s, v22.4s, v19.4h

----------------
IN: dynopt_dct16_neon_candidate
0x00400cb8:  4e731339  saddw2   v25.4s, v25.4s, v19.8h

----------------
IN: dynopt_dct16_neon_candidate
0x00400cbc:  0e7c8298  smlal    v24.4s, v20.4h, v28.4h

----------------
IN: dynopt_dct16_neon_candidate
0x00400cc0:  6e688673  sub      v19.8h, v19.8h, v8.8h

----------------
IN: dynopt_dct16_neon_candidate
0x00400cc4:  4e1b0339  tbl      v25.16b, {v25.16b}, v27.16b

----------------
IN: dynopt_dct16_neon_candidate
0x00400cc8:  4eb986db  add      v27.4s, v22.4s, v25.4s

----------------
IN: dynopt_dct16_neon_candidate
0x00400ccc:  6eb986c3  sub      v3.4s, v22.4s, v25.4s

----------------
IN: dynopt_dct16_neon_candidate
0x00400cd0:  3dc01876  ldr      q22, [x3, #0x60]

----------------
IN: dynopt_dct16_neon_candidate
0x00400cd4:  4edb3b59  zip1     v25.2d, v26.2d, v27.2d

----------------
IN: dynopt_dct16_neon_candidate
0x00400cd8:  ad03effa  stp      q26, q27, [sp, #0x70]

----------------
IN: dynopt_dct16_neon_candidate
0x00400cdc:  ad43effa  ldp      q26, q27, [sp, #0x70]

----------------
IN: dynopt_dct16_neon_candidate
0x00400ce0:  4e17235b  tbl      v27.16b, {v26.16b, v27.16b}, v23.16b

----------------
IN: dynopt_dct16_neon_candidate
0x00400ce4:  3dc02077  ldr      q23, [x3, #0x80]

----------------
IN: dynopt_dct16_neon_candidate
0x00400ce8:  4ebb873a  add      v26.4s, v25.4s, v27.4s

----------------
IN: dynopt_dct16_neon_candidate
0x00400cec:  6ebb873b  sub      v27.4s, v25.4s, v27.4s

----------------
IN: dynopt_dct16_neon_candidate
0x00400cf0:  4e7fc2b9  smull2   v25.4s, v21.8h, v31.8h

----------------
IN: dynopt_dct16_neon_candidate
0x00400cf4:  3d801ffa  str      q26, [sp, #0x70]

----------------
IN: dynopt_dct16_neon_candidate
0x00400cf8:  4e7ec2ba  smull2   v26.4s, v21.8h, v30.8h

----------------
IN: dynopt_dct16_neon_candidate
0x00400cfc:  ad18efe3  stp      q3, q27, [sp, #0x310]

----------------
IN: dynopt_dct16_neon_candidate
0x00400d00:  4e7dc2bb  smull2   v27.4s, v21.8h, v29.8h

----------------
IN: dynopt_dct16_neon_candidate
0x00400d04:  0e7f8299  smlal    v25.4s, v20.4h, v31.4h

----------------
IN: dynopt_dct16_neon_candidate
0x00400d08:  0e7e829a  smlal    v26.4s, v20.4h, v30.4h

----------------
IN: dynopt_dct16_neon_candidate
0x00400d0c:  0e7d829b  smlal    v27.4s, v20.4h, v29.4h

----------------
IN: dynopt_dct16_neon_candidate
0x00400d10:  fd404014  ldr      d20, [x0, #0x80]

----------------
IN: dynopt_dct16_neon_candidate
0x00400d14:  f00002a0  adrp     x0, #0x457000

----------------
IN: dynopt_dct16_neon_candidate
0x00400d18:  4eb9bf5a  addp     v26.4s, v26.4s, v25.4s

----------------
IN: dynopt_dct16_neon_candidate
0x00400d1c:  4e7fc2d9  smull2   v25.4s, v22.8h, v31.8h

----------------
IN: dynopt_dct16_neon_candidate
0x00400d20:  4ebbbf1b  addp     v27.4s, v24.4s, v27.4s

----------------
IN: dynopt_dct16_neon_candidate
0x00400d24:  4e7cc2d8  smull2   v24.4s, v22.8h, v28.8h

----------------
IN: dynopt_dct16_neon_candidate
0x00400d28:  0e7f8299  smlal    v25.4s, v20.4h, v31.4h

----------------
IN: dynopt_dct16_neon_candidate
0x00400d2c:  4ebabf7b  addp     v27.4s, v27.4s, v26.4s

----------------
IN: dynopt_dct16_neon_candidate
0x00400d30:  4e7ec2da  smull2   v26.4s, v22.8h, v30.8h

----------------
IN: dynopt_dct16_neon_candidate
0x00400d34:  0e7c8298  smlal    v24.4s, v20.4h, v28.4h

----------------
IN: dynopt_dct16_neon_candidate
0x00400d38:  0f1d8f7b  rshrn    v27.4h, v27.4s, #3

----------------
IN: dynopt_dct16_neon_candidate
0x00400d3c:  0e7e829a  smlal    v26.4s, v20.4h, v30.4h

----------------
IN: dynopt_dct16_neon_candidate
0x00400d40:  fd019bfb  str      d27, [sp, #0x330]

----------------
IN: dynopt_dct16_neon_candidate
0x00400d44:  4e7dc2db  smull2   v27.4s, v22.8h, v29.8h

----------------
IN: dynopt_dct16_neon_candidate
0x00400d48:  4eb9bf5a  addp     v26.4s, v26.4s, v25.4s

----------------
IN: dynopt_dct16_neon_candidate
0x00400d4c:  4e7fc2f9  smull2   v25.4s, v23.8h, v31.8h

----------------
IN: dynopt_dct16_neon_candidate
0x00400d50:  0e7d829b  smlal    v27.4s, v20.4h, v29.4h

----------------
IN: dynopt_dct16_neon_candidate
0x00400d54:  fd405014  ldr      d20, [x0, #0xa0]

----------------
IN: dynopt_dct16_neon_candidate
0x00400d58:  f00002a0  adrp     x0, #0x457000

----------------
IN: dynopt_dct16_neon_candidate
0x00400d5c:  0e7f8299  smlal    v25.4s, v20.4h, v31.4h

----------------
IN: dynopt_dct16_neon_candidate
0x00400d60:  4ebbbf1b  addp     v27.4s, v24.4s, v27.4s

----------------
IN: dynopt_dct16_neon_candidate
0x00400d64:  4e7cc2f8  smull2   v24.4s, v23.8h, v28.8h

----------------
IN: dynopt_dct16_neon_candidate
0x00400d68:  4ebabf7b  addp     v27.4s, v27.4s, v26.4s

----------------
IN: dynopt_dct16_neon_candidate
0x00400d6c:  0e7c8298  smlal    v24.4s, v20.4h, v28.4h

----------------
IN: dynopt_dct16_neon_candidate
0x00400d70:  0f1d8f7a  rshrn    v26.4h, v27.4s, #3

----------------
IN: dynopt_dct16_neon_candidate
0x00400d74:  4e7dc2fb  smull2   v27.4s, v23.8h, v29.8h

----------------
IN: dynopt_dct16_neon_candidate
0x00400d78:  fd019ffa  str      d26, [sp, #0x338]

----------------
IN: dynopt_dct16_neon_candidate
0x00400d7c:  4e7ec2fa  smull2   v26.4s, v23.8h, v30.8h

----------------
IN: dynopt_dct16_neon_candidate
0x00400d80:  0e7d829b  smlal    v27.4s, v20.4h, v29.4h

----------------
IN: dynopt_dct16_neon_candidate
0x00400d84:  0e7e829a  smlal    v26.4s, v20.4h, v30.4h

----------------
IN: dynopt_dct16_neon_candidate
0x00400d88:  fd406014  ldr      d20, [x0, #0xc0]

----------------
IN: dynopt_dct16_neon_candidate
0x00400d8c:  4ebbbf1b  addp     v27.4s, v24.4s, v27.4s

----------------
IN: dynopt_dct16_neon_candidate
0x00400d90:  f00002a0  adrp     x0, #0x457000

----------------
IN: dynopt_dct16_neon_candidate
0x00400d94:  3dc02878  ldr      q24, [x3, #0xa0]

----------------
IN: dynopt_dct16_neon_candidate
0x00400d98:  4eb9bf5a  addp     v26.4s, v26.4s, v25.4s

----------------
IN: dynopt_dct16_neon_candidate
0x00400d9c:  4e7cc308  smull2   v8.4s, v24.8h, v28.8h

----------------
IN: dynopt_dct16_neon_candidate
0x00400da0:  4e7fc319  smull2   v25.4s, v24.8h, v31.8h

----------------
IN: dynopt_dct16_neon_candidate
0x00400da4:  4ebabf7b  addp     v27.4s, v27.4s, v26.4s

----------------
IN: dynopt_dct16_neon_candidate
0x00400da8:  4e7ec31a  smull2   v26.4s, v24.8h, v30.8h

----------------
IN: dynopt_dct16_neon_candidate
0x00400dac:  0e7c8288  smlal    v8.4s, v20.4h, v28.4h

----------------
IN: dynopt_dct16_neon_candidate
0x00400db0:  0e7f8299  smlal    v25.4s, v20.4h, v31.4h

----------------
IN: dynopt_dct16_neon_candidate
0x00400db4:  0f1d8f60  rshrn    v0.4h, v27.4s, #3

----------------
IN: dynopt_dct16_neon_candidate
0x00400db8:  4e7dc31b  smull2   v27.4s, v24.8h, v29.8h

----------------
IN: dynopt_dct16_neon_candidate
0x00400dbc:  0e7e829a  smlal    v26.4s, v20.4h, v30.4h

----------------
IN: dynopt_dct16_neon_candidate
0x00400dc0:  fd01a3e0  str      d0, [sp, #0x340]

----------------
IN: dynopt_dct16_neon_candidate
0x00400dc4:  0e7d829b  smlal    v27.4s, v20.4h, v29.4h

----------------
IN: dynopt_dct16_neon_candidate
0x00400dc8:  fd406860  ldr      d0, [x3, #0xd0]

----------------
IN: dynopt_dct16_neon_candidate
0x00400dcc:  4eb9bf5a  addp     v26.4s, v26.4s, v25.4s

----------------
IN: dynopt_dct16_neon_candidate
0x00400dd0:  fd409014  ldr      d20, [x0, #0x120]

----------------
IN: dynopt_dct16_neon_candidate
0x00400dd4:  3dc03079  ldr      q25, [x3, #0xc0]

----------------
IN: dynopt_dct16_neon_candidate
0x00400dd8:  f00002a0  adrp     x0, #0x457000

----------------
IN: dynopt_dct16_neon_candidate
0x00400ddc:  4ebbbd1b  addp     v27.4s, v8.4s, v27.4s

----------------
IN: dynopt_dct16_neon_candidate
0x00400de0:  4e7cc323  smull2   v3.4s, v25.8h, v28.8h

----------------
IN: dynopt_dct16_neon_candidate
0x00400de4:  4e7fc328  smull2   v8.4s, v25.8h, v31.8h

----------------
IN: dynopt_dct16_neon_candidate
0x00400de8:  4ebabf7b  addp     v27.4s, v27.4s, v26.4s

----------------
IN: dynopt_dct16_neon_candidate
0x00400dec:  4e7ec33a  smull2   v26.4s, v25.8h, v30.8h

----------------
IN: dynopt_dct16_neon_candidate
0x00400df0:  0e7c8083  smlal    v3.4s, v4.4h, v28.4h

----------------
IN: dynopt_dct16_neon_candidate
0x00400df4:  0e7f8088  smlal    v8.4s, v4.4h, v31.4h

----------------
IN: dynopt_dct16_neon_candidate
0x00400df8:  0f1d8f7b  rshrn    v27.4h, v27.4s, #3

----------------
IN: dynopt_dct16_neon_candidate
0x00400dfc:  0e7e809a  smlal    v26.4s, v4.4h, v30.4h

----------------
IN: dynopt_dct16_neon_candidate
0x00400e00:  fd01a7fb  str      d27, [sp, #0x348]

----------------
IN: dynopt_dct16_neon_candidate
0x00400e04:  4e7dc33b  smull2   v27.4s, v25.8h, v29.8h

----------------
IN: dynopt_dct16_neon_candidate
0x00400e08:  4ea8bf5a  addp     v26.4s, v26.4s, v8.4s

----------------
IN: dynopt_dct16_neon_candidate
0x00400e0c:  0e7d809b  smlal    v27.4s, v4.4h, v29.4h

----------------
IN: dynopt_dct16_neon_candidate
0x00400e10:  4ebbbc7b  addp     v27.4s, v3.4s, v27.4s

----------------
IN: dynopt_dct16_neon_candidate
0x00400e14:  4ebabf7b  addp     v27.4s, v27.4s, v26.4s

----------------
IN: dynopt_dct16_neon_candidate
0x00400e18:  3dc0387a  ldr      q26, [x3, #0xe0]

----------------
IN: dynopt_dct16_neon_candidate
0x00400e1c:  0f1d8f68  rshrn    v8.4h, v27.4s, #3

----------------
IN: dynopt_dct16_neon_candidate
0x00400e20:  4e7cc342  smull2   v2.4s, v26.8h, v28.8h

----------------
IN: dynopt_dct16_neon_candidate
0x00400e24:  4e7dc35b  smull2   v27.4s, v26.8h, v29.8h

----------------
IN: dynopt_dct16_neon_candidate
0x00400e28:  4e7fc343  smull2   v3.4s, v26.8h, v31.8h

----------------
IN: dynopt_dct16_neon_candidate
0x00400e2c:  fd01abe8  str      d8, [sp, #0x350]

----------------
IN: dynopt_dct16_neon_candidate
0x00400e30:  4e7ec348  smull2   v8.4s, v26.8h, v30.8h

----------------
IN: dynopt_dct16_neon_candidate
0x00400e34:  0e7c8002  smlal    v2.4s, v0.4h, v28.4h

----------------
IN: dynopt_dct16_neon_candidate
0x00400e38:  0e7f8003  smlal    v3.4s, v0.4h, v31.4h

----------------
IN: dynopt_dct16_neon_candidate
0x00400e3c:  0e7d801b  smlal    v27.4s, v0.4h, v29.4h

----------------
IN: dynopt_dct16_neon_candidate
0x00400e40:  0e7e8008  smlal    v8.4s, v0.4h, v30.4h

----------------
IN: dynopt_dct16_neon_candidate
0x00400e44:  4ebbbc5b  addp     v27.4s, v2.4s, v27.4s

----------------
IN: dynopt_dct16_neon_candidate
0x00400e48:  4ea3bd08  addp     v8.4s, v8.4s, v3.4s

----------------
IN: dynopt_dct16_neon_candidate
0x00400e4c:  4ea8bf7b  addp     v27.4s, v27.4s, v8.4s

----------------
IN: dynopt_dct16_neon_candidate
0x00400e50:  0f1d8f63  rshrn    v3.4h, v27.4s, #3

----------------
IN: dynopt_dct16_neon_candidate
0x00400e54:  3dc0407b  ldr      q27, [x3, #0x100]

----------------
IN: dynopt_dct16_neon_candidate
0x00400e58:  fd01afe3  str      d3, [sp, #0x358]

----------------
IN: dynopt_dct16_neon_candidate
0x00400e5c:  4e7cc361  smull2   v1.4s, v27.8h, v28.8h

----------------
IN: dynopt_dct16_neon_candidate
0x00400e60:  4e7dc368  smull2   v8.4s, v27.8h, v29.8h

----------------
IN: dynopt_dct16_neon_candidate
0x00400e64:  4e7fc362  smull2   v2.4s, v27.8h, v31.8h

----------------
IN: dynopt_dct16_neon_candidate
0x00400e68:  4e7ec363  smull2   v3.4s, v27.8h, v30.8h

----------------
IN: dynopt_dct16_neon_candidate
0x00400e6c:  0e7c8281  smlal    v1.4s, v20.4h, v28.4h

----------------
IN: dynopt_dct16_neon_candidate
0x00400e70:  0e7d8288  smlal    v8.4s, v20.4h, v29.4h

----------------
IN: dynopt_dct16_neon_candidate
0x00400e74:  0e7f8282  smlal    v2.4s, v20.4h, v31.4h

----------------
IN: dynopt_dct16_neon_candidate
0x00400e78:  0e7e8283  smlal    v3.4s, v20.4h, v30.4h

----------------
IN: dynopt_dct16_neon_candidate
0x00400e7c:  4ea8bc28  addp     v8.4s, v1.4s, v8.4s

----------------
IN: dynopt_dct16_neon_candidate
0x00400e80:  4ea2bc63  addp     v3.4s, v3.4s, v2.4s

----------------
IN: dynopt_dct16_neon_candidate
0x00400e84:  4ea3bd08  addp     v8.4s, v8.4s, v3.4s

----------------
IN: dynopt_dct16_neon_candidate
0x00400e88:  0f1d8d02  rshrn    v2.4h, v8.4s, #3

----------------
IN: dynopt_dct16_neon_candidate
0x00400e8c:  3dc04868  ldr      q8, [x3, #0x120]

----------------
IN: dynopt_dct16_neon_candidate
0x00400e90:  fd01bbe2  str      d2, [sp, #0x370]

----------------
IN: dynopt_dct16_neon_candidate
0x00400e94:  4e7dc103  smull2   v3.4s, v8.8h, v29.8h

----------------
IN: dynopt_dct16_neon_candidate
0x00400e98:  4e7cc114  smull2   v20.4s, v8.8h, v28.8h

----------------
IN: dynopt_dct16_neon_candidate
0x00400e9c:  4e7fc101  smull2   v1.4s, v8.8h, v31.8h

----------------
IN: dynopt_dct16_neon_candidate
0x00400ea0:  4e7ec102  smull2   v2.4s, v8.8h, v30.8h

----------------
IN: dynopt_dct16_neon_candidate
0x00400ea4:  3d80dbe3  str      q3, [sp, #0x360]

----------------
IN: dynopt_dct16_neon_candidate
0x00400ea8:  fd40a003  ldr      d3, [x0, #0x140]

----------------
IN: dynopt_dct16_neon_candidate
0x00400eac:  f00002a0  adrp     x0, #0x457000

----------------
IN: dynopt_dct16_neon_candidate
0x00400eb0:  0e7c8074  smlal    v20.4s, v3.4h, v28.4h

----------------
IN: dynopt_dct16_neon_candidate
0x00400eb4:  0e7f8061  smlal    v1.4s, v3.4h, v31.4h

----------------
IN: dynopt_dct16_neon_candidate
0x00400eb8:  0e7e8062  smlal    v2.4s, v3.4h, v30.4h

----------------
IN: dynopt_dct16_neon_candidate
0x00400ebc:  4eb41e9c  mov      v28.16b, v20.16b

----------------
IN: dynopt_dct16_neon_candidate
0x00400ec0:  0ea31c74  mov      v20.8b, v3.8b

----------------
IN: dynopt_dct16_neon_candidate
0x00400ec4:  3dc0dbe3  ldr      q3, [sp, #0x360]

----------------
IN: dynopt_dct16_neon_candidate
0x00400ec8:  4ea1bc42  addp     v2.4s, v2.4s, v1.4s

----------------
IN: dynopt_dct16_neon_candidate
0x00400ecc:  3dc067e1  ldr      q1, [sp, #0x190]

----------------
IN: dynopt_dct16_neon_candidate
0x00400ed0:  0e7d8283  smlal    v3.4s, v20.4h, v29.4h

----------------
IN: dynopt_dct16_neon_candidate
0x00400ed4:  4ea3bf83  addp     v3.4s, v28.4s, v3.4s

----------------
IN: dynopt_dct16_neon_candidate
0x00400ed8:  3dc06c1c  ldr      q28, [x0, #0x1b0]

----------------
IN: dynopt_dct16_neon_candidate
0x00400edc:  f00002a0  adrp     x0, #0x457000

----------------
IN: dynopt_dct16_neon_candidate
0x00400ee0:  4ea2bc63  addp     v3.4s, v3.4s, v2.4s

----------------
IN: dynopt_dct16_neon_candidate
0x00400ee4:  4ebc9cfe  mul      v30.4s, v7.4s, v28.4s

----------------
IN: dynopt_dct16_neon_candidate
0x00400ee8:  4ebc9c3f  mul      v31.4s, v1.4s, v28.4s

----------------
IN: dynopt_dct16_neon_candidate
0x00400eec:  0f1d8c7d  rshrn    v29.4h, v3.4s, #3

----------------
IN: dynopt_dct16_neon_candidate
0x00400ef0:  4ebebfff  addp     v31.4s, v31.4s, v30.4s

----------------
IN: dynopt_dct16_neon_candidate
0x00400ef4:  4ebc9cde  mul      v30.4s, v6.4s, v28.4s

----------------
IN: dynopt_dct16_neon_candidate
0x00400ef8:  fd01b3fd  str      d29, [sp, #0x360]

----------------
IN: dynopt_dct16_neon_candidate
0x00400efc:  4ebc9cbd  mul      v29.4s, v5.4s, v28.4s

----------------
IN: dynopt_dct16_neon_candidate
0x00400f00:  4ebdbfde  addp     v30.4s, v30.4s, v29.4s

----------------
IN: dynopt_dct16_neon_candidate
0x00400f04:  3dc0701d  ldr      q29, [x0, #0x1c0]

----------------
IN: dynopt_dct16_neon_candidate
0x00400f08:  f00002a0  adrp     x0, #0x457000

----------------
IN: dynopt_dct16_neon_candidate
0x00400f0c:  4ebebfff  addp     v31.4s, v31.4s, v30.4s

----------------
IN: dynopt_dct16_neon_candidate
0x00400f10:  4ebd9ca3  mul      v3.4s, v5.4s, v29.4s

----------------
IN: dynopt_dct16_neon_candidate
0x00400f14:  0f1d8ffe  rshrn    v30.4h, v31.4s, #3

----------------
IN: dynopt_dct16_neon_candidate
0x00400f18:  4ebd9c3f  mul      v31.4s, v1.4s, v29.4s

----------------
IN: dynopt_dct16_neon_candidate
0x00400f1c:  fd00cbfe  str      d30, [sp, #0x190]

----------------
IN: dynopt_dct16_neon_candidate
0x00400f20:  4ebd9cfe  mul      v30.4s, v7.4s, v29.4s

----------------
IN: dynopt_dct16_neon_candidate
0x00400f24:  4ebebfff  addp     v31.4s, v31.4s, v30.4s

----------------
IN: dynopt_dct16_neon_candidate
0x00400f28:  4ebd9cde  mul      v30.4s, v6.4s, v29.4s

----------------
IN: dynopt_dct16_neon_candidate
0x00400f2c:  4ea3bfde  addp     v30.4s, v30.4s, v3.4s

----------------
IN: dynopt_dct16_neon_candidate
0x00400f30:  4ebebfff  addp     v31.4s, v31.4s, v30.4s

----------------
IN: dynopt_dct16_neon_candidate
0x00400f34:  3dc0741e  ldr      q30, [x0, #0x1d0]

----------------
IN: dynopt_dct16_neon_candidate
0x00400f38:  f00002a0  adrp     x0, #0x457000

----------------
IN: dynopt_dct16_neon_candidate
0x00400f3c:  0f1d8fff  rshrn    v31.4h, v31.4s, #3

----------------
IN: dynopt_dct16_neon_candidate
0x00400f40:  4ebe9ce3  mul      v3.4s, v7.4s, v30.4s

----------------
IN: dynopt_dct16_neon_candidate
0x00400f44:  4ebe9ca2  mul      v2.4s, v5.4s, v30.4s

----------------
IN: dynopt_dct16_neon_candidate
0x00400f48:  fd01bfff  str      d31, [sp, #0x378]

----------------
IN: dynopt_dct16_neon_candidate
0x00400f4c:  4ebe9c3f  mul      v31.4s, v1.4s, v30.4s

----------------
IN: dynopt_dct16_neon_candidate
0x00400f50:  4ea3bfff  addp     v31.4s, v31.4s, v3.4s

----------------
IN: dynopt_dct16_neon_candidate
0x00400f54:  4ebe9cc3  mul      v3.4s, v6.4s, v30.4s

----------------
IN: dynopt_dct16_neon_candidate
0x00400f58:  4ea2bc63  addp     v3.4s, v3.4s, v2.4s

----------------
IN: dynopt_dct16_neon_candidate
0x00400f5c:  4ea3bfff  addp     v31.4s, v31.4s, v3.4s

----------------
IN: dynopt_dct16_neon_candidate
0x00400f60:  0f1d8ff4  rshrn    v20.4h, v31.4s, #3

----------------
IN: dynopt_dct16_neon_candidate
0x00400f64:  3dc0781f  ldr      q31, [x0, #0x1e0]

----------------
IN: dynopt_dct16_neon_candidate
0x00400f68:  f00002a0  adrp     x0, #0x457000

----------------
IN: dynopt_dct16_neon_candidate
0x00400f6c:  fd01c3f4  str      d20, [sp, #0x380]

----------------
IN: dynopt_dct16_neon_candidate
0x00400f70:  4ebf9c23  mul      v3.4s, v1.4s, v31.4s

----------------
IN: dynopt_dct16_neon_candidate
0x00400f74:  4ebf9ca5  mul      v5.4s, v5.4s, v31.4s

----------------
IN: dynopt_dct16_neon_candidate
0x00400f78:  4ebf9ce7  mul      v7.4s, v7.4s, v31.4s

----------------
IN: dynopt_dct16_neon_candidate
0x00400f7c:  4ebf9cc6  mul      v6.4s, v6.4s, v31.4s

----------------
IN: dynopt_dct16_neon_candidate
0x00400f80:  4ea7bc67  addp     v7.4s, v3.4s, v7.4s

----------------
IN: dynopt_dct16_neon_candidate
0x00400f84:  4ea5bcc6  addp     v6.4s, v6.4s, v5.4s

----------------
IN: dynopt_dct16_neon_candidate
0x00400f88:  4ea6bce7  addp     v7.4s, v7.4s, v6.4s

----------------
IN: dynopt_dct16_neon_candidate
0x00400f8c:  0f1d8ce1  rshrn    v1.4h, v7.4s, #3

----------------
IN: dynopt_dct16_neon_candidate
0x00400f90:  3dc013e7  ldr      q7, [sp, #0x40]

----------------
IN: dynopt_dct16_neon_candidate
0x00400f94:  fd01c7e1  str      d1, [sp, #0x388]

----------------
IN: dynopt_dct16_neon_candidate
0x00400f98:  ad4d0be1  ldp      q1, q2, [sp, #0x1a0]

----------------
IN: dynopt_dct16_neon_candidate
0x00400f9c:  4ea7bc27  addp     v7.4s, v1.4s, v7.4s

----------------
IN: dynopt_dct16_neon_candidate
0x00400fa0:  4f2654e7  shl      v7.4s, v7.4s, #6

----------------
IN: dynopt_dct16_neon_candidate
0x00400fa4:  0f1d8ce5  rshrn    v5.4h, v7.4s, #3

----------------
IN: dynopt_dct16_neon_candidate
0x00400fa8:  ad4a8c67  ldp      q7, q3, [x3, #0x150]

----------------
IN: dynopt_dct16_neon_candidate
0x00400fac:  fd00d3e5  str      d5, [sp, #0x1a0]

----------------
IN: dynopt_dct16_neon_candidate
0x00400fb0:  3dc017e5  ldr      q5, [sp, #0x50]

----------------
IN: dynopt_dct16_neon_candidate
0x00400fb4:  4ea79c46  mul      v6.4s, v2.4s, v7.4s

----------------
IN: dynopt_dct16_neon_candidate
0x00400fb8:  4ea79ca5  mul      v5.4s, v5.4s, v7.4s

----------------
IN: dynopt_dct16_neon_candidate
0x00400fbc:  4ea5bcc6  addp     v6.4s, v6.4s, v5.4s

----------------
IN: dynopt_dct16_neon_candidate
0x00400fc0:  0f1d8cd4  rshrn    v20.4h, v6.4s, #3

----------------
IN: dynopt_dct16_neon_candidate
0x00400fc4:  4ea39c26  mul      v6.4s, v1.4s, v3.4s

----------------
IN: dynopt_dct16_neon_candidate
0x00400fc8:  3dc013e1  ldr      q1, [sp, #0x40]

----------------
IN: dynopt_dct16_neon_candidate
0x00400fcc:  fd00dbf4  str      d20, [sp, #0x1b0]

----------------
IN: dynopt_dct16_neon_candidate
0x00400fd0:  4ea39c25  mul      v5.4s, v1.4s, v3.4s

----------------
IN: dynopt_dct16_neon_candidate
0x00400fd4:  4ea5bcc6  addp     v6.4s, v6.4s, v5.4s

----------------
IN: dynopt_dct16_neon_candidate
0x00400fd8:  0f1d8cc1  rshrn    v1.4h, v6.4s, #3

----------------
IN: dynopt_dct16_neon_candidate
0x00400fdc:  fd01cbe1  str      d1, [sp, #0x390]

----------------
IN: dynopt_dct16_neon_candidate
0x00400fe0:  4ea21c41  mov      v1.16b, v2.16b

----------------
IN: dynopt_dct16_neon_candidate
0x00400fe4:  3dc06802  ldr      q2, [x0, #0x1a0]

----------------
IN: dynopt_dct16_neon_candidate
0x00400fe8:  f00002a0  adrp     x0, #0x457000

----------------
IN: dynopt_dct16_neon_candidate
0x00400fec:  fd403014  ldr      d20, [x0, #0x60]

----------------
IN: dynopt_dct16_neon_candidate
0x00400ff0:  f00002a0  adrp     x0, #0x457000

----------------
IN: dynopt_dct16_neon_candidate
0x00400ff4:  4ea29c26  mul      v6.4s, v1.4s, v2.4s

----------------
IN: dynopt_dct16_neon_candidate
0x00400ff8:  3dc017e1  ldr      q1, [sp, #0x50]

----------------
IN: dynopt_dct16_neon_candidate
0x00400ffc:  4ea29c25  mul      v5.4s, v1.4s, v2.4s

----------------
IN: dynopt_dct16_neon_candidate
0x00401000:  4e6cc2a2  smull2   v2.4s, v21.8h, v12.8h

----------------
IN: dynopt_dct16_neon_candidate
0x00401004:  4ea5bcc6  addp     v6.4s, v6.4s, v5.4s

----------------
IN: dynopt_dct16_neon_candidate
0x00401008:  4e6bc2a5  smull2   v5.4s, v21.8h, v11.8h

----------------
IN: dynopt_dct16_neon_candidate
0x0040100c:  0e6c8282  smlal    v2.4s, v20.4h, v12.4h

----------------
IN: dynopt_dct16_neon_candidate
0x00401010:  0f1d8cc1  rshrn    v1.4h, v6.4s, #3

----------------
IN: dynopt_dct16_neon_candidate
0x00401014:  4e6ac2a6  smull2   v6.4s, v21.8h, v10.8h

----------------
IN: dynopt_dct16_neon_candidate
0x00401018:  0e6b8285  smlal    v5.4s, v20.4h, v11.4h

----------------
IN: dynopt_dct16_neon_candidate
0x0040101c:  fd01cfe1  str      d1, [sp, #0x398]

----------------
IN: dynopt_dct16_neon_candidate
0x00401020:  4e69c2a1  smull2   v1.4s, v21.8h, v9.8h

----------------
IN: dynopt_dct16_neon_candidate
0x00401024:  0e6a8286  smlal    v6.4s, v20.4h, v10.4h

----------------
IN: dynopt_dct16_neon_candidate
0x00401028:  4ea2bca5  addp     v5.4s, v5.4s, v2.4s

----------------
IN: dynopt_dct16_neon_candidate
0x0040102c:  4e6cc2c2  smull2   v2.4s, v22.8h, v12.8h

----------------
IN: dynopt_dct16_neon_candidate
0x00401030:  0e698281  smlal    v1.4s, v20.4h, v9.4h

----------------
IN: dynopt_dct16_neon_candidate
0x00401034:  fd404014  ldr      d20, [x0, #0x80]

----------------
IN: dynopt_dct16_neon_candidate
0x00401038:  d00002a0  adrp     x0, #0x457000

----------------
IN: dynopt_dct16_neon_candidate
0x0040103c:  0e6c8282  smlal    v2.4s, v20.4h, v12.4h

----------------
IN: dynopt_dct16_neon_candidate
0x00401040:  4ea6bc26  addp     v6.4s, v1.4s, v6.4s

----------------
IN: dynopt_dct16_neon_candidate
0x00401044:  4e69c2c1  smull2   v1.4s, v22.8h, v9.8h

----------------
IN: dynopt_dct16_neon_candidate
0x00401048:  4ea5bcc6  addp     v6.4s, v6.4s, v5.4s

----------------
IN: dynopt_dct16_neon_candidate
0x0040104c:  0e698281  smlal    v1.4s, v20.4h, v9.4h

----------------
IN: dynopt_dct16_neon_candidate
0x00401050:  0f1d8cc5  rshrn    v5.4h, v6.4s, #3

----------------
IN: dynopt_dct16_neon_candidate
0x00401054:  4e6ac2c6  smull2   v6.4s, v22.8h, v10.8h

----------------
IN: dynopt_dct16_neon_candidate
0x00401058:  fd01d3e5  str      d5, [sp, #0x3a0]

----------------
IN: dynopt_dct16_neon_candidate
0x0040105c:  4e6bc2c5  smull2   v5.4s, v22.8h, v11.8h

----------------
IN: dynopt_dct16_neon_candidate
0x00401060:  0e6a8286  smlal    v6.4s, v20.4h, v10.4h

----------------
IN: dynopt_dct16_neon_candidate
0x00401064:  0e6b8285  smlal    v5.4s, v20.4h, v11.4h

----------------
IN: dynopt_dct16_neon_candidate
0x00401068:  fd405014  ldr      d20, [x0, #0xa0]

----------------
IN: dynopt_dct16_neon_candidate
0x0040106c:  4ea6bc26  addp     v6.4s, v1.4s, v6.4s

----------------
IN: dynopt_dct16_neon_candidate
0x00401070:  d00002a0  adrp     x0, #0x457000

----------------
IN: dynopt_dct16_neon_candidate
0x00401074:  4e69c2e1  smull2   v1.4s, v23.8h, v9.8h

----------------
IN: dynopt_dct16_neon_candidate
0x00401078:  4ea2bca5  addp     v5.4s, v5.4s, v2.4s

----------------
IN: dynopt_dct16_neon_candidate
0x0040107c:  0e698281  smlal    v1.4s, v20.4h, v9.4h

----------------
IN: dynopt_dct16_neon_candidate
0x00401080:  4ea5bcc6  addp     v6.4s, v6.4s, v5.4s

----------------
IN: dynopt_dct16_neon_candidate
0x00401084:  4e6bc2e5  smull2   v5.4s, v23.8h, v11.8h

----------------
IN: dynopt_dct16_neon_candidate
0x00401088:  0f1d8cc2  rshrn    v2.4h, v6.4s, #3

----------------
IN: dynopt_dct16_neon_candidate
0x0040108c:  4e6ac2e6  smull2   v6.4s, v23.8h, v10.8h

----------------
IN: dynopt_dct16_neon_candidate
0x00401090:  0e6b8285  smlal    v5.4s, v20.4h, v11.4h

----------------
IN: dynopt_dct16_neon_candidate
0x00401094:  fd01d7e2  str      d2, [sp, #0x3a8]

----------------
IN: dynopt_dct16_neon_candidate
0x00401098:  4e6cc2e2  smull2   v2.4s, v23.8h, v12.8h

----------------
IN: dynopt_dct16_neon_candidate
0x0040109c:  0e6a8286  smlal    v6.4s, v20.4h, v10.4h

----------------
IN: dynopt_dct16_neon_candidate
0x004010a0:  0e6c8282  smlal    v2.4s, v20.4h, v12.4h

----------------
IN: dynopt_dct16_neon_candidate
0x004010a4:  4ea6bc26  addp     v6.4s, v1.4s, v6.4s

----------------
IN: dynopt_dct16_neon_candidate
0x004010a8:  4e69c301  smull2   v1.4s, v24.8h, v9.8h

----------------
IN: dynopt_dct16_neon_candidate
0x004010ac:  4ea2bca5  addp     v5.4s, v5.4s, v2.4s

----------------
IN: dynopt_dct16_neon_candidate
0x004010b0:  4e6cc302  smull2   v2.4s, v24.8h, v12.8h

----------------
IN: dynopt_dct16_neon_candidate
0x004010b4:  4ea5bcc6  addp     v6.4s, v6.4s, v5.4s

----------------
IN: dynopt_dct16_neon_candidate
0x004010b8:  4e6bc305  smull2   v5.4s, v24.8h, v11.8h

----------------
IN: dynopt_dct16_neon_candidate
0x004010bc:  0f1d8cd4  rshrn    v20.4h, v6.4s, #3

----------------
IN: dynopt_dct16_neon_candidate
0x004010c0:  4e6ac306  smull2   v6.4s, v24.8h, v10.8h

----------------
IN: dynopt_dct16_neon_candidate
0x004010c4:  fd01dbf4  str      d20, [sp, #0x3b0]

----------------
IN: dynopt_dct16_neon_candidate
0x004010c8:  fd406014  ldr      d20, [x0, #0xc0]

----------------
IN: dynopt_dct16_neon_candidate
0x004010cc:  d00002a0  adrp     x0, #0x457000

----------------
IN: dynopt_dct16_neon_candidate
0x004010d0:  0e698281  smlal    v1.4s, v20.4h, v9.4h

----------------
IN: dynopt_dct16_neon_candidate
0x004010d4:  0e6c8282  smlal    v2.4s, v20.4h, v12.4h

----------------
IN: dynopt_dct16_neon_candidate
0x004010d8:  0e6a8286  smlal    v6.4s, v20.4h, v10.4h

----------------
IN: dynopt_dct16_neon_candidate
0x004010dc:  0e6b8285  smlal    v5.4s, v20.4h, v11.4h

----------------
IN: dynopt_dct16_neon_candidate
0x004010e0:  fd409014  ldr      d20, [x0, #0x120]

----------------
IN: dynopt_dct16_neon_candidate
0x004010e4:  d00002a0  adrp     x0, #0x457000

----------------
IN: dynopt_dct16_neon_candidate
0x004010e8:  4ea6bc26  addp     v6.4s, v1.4s, v6.4s

----------------
IN: dynopt_dct16_neon_candidate
0x004010ec:  4ea2bca5  addp     v5.4s, v5.4s, v2.4s

----------------
IN: dynopt_dct16_neon_candidate
0x004010f0:  4e6cc322  smull2   v2.4s, v25.8h, v12.8h

----------------
IN: dynopt_dct16_neon_candidate
0x004010f4:  4ea5bcc6  addp     v6.4s, v6.4s, v5.4s

----------------
IN: dynopt_dct16_neon_candidate
0x004010f8:  4e6bc325  smull2   v5.4s, v25.8h, v11.8h

----------------
IN: dynopt_dct16_neon_candidate
0x004010fc:  0e6c8082  smlal    v2.4s, v4.4h, v12.4h

----------------
IN: dynopt_dct16_neon_candidate
0x00401100:  0f1d8cc1  rshrn    v1.4h, v6.4s, #3

----------------
IN: dynopt_dct16_neon_candidate
0x00401104:  4e6ac326  smull2   v6.4s, v25.8h, v10.8h

----------------
IN: dynopt_dct16_neon_candidate
0x00401108:  0e6b8085  smlal    v5.4s, v4.4h, v11.4h

----------------
IN: dynopt_dct16_neon_candidate
0x0040110c:  fd01dfe1  str      d1, [sp, #0x3b8]

----------------
IN: dynopt_dct16_neon_candidate
0x00401110:  4e69c321  smull2   v1.4s, v25.8h, v9.8h

----------------
IN: dynopt_dct16_neon_candidate
0x00401114:  0e6a8086  smlal    v6.4s, v4.4h, v10.4h

----------------
IN: dynopt_dct16_neon_candidate
0x00401118:  4ea2bca5  addp     v5.4s, v5.4s, v2.4s

----------------
IN: dynopt_dct16_neon_candidate
0x0040111c:  4e6cc342  smull2   v2.4s, v26.8h, v12.8h

----------------
IN: dynopt_dct16_neon_candidate
0x00401120:  0e698081  smlal    v1.4s, v4.4h, v9.4h

----------------
IN: dynopt_dct16_neon_candidate
0x00401124:  0e6c8002  smlal    v2.4s, v0.4h, v12.4h

----------------
IN: dynopt_dct16_neon_candidate
0x00401128:  4ea6bc26  addp     v6.4s, v1.4s, v6.4s

----------------
IN: dynopt_dct16_neon_candidate
0x0040112c:  4e69c341  smull2   v1.4s, v26.8h, v9.8h

----------------
IN: dynopt_dct16_neon_candidate
0x00401130:  4ea5bcc6  addp     v6.4s, v6.4s, v5.4s

----------------
IN: dynopt_dct16_neon_candidate
0x00401134:  4e6bc345  smull2   v5.4s, v26.8h, v11.8h

----------------
IN: dynopt_dct16_neon_candidate
0x00401138:  0e698001  smlal    v1.4s, v0.4h, v9.4h

----------------
IN: dynopt_dct16_neon_candidate
0x0040113c:  0f1d8cc6  rshrn    v6.4h, v6.4s, #3

----------------
IN: dynopt_dct16_neon_candidate
0x00401140:  0e6b8005  smlal    v5.4s, v0.4h, v11.4h

----------------
IN: dynopt_dct16_neon_candidate
0x00401144:  fd01e3e6  str      d6, [sp, #0x3c0]

----------------
IN: dynopt_dct16_neon_candidate
0x00401148:  4e6ac346  smull2   v6.4s, v26.8h, v10.8h

----------------
IN: dynopt_dct16_neon_candidate
0x0040114c:  4ea2bca5  addp     v5.4s, v5.4s, v2.4s

----------------
IN: dynopt_dct16_neon_candidate
0x00401150:  0e6a8006  smlal    v6.4s, v0.4h, v10.4h

----------------
IN: dynopt_dct16_neon_candidate
0x00401154:  4ea6bc26  addp     v6.4s, v1.4s, v6.4s

----------------
IN: dynopt_dct16_neon_candidate
0x00401158:  4e69c361  smull2   v1.4s, v27.8h, v9.8h

----------------
IN: dynopt_dct16_neon_candidate
0x0040115c:  4ea5bcc6  addp     v6.4s, v6.4s, v5.4s

----------------
IN: dynopt_dct16_neon_candidate
0x00401160:  4e6bc365  smull2   v5.4s, v27.8h, v11.8h

----------------
IN: dynopt_dct16_neon_candidate
0x00401164:  0e698281  smlal    v1.4s, v20.4h, v9.4h

----------------
IN: dynopt_dct16_neon_candidate
0x00401168:  0f1d8cc2  rshrn    v2.4h, v6.4s, #3

----------------
IN: dynopt_dct16_neon_candidate
0x0040116c:  4e6ac366  smull2   v6.4s, v27.8h, v10.8h

----------------
IN: dynopt_dct16_neon_candidate
0x00401170:  0e6b8285  smlal    v5.4s, v20.4h, v11.4h

----------------
IN: dynopt_dct16_neon_candidate
0x00401174:  fd01e7e2  str      d2, [sp, #0x3c8]

----------------
IN: dynopt_dct16_neon_candidate
0x00401178:  4e6cc362  smull2   v2.4s, v27.8h, v12.8h

----------------
IN: dynopt_dct16_neon_candidate
0x0040117c:  0e6a8286  smlal    v6.4s, v20.4h, v10.4h

----------------
IN: dynopt_dct16_neon_candidate
0x00401180:  0e6c8282  smlal    v2.4s, v20.4h, v12.4h

----------------
IN: dynopt_dct16_neon_candidate
0x00401184:  4ea6bc26  addp     v6.4s, v1.4s, v6.4s

----------------
IN: dynopt_dct16_neon_candidate
0x00401188:  4e69c101  smull2   v1.4s, v8.8h, v9.8h

----------------
IN: dynopt_dct16_neon_candidate
0x0040118c:  4ea2bca5  addp     v5.4s, v5.4s, v2.4s

----------------
IN: dynopt_dct16_neon_candidate
0x00401190:  4e6cc102  smull2   v2.4s, v8.8h, v12.8h

----------------
IN: dynopt_dct16_neon_candidate
0x00401194:  4ea5bcc6  addp     v6.4s, v6.4s, v5.4s

----------------
IN: dynopt_dct16_neon_candidate
0x00401198:  4e6bc105  smull2   v5.4s, v8.8h, v11.8h

----------------
IN: dynopt_dct16_neon_candidate
0x0040119c:  0f1d8cd4  rshrn    v20.4h, v6.4s, #3

----------------
IN: dynopt_dct16_neon_candidate
0x004011a0:  4e6ac106  smull2   v6.4s, v8.8h, v10.8h

----------------
IN: dynopt_dct16_neon_candidate
0x004011a4:  fd01ebf4  str      d20, [sp, #0x3d0]

----------------
IN: dynopt_dct16_neon_candidate
0x004011a8:  fd40a014  ldr      d20, [x0, #0x140]

----------------
IN: dynopt_dct16_neon_candidate
0x004011ac:  d00002a0  adrp     x0, #0x457000

----------------
IN: dynopt_dct16_neon_candidate
0x004011b0:  0e698281  smlal    v1.4s, v20.4h, v9.4h

----------------
IN: dynopt_dct16_neon_candidate
0x004011b4:  0e6c8282  smlal    v2.4s, v20.4h, v12.4h

----------------
IN: dynopt_dct16_neon_candidate
0x004011b8:  0e6a8286  smlal    v6.4s, v20.4h, v10.4h

----------------
IN: dynopt_dct16_neon_candidate
0x004011bc:  0e6b8285  smlal    v5.4s, v20.4h, v11.4h

----------------
IN: dynopt_dct16_neon_candidate
0x004011c0:  3dc06814  ldr      q20, [x0, #0x1a0]

----------------
IN: dynopt_dct16_neon_candidate
0x004011c4:  d00002a0  adrp     x0, #0x457000

----------------
IN: dynopt_dct16_neon_candidate
0x004011c8:  4ea6bc26  addp     v6.4s, v1.4s, v6.4s

----------------
IN: dynopt_dct16_neon_candidate
0x004011cc:  4ea2bca5  addp     v5.4s, v5.4s, v2.4s

----------------
IN: dynopt_dct16_neon_candidate
0x004011d0:  4ea5bcc6  addp     v6.4s, v6.4s, v5.4s

----------------
IN: dynopt_dct16_neon_candidate
0x004011d4:  ad500be5  ldp      q5, q2, [sp, #0x200]

----------------
IN: dynopt_dct16_neon_candidate
0x004011d8:  0f1d8ccc  rshrn    v12.4h, v6.4s, #3

----------------
IN: dynopt_dct16_neon_candidate
0x004011dc:  ad4e1be9  ldp      q9, q6, [sp, #0x1c0]

----------------
IN: dynopt_dct16_neon_candidate
0x004011e0:  4ebc9c4a  mul      v10.4s, v2.4s, v28.4s

----------------
IN: dynopt_dct16_neon_candidate
0x004011e4:  fd01efec  str      d12, [sp, #0x3d8]

----------------
IN: dynopt_dct16_neon_candidate
0x004011e8:  4ebc9ccb  mul      v11.4s, v6.4s, v28.4s

----------------
IN: dynopt_dct16_neon_candidate
0x004011ec:  4ebc9d2c  mul      v12.4s, v9.4s, v28.4s

----------------
IN: dynopt_dct16_neon_candidate
0x004011f0:  4eabbd8c  addp     v12.4s, v12.4s, v11.4s

----------------
IN: dynopt_dct16_neon_candidate
0x004011f4:  4ebc9cab  mul      v11.4s, v5.4s, v28.4s

----------------
IN: dynopt_dct16_neon_candidate
0x004011f8:  4eaabd6b  addp     v11.4s, v11.4s, v10.4s

----------------
IN: dynopt_dct16_neon_candidate
0x004011fc:  4ebd9c4a  mul      v10.4s, v2.4s, v29.4s

----------------
IN: dynopt_dct16_neon_candidate
0x00401200:  4eabbd8c  addp     v12.4s, v12.4s, v11.4s

----------------
IN: dynopt_dct16_neon_candidate
0x00401204:  4ebd9ccb  mul      v11.4s, v6.4s, v29.4s

----------------
IN: dynopt_dct16_neon_candidate
0x00401208:  0f1d8d81  rshrn    v1.4h, v12.4s, #3

----------------
IN: dynopt_dct16_neon_candidate
0x0040120c:  4ebd9d2c  mul      v12.4s, v9.4s, v29.4s

----------------
IN: dynopt_dct16_neon_candidate
0x00401210:  4eabbd8c  addp     v12.4s, v12.4s, v11.4s

----------------
IN: dynopt_dct16_neon_candidate
0x00401214:  4ebd9cab  mul      v11.4s, v5.4s, v29.4s

----------------
IN: dynopt_dct16_neon_candidate
0x00401218:  4eaabd6b  addp     v11.4s, v11.4s, v10.4s

----------------
IN: dynopt_dct16_neon_candidate
0x0040121c:  4ebe9c4a  mul      v10.4s, v2.4s, v30.4s

----------------
IN: dynopt_dct16_neon_candidate
0x00401220:  4eabbd8c  addp     v12.4s, v12.4s, v11.4s

----------------
IN: dynopt_dct16_neon_candidate
0x00401224:  0f1d8d8b  rshrn    v11.4h, v12.4s, #3

----------------
IN: dynopt_dct16_neon_candidate
0x00401228:  4ebe9d2c  mul      v12.4s, v9.4s, v30.4s

----------------
IN: dynopt_dct16_neon_candidate
0x0040122c:  fd00e3eb  str      d11, [sp, #0x1c0]

----------------
IN: dynopt_dct16_neon_candidate
0x00401230:  4ebe9ccb  mul      v11.4s, v6.4s, v30.4s

----------------
IN: dynopt_dct16_neon_candidate
0x00401234:  4eabbd8c  addp     v12.4s, v12.4s, v11.4s

----------------
IN: dynopt_dct16_neon_candidate
0x00401238:  4ebe9cab  mul      v11.4s, v5.4s, v30.4s

----------------
IN: dynopt_dct16_neon_candidate
0x0040123c:  4eaabd6b  addp     v11.4s, v11.4s, v10.4s

----------------
IN: dynopt_dct16_neon_candidate
0x00401240:  4ebf9c4a  mul      v10.4s, v2.4s, v31.4s

----------------
IN: dynopt_dct16_neon_candidate
0x00401244:  4eabbd8c  addp     v12.4s, v12.4s, v11.4s

----------------
IN: dynopt_dct16_neon_candidate
0x00401248:  4ebf9ccb  mul      v11.4s, v6.4s, v31.4s

----------------
IN: dynopt_dct16_neon_candidate
0x0040124c:  0f1d8d8c  rshrn    v12.4h, v12.4s, #3

----------------
IN: dynopt_dct16_neon_candidate
0x00401250:  fd00ebec  str      d12, [sp, #0x1d0]

----------------
IN: dynopt_dct16_neon_candidate
0x00401254:  4ebf9d2c  mul      v12.4s, v9.4s, v31.4s

----------------
IN: dynopt_dct16_neon_candidate
0x00401258:  ad4f1be9  ldp      q9, q6, [sp, #0x1e0]

----------------
IN: dynopt_dct16_neon_candidate
0x0040125c:  4eabbd8b  addp     v11.4s, v12.4s, v11.4s

----------------
IN: dynopt_dct16_neon_candidate
0x00401260:  4ebf9cac  mul      v12.4s, v5.4s, v31.4s

----------------
IN: dynopt_dct16_neon_candidate
0x00401264:  3dc08be5  ldr      q5, [sp, #0x220]

----------------
IN: dynopt_dct16_neon_candidate
0x00401268:  4eaabd8c  addp     v12.4s, v12.4s, v10.4s

----------------
IN: dynopt_dct16_neon_candidate
0x0040126c:  4eacbd6b  addp     v11.4s, v11.4s, v12.4s

----------------
IN: dynopt_dct16_neon_candidate
0x00401270:  4ea5bd2c  addp     v12.4s, v9.4s, v5.4s

----------------
IN: dynopt_dct16_neon_candidate
0x00401274:  0f1d8d62  rshrn    v2.4h, v11.4s, #3

----------------
IN: dynopt_dct16_neon_candidate
0x00401278:  4f26558c  shl      v12.4s, v12.4s, #6

----------------
IN: dynopt_dct16_neon_candidate
0x0040127c:  fd002be2  str      d2, [sp, #0x50]

----------------
IN: dynopt_dct16_neon_candidate
0x00401280:  3dc01be2  ldr      q2, [sp, #0x60]

----------------
IN: dynopt_dct16_neon_candidate
0x00401284:  0f1d8d85  rshrn    v5.4h, v12.4s, #3

----------------
IN: dynopt_dct16_neon_candidate
0x00401288:  4ea79ccc  mul      v12.4s, v6.4s, v7.4s

----------------
IN: dynopt_dct16_neon_candidate
0x0040128c:  4ea79c4b  mul      v11.4s, v2.4s, v7.4s

----------------
IN: dynopt_dct16_neon_candidate
0x00401290:  4eabbd8c  addp     v12.4s, v12.4s, v11.4s

----------------
IN: dynopt_dct16_neon_candidate
0x00401294:  0f1d8d82  rshrn    v2.4h, v12.4s, #3

----------------
IN: dynopt_dct16_neon_candidate
0x00401298:  4ea39d2c  mul      v12.4s, v9.4s, v3.4s

----------------
IN: dynopt_dct16_neon_candidate
0x0040129c:  3dc08be9  ldr      q9, [sp, #0x220]

----------------
IN: dynopt_dct16_neon_candidate
0x004012a0:  4ea39d2b  mul      v11.4s, v9.4s, v3.4s

----------------
IN: dynopt_dct16_neon_candidate
0x004012a4:  3dc01be9  ldr      q9, [sp, #0x60]

----------------
IN: dynopt_dct16_neon_candidate
0x004012a8:  4eabbd8c  addp     v12.4s, v12.4s, v11.4s

----------------
IN: dynopt_dct16_neon_candidate
0x004012ac:  0f1d8d8b  rshrn    v11.4h, v12.4s, #3

----------------
IN: dynopt_dct16_neon_candidate
0x004012b0:  4eb49ccc  mul      v12.4s, v6.4s, v20.4s

----------------
IN: dynopt_dct16_neon_candidate
0x004012b4:  fd403006  ldr      d6, [x0, #0x60]

----------------
IN: dynopt_dct16_neon_candidate
0x004012b8:  d00002a0  adrp     x0, #0x457000

----------------
IN: dynopt_dct16_neon_candidate
0x004012bc:  fd00f3eb  str      d11, [sp, #0x1e0]

----------------
IN: dynopt_dct16_neon_candidate
0x004012c0:  4eb49d2b  mul      v11.4s, v9.4s, v20.4s

----------------
IN: dynopt_dct16_neon_candidate
0x004012c4:  3dc09ff4  ldr      q20, [sp, #0x270]

----------------
IN: dynopt_dct16_neon_candidate
0x004012c8:  4eabbd8c  addp     v12.4s, v12.4s, v11.4s

----------------
IN: dynopt_dct16_neon_candidate
0x004012cc:  4e74c2aa  smull2   v10.4s, v21.8h, v20.8h

----------------
IN: dynopt_dct16_neon_candidate
0x004012d0:  4e6fc2ab  smull2   v11.4s, v21.8h, v15.8h

----------------
IN: dynopt_dct16_neon_candidate
0x004012d4:  0f1d8d89  rshrn    v9.4h, v12.4s, #3

----------------
IN: dynopt_dct16_neon_candidate
0x004012d8:  4e6ec2ac  smull2   v12.4s, v21.8h, v14.8h

----------------
IN: dynopt_dct16_neon_candidate
0x004012dc:  0e7480ca  smlal    v10.4s, v6.4h, v20.4h

----------------
IN: dynopt_dct16_neon_candidate
0x004012e0:  0e6f80cb  smlal    v11.4s, v6.4h, v15.4h

----------------
IN: dynopt_dct16_neon_candidate
0x004012e4:  fd00fbe9  str      d9, [sp, #0x1f0]

----------------
IN: dynopt_dct16_neon_candidate
0x004012e8:  4e6dc2a9  smull2   v9.4s, v21.8h, v13.8h

----------------
IN: dynopt_dct16_neon_candidate
0x004012ec:  0e6e80cc  smlal    v12.4s, v6.4h, v14.4h

----------------
IN: dynopt_dct16_neon_candidate
0x004012f0:  4eaabd6b  addp     v11.4s, v11.4s, v10.4s

----------------
IN: dynopt_dct16_neon_candidate
0x004012f4:  4e74c2ca  smull2   v10.4s, v22.8h, v20.8h

----------------
IN: dynopt_dct16_neon_candidate
0x004012f8:  0e6d80c9  smlal    v9.4s, v6.4h, v13.4h

----------------
IN: dynopt_dct16_neon_candidate
0x004012fc:  4eacbd2c  addp     v12.4s, v9.4s, v12.4s

----------------
IN: dynopt_dct16_neon_candidate
0x00401300:  4e6dc2c9  smull2   v9.4s, v22.8h, v13.8h

----------------
IN: dynopt_dct16_neon_candidate
0x00401304:  4eabbd8c  addp     v12.4s, v12.4s, v11.4s

----------------
IN: dynopt_dct16_neon_candidate
0x00401308:  4e6fc2cb  smull2   v11.4s, v22.8h, v15.8h

----------------
IN: dynopt_dct16_neon_candidate
0x0040130c:  0f1d8d86  rshrn    v6.4h, v12.4s, #3

----------------
IN: dynopt_dct16_neon_candidate
0x00401310:  4e6ec2cc  smull2   v12.4s, v22.8h, v14.8h

----------------
IN: dynopt_dct16_neon_candidate
0x00401314:  fd0103e6  str      d6, [sp, #0x200]

----------------
IN: dynopt_dct16_neon_candidate
0x00401318:  4eb41e86  mov      v6.16b, v20.16b

----------------
IN: dynopt_dct16_neon_candidate
0x0040131c:  fd404014  ldr      d20, [x0, #0x80]

----------------
IN: dynopt_dct16_neon_candidate
0x00401320:  d00002a0  adrp     x0, #0x457000

----------------
IN: dynopt_dct16_neon_candidate
0x00401324:  0e6d8289  smlal    v9.4s, v20.4h, v13.4h

----------------
IN: dynopt_dct16_neon_candidate
0x00401328:  0e66828a  smlal    v10.4s, v20.4h, v6.4h

----------------
IN: dynopt_dct16_neon_candidate
0x0040132c:  0e6e828c  smlal    v12.4s, v20.4h, v14.4h

----------------
IN: dynopt_dct16_neon_candidate
0x00401330:  0e6f828b  smlal    v11.4s, v20.4h, v15.4h

----------------
IN: dynopt_dct16_neon_candidate
0x00401334:  4eacbd2c  addp     v12.4s, v9.4s, v12.4s

----------------
IN: dynopt_dct16_neon_candidate
0x00401338:  4eaabd6b  addp     v11.4s, v11.4s, v10.4s

----------------
IN: dynopt_dct16_neon_candidate
0x0040133c:  4e6dc2e9  smull2   v9.4s, v23.8h, v13.8h

----------------
IN: dynopt_dct16_neon_candidate
0x00401340:  4e66c2ea  smull2   v10.4s, v23.8h, v6.8h

----------------
IN: dynopt_dct16_neon_candidate
0x00401344:  4eabbd8c  addp     v12.4s, v12.4s, v11.4s

----------------
IN: dynopt_dct16_neon_candidate
0x00401348:  4e6fc2eb  smull2   v11.4s, v23.8h, v15.8h

----------------
IN: dynopt_dct16_neon_candidate
0x0040134c:  0f1d8d94  rshrn    v20.4h, v12.4s, #3

----------------
IN: dynopt_dct16_neon_candidate
0x00401350:  4e6ec2ec  smull2   v12.4s, v23.8h, v14.8h

----------------
IN: dynopt_dct16_neon_candidate
0x00401354:  fd010bf4  str      d20, [sp, #0x210]

----------------
IN: dynopt_dct16_neon_candidate
0x00401358:  4ea61cd4  mov      v20.16b, v6.16b

----------------
IN: dynopt_dct16_neon_candidate
0x0040135c:  fd405006  ldr      d6, [x0, #0xa0]

----------------
IN: dynopt_dct16_neon_candidate
0x00401360:  d00002a0  adrp     x0, #0x457000

----------------
IN: dynopt_dct16_neon_candidate
0x00401364:  0e6d80c9  smlal    v9.4s, v6.4h, v13.4h

----------------
IN: dynopt_dct16_neon_candidate
0x00401368:  0e7480ca  smlal    v10.4s, v6.4h, v20.4h

----------------
IN: dynopt_dct16_neon_candidate
0x0040136c:  0e6e80cc  smlal    v12.4s, v6.4h, v14.4h

----------------
IN: dynopt_dct16_neon_candidate
0x00401370:  0e6f80cb  smlal    v11.4s, v6.4h, v15.4h

----------------
IN: dynopt_dct16_neon_candidate
0x00401374:  fd406006  ldr      d6, [x0, #0xc0]

----------------
IN: dynopt_dct16_neon_candidate
0x00401378:  d00002a0  adrp     x0, #0x457000

----------------
IN: dynopt_dct16_neon_candidate
0x0040137c:  4eacbd2c  addp     v12.4s, v9.4s, v12.4s

----------------
IN: dynopt_dct16_neon_candidate
0x00401380:  4eaabd6b  addp     v11.4s, v11.4s, v10.4s

----------------
IN: dynopt_dct16_neon_candidate
0x00401384:  4e74c30a  smull2   v10.4s, v24.8h, v20.8h

----------------
IN: dynopt_dct16_neon_candidate
0x00401388:  4eabbd8c  addp     v12.4s, v12.4s, v11.4s

----------------
IN: dynopt_dct16_neon_candidate
0x0040138c:  4e6fc30b  smull2   v11.4s, v24.8h, v15.8h

----------------
IN: dynopt_dct16_neon_candidate
0x00401390:  0e7480ca  smlal    v10.4s, v6.4h, v20.4h

----------------
IN: dynopt_dct16_neon_candidate
0x00401394:  0f1d8d89  rshrn    v9.4h, v12.4s, #3

----------------
IN: dynopt_dct16_neon_candidate
0x00401398:  4e6ec30c  smull2   v12.4s, v24.8h, v14.8h

----------------
IN: dynopt_dct16_neon_candidate
0x0040139c:  0e6f80cb  smlal    v11.4s, v6.4h, v15.4h

----------------
IN: dynopt_dct16_neon_candidate
0x004013a0:  fd0113e9  str      d9, [sp, #0x220]

----------------
IN: dynopt_dct16_neon_candidate
0x004013a4:  4e6dc309  smull2   v9.4s, v24.8h, v13.8h

----------------
IN: dynopt_dct16_neon_candidate
0x004013a8:  0e6e80cc  smlal    v12.4s, v6.4h, v14.4h

----------------
IN: dynopt_dct16_neon_candidate
0x004013ac:  4eaabd6b  addp     v11.4s, v11.4s, v10.4s

----------------
IN: dynopt_dct16_neon_candidate
0x004013b0:  4e74c32a  smull2   v10.4s, v25.8h, v20.8h

----------------
IN: dynopt_dct16_neon_candidate
0x004013b4:  0e6d80c9  smlal    v9.4s, v6.4h, v13.4h

----------------
IN: dynopt_dct16_neon_candidate
0x004013b8:  0e74808a  smlal    v10.4s, v4.4h, v20.4h

----------------
IN: dynopt_dct16_neon_candidate
0x004013bc:  4eacbd2c  addp     v12.4s, v9.4s, v12.4s

----------------
IN: dynopt_dct16_neon_candidate
0x004013c0:  4e6dc329  smull2   v9.4s, v25.8h, v13.8h

----------------
IN: dynopt_dct16_neon_candidate
0x004013c4:  4eabbd8c  addp     v12.4s, v12.4s, v11.4s

----------------
IN: dynopt_dct16_neon_candidate
0x004013c8:  4e6fc32b  smull2   v11.4s, v25.8h, v15.8h

----------------
IN: dynopt_dct16_neon_candidate
0x004013cc:  0e6d8089  smlal    v9.4s, v4.4h, v13.4h

----------------
IN: dynopt_dct16_neon_candidate
0x004013d0:  0f1d8d86  rshrn    v6.4h, v12.4s, #3

----------------
IN: dynopt_dct16_neon_candidate
0x004013d4:  4e6ec32c  smull2   v12.4s, v25.8h, v14.8h

----------------
IN: dynopt_dct16_neon_candidate
0x004013d8:  0e6f808b  smlal    v11.4s, v4.4h, v15.4h

----------------
IN: dynopt_dct16_neon_candidate
0x004013dc:  fd013be6  str      d6, [sp, #0x270]

----------------
IN: dynopt_dct16_neon_candidate
0x004013e0:  0e6e808c  smlal    v12.4s, v4.4h, v14.4h

----------------
IN: dynopt_dct16_neon_candidate
0x004013e4:  4eaabd6b  addp     v11.4s, v11.4s, v10.4s

----------------
IN: dynopt_dct16_neon_candidate
0x004013e8:  4e74c34a  smull2   v10.4s, v26.8h, v20.8h

----------------
IN: dynopt_dct16_neon_candidate
0x004013ec:  4eb41e86  mov      v6.16b, v20.16b

----------------
IN: dynopt_dct16_neon_candidate
0x004013f0:  4eacbd2c  addp     v12.4s, v9.4s, v12.4s

----------------
IN: dynopt_dct16_neon_candidate
0x004013f4:  4e6dc349  smull2   v9.4s, v26.8h, v13.8h

----------------
IN: dynopt_dct16_neon_candidate
0x004013f8:  0e74800a  smlal    v10.4s, v0.4h, v20.4h

----------------
IN: dynopt_dct16_neon_candidate
0x004013fc:  4eabbd8c  addp     v12.4s, v12.4s, v11.4s

----------------
IN: dynopt_dct16_neon_candidate
0x00401400:  4e6fc34b  smull2   v11.4s, v26.8h, v15.8h

----------------
IN: dynopt_dct16_neon_candidate
0x00401404:  0e6d8009  smlal    v9.4s, v0.4h, v13.4h

----------------
IN: dynopt_dct16_neon_candidate
0x00401408:  0f1d8d8c  rshrn    v12.4h, v12.4s, #3

----------------
IN: dynopt_dct16_neon_candidate
0x0040140c:  0e6f800b  smlal    v11.4s, v0.4h, v15.4h

----------------
IN: dynopt_dct16_neon_candidate
0x00401410:  fd01f3ec  str      d12, [sp, #0x3e0]

----------------
IN: dynopt_dct16_neon_candidate
0x00401414:  4e6ec34c  smull2   v12.4s, v26.8h, v14.8h

----------------
IN: dynopt_dct16_neon_candidate
0x00401418:  4eaabd6b  addp     v11.4s, v11.4s, v10.4s

----------------
IN: dynopt_dct16_neon_candidate
0x0040141c:  0e6e800c  smlal    v12.4s, v0.4h, v14.4h

----------------
IN: dynopt_dct16_neon_candidate
0x00401420:  4eacbd2c  addp     v12.4s, v9.4s, v12.4s

----------------
IN: dynopt_dct16_neon_candidate
0x00401424:  4e6dc369  smull2   v9.4s, v27.8h, v13.8h

----------------
IN: dynopt_dct16_neon_candidate
0x00401428:  4eabbd8c  addp     v12.4s, v12.4s, v11.4s

----------------
IN: dynopt_dct16_neon_candidate
0x0040142c:  4e6fc36b  smull2   v11.4s, v27.8h, v15.8h

----------------
IN: dynopt_dct16_neon_candidate
0x00401430:  0f1d8d8a  rshrn    v10.4h, v12.4s, #3

----------------
IN: dynopt_dct16_neon_candidate
0x00401434:  4e6ec36c  smull2   v12.4s, v27.8h, v14.8h

----------------
IN: dynopt_dct16_neon_candidate
0x00401438:  fd01f7ea  str      d10, [sp, #0x3e8]

----------------
IN: dynopt_dct16_neon_candidate
0x0040143c:  4e74c36a  smull2   v10.4s, v27.8h, v20.8h

----------------
IN: dynopt_dct16_neon_candidate
0x00401440:  fd409014  ldr      d20, [x0, #0x120]

----------------
IN: dynopt_dct16_neon_candidate
0x00401444:  d00002a0  adrp     x0, #0x457000

----------------
IN: dynopt_dct16_neon_candidate
0x00401448:  0e6d8289  smlal    v9.4s, v20.4h, v13.4h

----------------
IN: dynopt_dct16_neon_candidate
0x0040144c:  0e66828a  smlal    v10.4s, v20.4h, v6.4h

----------------
IN: dynopt_dct16_neon_candidate
0x00401450:  0e6e828c  smlal    v12.4s, v20.4h, v14.4h

----------------
IN: dynopt_dct16_neon_candidate
0x00401454:  0e6f828b  smlal    v11.4s, v20.4h, v15.4h

----------------
IN: dynopt_dct16_neon_candidate
0x00401458:  4eacbd2c  addp     v12.4s, v9.4s, v12.4s

----------------
IN: dynopt_dct16_neon_candidate
0x0040145c:  fd40a009  ldr      d9, [x0, #0x140]

----------------
IN: dynopt_dct16_neon_candidate
0x00401460:  4eaabd6b  addp     v11.4s, v11.4s, v10.4s

----------------
IN: dynopt_dct16_neon_candidate
0x00401464:  d00002a0  adrp     x0, #0x457000

----------------
IN: dynopt_dct16_neon_candidate
0x00401468:  4e6dc10a  smull2   v10.4s, v8.8h, v13.8h

----------------
IN: dynopt_dct16_neon_candidate
0x0040146c:  4eabbd8c  addp     v12.4s, v12.4s, v11.4s

----------------
IN: dynopt_dct16_neon_candidate
0x00401470:  4e6fc10b  smull2   v11.4s, v8.8h, v15.8h

----------------
IN: dynopt_dct16_neon_candidate
0x00401474:  0e6d812a  smlal    v10.4s, v9.4h, v13.4h

----------------
IN: dynopt_dct16_neon_candidate
0x00401478:  0f1d8d94  rshrn    v20.4h, v12.4s, #3

----------------
IN: dynopt_dct16_neon_candidate
0x0040147c:  4e6ec10c  smull2   v12.4s, v8.8h, v14.8h

----------------
IN: dynopt_dct16_neon_candidate
0x00401480:  4e66c108  smull2   v8.4s, v8.8h, v6.8h

----------------
IN: dynopt_dct16_neon_candidate
0x00401484:  0e6f812b  smlal    v11.4s, v9.4h, v15.4h

----------------
IN: dynopt_dct16_neon_candidate
0x00401488:  fd01fbf4  str      d20, [sp, #0x3f0]

----------------
IN: dynopt_dct16_neon_candidate
0x0040148c:  0e6e812c  smlal    v12.4s, v9.4h, v14.4h

----------------
IN: dynopt_dct16_neon_candidate
0x00401490:  0e668128  smlal    v8.4s, v9.4h, v6.4h

----------------
IN: dynopt_dct16_neon_candidate
0x00401494:  4eacbd4c  addp     v12.4s, v10.4s, v12.4s

----------------
IN: dynopt_dct16_neon_candidate
0x00401498:  4ea8bd6b  addp     v11.4s, v11.4s, v8.4s

----------------
IN: dynopt_dct16_neon_candidate
0x0040149c:  4eabbd8c  addp     v12.4s, v12.4s, v11.4s

----------------
IN: dynopt_dct16_neon_candidate
0x004014a0:  ad542beb  ldp      q11, q10, [sp, #0x280]

----------------
IN: dynopt_dct16_neon_candidate
0x004014a4:  0f1d8d8f  rshrn    v15.4h, v12.4s, #3

----------------
IN: dynopt_dct16_neon_candidate
0x004014a8:  ad51b3ed  ldp      q13, q12, [sp, #0x230]

----------------
IN: dynopt_dct16_neon_candidate
0x004014ac:  4ebc9d4e  mul      v14.4s, v10.4s, v28.4s

----------------
IN: dynopt_dct16_neon_candidate
0x004014b0:  fd01ffef  str      d15, [sp, #0x3f8]

----------------
IN: dynopt_dct16_neon_candidate
0x004014b4:  4ebc9db4  mul      v20.4s, v13.4s, v28.4s

----------------
IN: dynopt_dct16_neon_candidate
0x004014b8:  4ebc9d8f  mul      v15.4s, v12.4s, v28.4s

----------------
IN: dynopt_dct16_neon_candidate
0x004014bc:  4eafbe94  addp     v20.4s, v20.4s, v15.4s

----------------
IN: dynopt_dct16_neon_candidate
0x004014c0:  4ebc9d6f  mul      v15.4s, v11.4s, v28.4s

----------------
IN: dynopt_dct16_neon_candidate
0x004014c4:  4eaebdef  addp     v15.4s, v15.4s, v14.4s

----------------
IN: dynopt_dct16_neon_candidate
0x004014c8:  4ebd9d4e  mul      v14.4s, v10.4s, v29.4s

----------------
IN: dynopt_dct16_neon_candidate
0x004014cc:  4eafbe94  addp     v20.4s, v20.4s, v15.4s

----------------
IN: dynopt_dct16_neon_candidate
0x004014d0:  4ebd9d8f  mul      v15.4s, v12.4s, v29.4s

----------------
IN: dynopt_dct16_neon_candidate
0x004014d4:  0f1d8e86  rshrn    v6.4h, v20.4s, #3

----------------
IN: dynopt_dct16_neon_candidate
0x004014d8:  4ebd9db4  mul      v20.4s, v13.4s, v29.4s

----------------
IN: dynopt_dct16_neon_candidate
0x004014dc:  4eafbe94  addp     v20.4s, v20.4s, v15.4s

----------------
IN: dynopt_dct16_neon_candidate
0x004014e0:  4ebd9d6f  mul      v15.4s, v11.4s, v29.4s

----------------
IN: dynopt_dct16_neon_candidate
0x004014e4:  4eaebdef  addp     v15.4s, v15.4s, v14.4s

----------------
IN: dynopt_dct16_neon_candidate
0x004014e8:  4ebe9d4e  mul      v14.4s, v10.4s, v30.4s

----------------
IN: dynopt_dct16_neon_candidate
0x004014ec:  4eafbe94  addp     v20.4s, v20.4s, v15.4s

----------------
IN: dynopt_dct16_neon_candidate
0x004014f0:  0f1d8e8f  rshrn    v15.4h, v20.4s, #3

----------------
IN: dynopt_dct16_neon_candidate
0x004014f4:  4ebe9db4  mul      v20.4s, v13.4s, v30.4s

----------------
IN: dynopt_dct16_neon_candidate
0x004014f8:  fd011bef  str      d15, [sp, #0x230]

----------------
IN: dynopt_dct16_neon_candidate
0x004014fc:  4ebe9d8f  mul      v15.4s, v12.4s, v30.4s

----------------
IN: dynopt_dct16_neon_candidate
0x00401500:  4eafbe94  addp     v20.4s, v20.4s, v15.4s

----------------
IN: dynopt_dct16_neon_candidate
0x00401504:  4ebe9d6f  mul      v15.4s, v11.4s, v30.4s

----------------
IN: dynopt_dct16_neon_candidate
0x00401508:  4eaebdef  addp     v15.4s, v15.4s, v14.4s

----------------
IN: dynopt_dct16_neon_candidate
0x0040150c:  4ebf9d4e  mul      v14.4s, v10.4s, v31.4s

----------------
IN: dynopt_dct16_neon_candidate
0x00401510:  4eafbe94  addp     v20.4s, v20.4s, v15.4s

----------------
IN: dynopt_dct16_neon_candidate
0x00401514:  0f1d8e8f  rshrn    v15.4h, v20.4s, #3

----------------
IN: dynopt_dct16_neon_candidate
0x00401518:  4ebf9db4  mul      v20.4s, v13.4s, v31.4s

----------------
IN: dynopt_dct16_neon_candidate
0x0040151c:  fd0123ef  str      d15, [sp, #0x240]

----------------
IN: dynopt_dct16_neon_candidate
0x00401520:  4ebf9d8f  mul      v15.4s, v12.4s, v31.4s

----------------
IN: dynopt_dct16_neon_candidate
0x00401524:  3dc09bec  ldr      q12, [sp, #0x260]

----------------
IN: dynopt_dct16_neon_candidate
0x00401528:  4eafbe8f  addp     v15.4s, v20.4s, v15.4s

----------------
IN: dynopt_dct16_neon_candidate
0x0040152c:  4ebf9d74  mul      v20.4s, v11.4s, v31.4s

----------------
IN: dynopt_dct16_neon_candidate
0x00401530:  ad552beb  ldp      q11, q10, [sp, #0x2a0]

----------------
IN: dynopt_dct16_neon_candidate
0x00401534:  4eaebe94  addp     v20.4s, v20.4s, v14.4s

----------------
IN: dynopt_dct16_neon_candidate
0x00401538:  4eb4bdef  addp     v15.4s, v15.4s, v20.4s

----------------
IN: dynopt_dct16_neon_candidate
0x0040153c:  4ea79d94  mul      v20.4s, v12.4s, v7.4s

----------------
IN: dynopt_dct16_neon_candidate
0x00401540:  4ea79d47  mul      v7.4s, v10.4s, v7.4s

----------------
IN: dynopt_dct16_neon_candidate
0x00401544:  0f1d8ded  rshrn    v13.4h, v15.4s, #3

----------------
IN: dynopt_dct16_neon_candidate
0x00401548:  4ea7be94  addp     v20.4s, v20.4s, v7.4s

----------------
IN: dynopt_dct16_neon_candidate
0x0040154c:  fd0143ed  str      d13, [sp, #0x280]

----------------
IN: dynopt_dct16_neon_candidate
0x00401550:  3dc097ed  ldr      q13, [sp, #0x250]

----------------
IN: dynopt_dct16_neon_candidate
0x00401554:  0f1d8e8e  rshrn    v14.4h, v20.4s, #3

----------------
IN: dynopt_dct16_neon_candidate
0x00401558:  4ea39db4  mul      v20.4s, v13.4s, v3.4s

----------------
IN: dynopt_dct16_neon_candidate
0x0040155c:  4eabbdaf  addp     v15.4s, v13.4s, v11.4s

----------------
IN: dynopt_dct16_neon_candidate
0x00401560:  fd012bee  str      d14, [sp, #0x250]

----------------
IN: dynopt_dct16_neon_candidate
0x00401564:  4ea39d6e  mul      v14.4s, v11.4s, v3.4s

----------------
IN: dynopt_dct16_neon_candidate
0x00401568:  4f2655ef  shl      v15.4s, v15.4s, #6

----------------
IN: dynopt_dct16_neon_candidate
0x0040156c:  4eaebe94  addp     v20.4s, v20.4s, v14.4s

----------------
IN: dynopt_dct16_neon_candidate
0x00401570:  0f1d8def  rshrn    v15.4h, v15.4s, #3

----------------
IN: dynopt_dct16_neon_candidate
0x00401574:  0f1d8e8d  rshrn    v13.4h, v20.4s, #3

----------------
IN: dynopt_dct16_neon_candidate
0x00401578:  fd0133ed  str      d13, [sp, #0x260]

----------------
IN: dynopt_dct16_neon_candidate
0x0040157c:  3dc0680d  ldr      q13, [x0, #0x1a0]

----------------
IN: dynopt_dct16_neon_candidate
0x00401580:  d00002a0  adrp     x0, #0x457000

----------------
IN: dynopt_dct16_neon_candidate
0x00401584:  4ead9d4e  mul      v14.4s, v10.4s, v13.4s

----------------
IN: dynopt_dct16_neon_candidate
0x00401588:  4ead9d94  mul      v20.4s, v12.4s, v13.4s

----------------
IN: dynopt_dct16_neon_candidate
0x0040158c:  4e73c2ac  smull2   v12.4s, v21.8h, v19.8h

----------------
IN: dynopt_dct16_neon_candidate
0x00401590:  4e71c2ea  smull2   v10.4s, v23.8h, v17.8h

----------------
IN: dynopt_dct16_neon_candidate
0x00401594:  4eaebe94  addp     v20.4s, v20.4s, v14.4s

----------------
IN: dynopt_dct16_neon_candidate
0x00401598:  4e71c2ae  smull2   v14.4s, v21.8h, v17.8h

----------------
IN: dynopt_dct16_neon_candidate
0x0040159c:  0f1d8e8d  rshrn    v13.4h, v20.4s, #3

----------------
IN: dynopt_dct16_neon_candidate
0x004015a0:  4e72c2b4  smull2   v20.4s, v21.8h, v18.8h

----------------
IN: dynopt_dct16_neon_candidate
0x004015a4:  fd014bed  str      d13, [sp, #0x290]

----------------
IN: dynopt_dct16_neon_candidate
0x004015a8:  4e70c2ad  smull2   v13.4s, v21.8h, v16.8h

----------------
IN: dynopt_dct16_neon_candidate
0x004015ac:  fd403015  ldr      d21, [x0, #0x60]

----------------
IN: dynopt_dct16_neon_candidate
0x004015b0:  0e7182ae  smlal    v14.4s, v21.4h, v17.4h

----------------
IN: dynopt_dct16_neon_candidate
0x004015b4:  0e7082ad  smlal    v13.4s, v21.4h, v16.4h

----------------
IN: dynopt_dct16_neon_candidate
0x004015b8:  0e7282b4  smlal    v20.4s, v21.4h, v18.4h

----------------
IN: dynopt_dct16_neon_candidate
0x004015bc:  4eac1d95  mov      v21.16b, v12.16b

----------------
IN: dynopt_dct16_neon_candidate
0x004015c0:  4e73c2cc  smull2   v12.4s, v22.8h, v19.8h

----------------
IN: dynopt_dct16_neon_candidate
0x004015c4:  4eaebdae  addp     v14.4s, v13.4s, v14.4s

----------------
IN: dynopt_dct16_neon_candidate
0x004015c8:  fd40300d  ldr      d13, [x0, #0x60]

----------------
IN: dynopt_dct16_neon_candidate
0x004015cc:  d00002a0  adrp     x0, #0x457000

----------------
IN: dynopt_dct16_neon_candidate
0x004015d0:  0e7381b5  smlal    v21.4s, v13.4h, v19.4h

----------------
IN: dynopt_dct16_neon_candidate
0x004015d4:  4e70c2cd  smull2   v13.4s, v22.8h, v16.8h

----------------
IN: dynopt_dct16_neon_candidate
0x004015d8:  4eb5be94  addp     v20.4s, v20.4s, v21.4s

----------------
IN: dynopt_dct16_neon_candidate
0x004015dc:  4eb4bdd5  addp     v21.4s, v14.4s, v20.4s

----------------
IN: dynopt_dct16_neon_candidate
0x004015e0:  4e71c2ce  smull2   v14.4s, v22.8h, v17.8h

----------------
IN: dynopt_dct16_neon_candidate
0x004015e4:  4e72c2d4  smull2   v20.4s, v22.8h, v18.8h

----------------
IN: dynopt_dct16_neon_candidate
0x004015e8:  fd404016  ldr      d22, [x0, #0x80]

----------------
IN: dynopt_dct16_neon_candidate
0x004015ec:  0e7082cd  smlal    v13.4s, v22.4h, v16.4h

----------------
IN: dynopt_dct16_neon_candidate
0x004015f0:  0e7182ce  smlal    v14.4s, v22.4h, v17.4h

----------------
IN: dynopt_dct16_neon_candidate
0x004015f4:  0e7282d4  smlal    v20.4s, v22.4h, v18.4h

----------------
IN: dynopt_dct16_neon_candidate
0x004015f8:  4eac1d96  mov      v22.16b, v12.16b

----------------
IN: dynopt_dct16_neon_candidate
0x004015fc:  4eaebdae  addp     v14.4s, v13.4s, v14.4s

----------------
IN: dynopt_dct16_neon_candidate
0x00401600:  fd40400d  ldr      d13, [x0, #0x80]

----------------
IN: dynopt_dct16_neon_candidate
0x00401604:  d00002a0  adrp     x0, #0x457000

----------------
IN: dynopt_dct16_neon_candidate
0x00401608:  0e7381b6  smlal    v22.4s, v13.4h, v19.4h

----------------
IN: dynopt_dct16_neon_candidate
0x0040160c:  fd40500d  ldr      d13, [x0, #0xa0]

----------------
IN: dynopt_dct16_neon_candidate
0x00401610:  d00002a0  adrp     x0, #0x457000

----------------
IN: dynopt_dct16_neon_candidate
0x00401614:  0e7181aa  smlal    v10.4s, v13.4h, v17.4h

----------------
IN: dynopt_dct16_neon_candidate
0x00401618:  4eb6be94  addp     v20.4s, v20.4s, v22.4s

----------------
IN: dynopt_dct16_neon_candidate
0x0040161c:  4eb4bdd6  addp     v22.4s, v14.4s, v20.4s

----------------
IN: dynopt_dct16_neon_candidate
0x00401620:  4e70c2ee  smull2   v14.4s, v23.8h, v16.8h

----------------
IN: dynopt_dct16_neon_candidate
0x00401624:  4e72c2f4  smull2   v20.4s, v23.8h, v18.8h

----------------
IN: dynopt_dct16_neon_candidate
0x00401628:  4e73c2f7  smull2   v23.4s, v23.8h, v19.8h

----------------
IN: dynopt_dct16_neon_candidate
0x0040162c:  0e7081ae  smlal    v14.4s, v13.4h, v16.4h

----------------
IN: dynopt_dct16_neon_candidate
0x00401630:  0e7281b4  smlal    v20.4s, v13.4h, v18.4h

----------------
IN: dynopt_dct16_neon_candidate
0x00401634:  0e7381b7  smlal    v23.4s, v13.4h, v19.4h

----------------
IN: dynopt_dct16_neon_candidate
0x00401638:  fd40600d  ldr      d13, [x0, #0xc0]

----------------
IN: dynopt_dct16_neon_candidate
0x0040163c:  d00002a0  adrp     x0, #0x457000

----------------
IN: dynopt_dct16_neon_candidate
0x00401640:  4eaabdca  addp     v10.4s, v14.4s, v10.4s

----------------
IN: dynopt_dct16_neon_candidate
0x00401644:  4e70c30e  smull2   v14.4s, v24.8h, v16.8h

----------------
IN: dynopt_dct16_neon_candidate
0x00401648:  4eb7be94  addp     v20.4s, v20.4s, v23.4s

----------------
IN: dynopt_dct16_neon_candidate
0x0040164c:  4e72c317  smull2   v23.4s, v24.8h, v18.8h

----------------
IN: dynopt_dct16_neon_candidate
0x00401650:  0e7081ae  smlal    v14.4s, v13.4h, v16.4h

----------------
IN: dynopt_dct16_neon_candidate
0x00401654:  4eb4bd4a  addp     v10.4s, v10.4s, v20.4s

----------------
IN: dynopt_dct16_neon_candidate
0x00401658:  4e71c314  smull2   v20.4s, v24.8h, v17.8h

----------------
IN: dynopt_dct16_neon_candidate
0x0040165c:  4e73c318  smull2   v24.4s, v24.8h, v19.8h

----------------
IN: dynopt_dct16_neon_candidate
0x00401660:  0e7281b7  smlal    v23.4s, v13.4h, v18.4h

----------------
IN: dynopt_dct16_neon_candidate
0x00401664:  0e7181b4  smlal    v20.4s, v13.4h, v17.4h

----------------
IN: dynopt_dct16_neon_candidate
0x00401668:  0e7381b8  smlal    v24.4s, v13.4h, v19.4h

----------------
IN: dynopt_dct16_neon_candidate
0x0040166c:  4eb4bdd4  addp     v20.4s, v14.4s, v20.4s

----------------
IN: dynopt_dct16_neon_candidate
0x00401670:  4eb8bef7  addp     v23.4s, v23.4s, v24.4s

----------------
IN: dynopt_dct16_neon_candidate
0x00401674:  4e72c338  smull2   v24.4s, v25.8h, v18.8h

----------------
IN: dynopt_dct16_neon_candidate
0x00401678:  4eb7be89  addp     v9.4s, v20.4s, v23.4s

----------------
IN: dynopt_dct16_neon_candidate
0x0040167c:  4e70c334  smull2   v20.4s, v25.8h, v16.8h

----------------
IN: dynopt_dct16_neon_candidate
0x00401680:  4e71c337  smull2   v23.4s, v25.8h, v17.8h

----------------
IN: dynopt_dct16_neon_candidate
0x00401684:  4e73c339  smull2   v25.4s, v25.8h, v19.8h

----------------
IN: dynopt_dct16_neon_candidate
0x00401688:  0e728098  smlal    v24.4s, v4.4h, v18.4h

----------------
IN: dynopt_dct16_neon_candidate
0x0040168c:  0e708094  smlal    v20.4s, v4.4h, v16.4h

----------------
IN: dynopt_dct16_neon_candidate
0x00401690:  0e718097  smlal    v23.4s, v4.4h, v17.4h

----------------
IN: dynopt_dct16_neon_candidate
0x00401694:  0e738099  smlal    v25.4s, v4.4h, v19.4h

----------------
IN: dynopt_dct16_neon_candidate
0x00401698:  4eb7be97  addp     v23.4s, v20.4s, v23.4s

----------------
IN: dynopt_dct16_neon_candidate
0x0040169c:  4eb9bf18  addp     v24.4s, v24.4s, v25.4s

----------------
IN: dynopt_dct16_neon_candidate
0x004016a0:  4e72c359  smull2   v25.4s, v26.8h, v18.8h

----------------
IN: dynopt_dct16_neon_candidate
0x004016a4:  3dc04874  ldr      q20, [x3, #0x120]

----------------
IN: dynopt_dct16_neon_candidate
0x004016a8:  4eb8bee8  addp     v8.4s, v23.4s, v24.4s

----------------
IN: dynopt_dct16_neon_candidate
0x004016ac:  4e70c357  smull2   v23.4s, v26.8h, v16.8h

----------------
IN: dynopt_dct16_neon_candidate
0x004016b0:  4e71c358  smull2   v24.4s, v26.8h, v17.8h

----------------
IN: dynopt_dct16_neon_candidate
0x004016b4:  4e73c35a  smull2   v26.4s, v26.8h, v19.8h

----------------
IN: dynopt_dct16_neon_candidate
0x004016b8:  0e728019  smlal    v25.4s, v0.4h, v18.4h

----------------
IN: dynopt_dct16_neon_candidate
0x004016bc:  0e708017  smlal    v23.4s, v0.4h, v16.4h

----------------
IN: dynopt_dct16_neon_candidate
0x004016c0:  0e718018  smlal    v24.4s, v0.4h, v17.4h

----------------
IN: dynopt_dct16_neon_candidate
0x004016c4:  0e73801a  smlal    v26.4s, v0.4h, v19.4h

----------------
IN: dynopt_dct16_neon_candidate
0x004016c8:  fd409000  ldr      d0, [x0, #0x120]

----------------
IN: dynopt_dct16_neon_candidate
0x004016cc:  d00002a0  adrp     x0, #0x457000

----------------
IN: dynopt_dct16_neon_candidate
0x004016d0:  4eb8bef8  addp     v24.4s, v23.4s, v24.4s

----------------
IN: dynopt_dct16_neon_candidate
0x004016d4:  4ebabf39  addp     v25.4s, v25.4s, v26.4s

----------------
IN: dynopt_dct16_neon_candidate
0x004016d8:  4e70c377  smull2   v23.4s, v27.8h, v16.8h

----------------
IN: dynopt_dct16_neon_candidate
0x004016dc:  4e72c37a  smull2   v26.4s, v27.8h, v18.8h

----------------
IN: dynopt_dct16_neon_candidate
0x004016e0:  4eb9bf19  addp     v25.4s, v24.4s, v25.4s

----------------
IN: dynopt_dct16_neon_candidate
0x004016e4:  4e73c378  smull2   v24.4s, v27.8h, v19.8h

----------------
IN: dynopt_dct16_neon_candidate
0x004016e8:  0e708017  smlal    v23.4s, v0.4h, v16.4h

----------------
IN: dynopt_dct16_neon_candidate
0x004016ec:  0e72801a  smlal    v26.4s, v0.4h, v18.4h

----------------
IN: dynopt_dct16_neon_candidate
0x004016f0:  3d80abf9  str      q25, [sp, #0x2a0]

----------------
IN: dynopt_dct16_neon_candidate
0x004016f4:  4e71c379  smull2   v25.4s, v27.8h, v17.8h

----------------
IN: dynopt_dct16_neon_candidate
0x004016f8:  0e738018  smlal    v24.4s, v0.4h, v19.4h

----------------
IN: dynopt_dct16_neon_candidate
0x004016fc:  0e718019  smlal    v25.4s, v0.4h, v17.4h

----------------
IN: dynopt_dct16_neon_candidate
0x00401700:  fd40a000  ldr      d0, [x0, #0x140]

----------------
IN: dynopt_dct16_neon_candidate
0x00401704:  4eb8bf5a  addp     v26.4s, v26.4s, v24.4s

----------------
IN: dynopt_dct16_neon_candidate
0x00401708:  d00002a0  adrp     x0, #0x457000

----------------
IN: dynopt_dct16_neon_candidate
0x0040170c:  4e73c298  smull2   v24.4s, v20.8h, v19.8h

----------------
IN: dynopt_dct16_neon_candidate
0x00401710:  4eb9bef9  addp     v25.4s, v23.4s, v25.4s

----------------
IN: dynopt_dct16_neon_candidate
0x00401714:  4e70c297  smull2   v23.4s, v20.8h, v16.8h

----------------
IN: dynopt_dct16_neon_candidate
0x00401718:  0e738018  smlal    v24.4s, v0.4h, v19.4h

----------------
IN: dynopt_dct16_neon_candidate
0x0040171c:  4ebabf39  addp     v25.4s, v25.4s, v26.4s

----------------
IN: dynopt_dct16_neon_candidate
0x00401720:  4e72c29a  smull2   v26.4s, v20.8h, v18.8h

----------------
IN: dynopt_dct16_neon_candidate
0x00401724:  0e708017  smlal    v23.4s, v0.4h, v16.4h

----------------
IN: dynopt_dct16_neon_candidate
0x00401728:  ad583bf0  ldp      q16, q14, [sp, #0x300]

----------------
IN: dynopt_dct16_neon_candidate
0x0040172c:  3d80aff9  str      q25, [sp, #0x2b0]

----------------
IN: dynopt_dct16_neon_candidate
0x00401730:  4e71c299  smull2   v25.4s, v20.8h, v17.8h

----------------
IN: dynopt_dct16_neon_candidate
0x00401734:  0e72801a  smlal    v26.4s, v0.4h, v18.4h

----------------
IN: dynopt_dct16_neon_candidate
0x00401738:  0e718019  smlal    v25.4s, v0.4h, v17.4h

----------------
IN: dynopt_dct16_neon_candidate
0x0040173c:  4eb8bf5a  addp     v26.4s, v26.4s, v24.4s

----------------
IN: dynopt_dct16_neon_candidate
0x00401740:  4ebe9dd8  mul      v24.4s, v14.4s, v30.4s

----------------
IN: dynopt_dct16_neon_candidate
0x00401744:  ad4a8c60  ldp      q0, q3, [x3, #0x150]

----------------
IN: dynopt_dct16_neon_candidate
0x00401748:  4eb9bef9  addp     v25.4s, v23.4s, v25.4s

----------------
IN: dynopt_dct16_neon_candidate
0x0040174c:  ad564ff7  ldp      q23, q19, [sp, #0x2c0]

----------------
IN: dynopt_dct16_neon_candidate
0x00401750:  3d8013e3  str      q3, [sp, #0x40]

----------------
IN: dynopt_dct16_neon_candidate
0x00401754:  4ebabf32  addp     v18.4s, v25.4s, v26.4s

----------------
IN: dynopt_dct16_neon_candidate
0x00401758:  4ebc9ef1  mul      v17.4s, v23.4s, v28.4s

----------------
IN: dynopt_dct16_neon_candidate
0x0040175c:  4ebc9e7a  mul      v26.4s, v19.4s, v28.4s

----------------
IN: dynopt_dct16_neon_candidate
0x00401760:  4ebc9dd9  mul      v25.4s, v14.4s, v28.4s

----------------
IN: dynopt_dct16_neon_candidate
0x00401764:  3d8103f2  str      q18, [sp, #0x400]

----------------
IN: dynopt_dct16_neon_candidate
0x00401768:  4ebabe31  addp     v17.4s, v17.4s, v26.4s

----------------
IN: dynopt_dct16_neon_candidate
0x0040176c:  4ebc9e1a  mul      v26.4s, v16.4s, v28.4s

----------------
IN: dynopt_dct16_neon_candidate
0x00401770:  4ebd9ef2  mul      v18.4s, v23.4s, v29.4s

----------------
IN: dynopt_dct16_neon_candidate
0x00401774:  4eb9bf5a  addp     v26.4s, v26.4s, v25.4s

----------------
IN: dynopt_dct16_neon_candidate
0x00401778:  4ebd9dd9  mul      v25.4s, v14.4s, v29.4s

----------------
IN: dynopt_dct16_neon_candidate
0x0040177c:  4ebabe31  addp     v17.4s, v17.4s, v26.4s

----------------
IN: dynopt_dct16_neon_candidate
0x00401780:  4ebd9e7a  mul      v26.4s, v19.4s, v29.4s

----------------
IN: dynopt_dct16_neon_candidate
0x00401784:  4f1d8e26  rshrn2   v6.8h, v17.4s, #3

----------------
IN: dynopt_dct16_neon_candidate
0x00401788:  fd410bf1  ldr      d17, [sp, #0x210]

----------------
IN: dynopt_dct16_neon_candidate
0x0040178c:  4ebabe52  addp     v18.4s, v18.4s, v26.4s

----------------
IN: dynopt_dct16_neon_candidate
0x00401790:  4ebd9e1a  mul      v26.4s, v16.4s, v29.4s

----------------
IN: dynopt_dct16_neon_candidate
0x00401794:  4f1d8ed1  rshrn2   v17.8h, v22.4s, #3

----------------
IN: dynopt_dct16_neon_candidate
0x00401798:  4eb9bf5a  addp     v26.4s, v26.4s, v25.4s

----------------
IN: dynopt_dct16_neon_candidate
0x0040179c:  4ebe9ef9  mul      v25.4s, v23.4s, v30.4s

----------------
IN: dynopt_dct16_neon_candidate
0x004017a0:  4e600a36  rev64    v22.8h, v17.8h

----------------
IN: dynopt_dct16_neon_candidate
0x004017a4:  4ebabe52  addp     v18.4s, v18.4s, v26.4s

----------------
IN: dynopt_dct16_neon_candidate
0x004017a8:  4ebe9e7a  mul      v26.4s, v19.4s, v30.4s

----------------
IN: dynopt_dct16_neon_candidate
0x004017ac:  4ebabf39  addp     v25.4s, v25.4s, v26.4s

----------------
IN: dynopt_dct16_neon_candidate
0x004017b0:  4ebe9e1a  mul      v26.4s, v16.4s, v30.4s

----------------
IN: dynopt_dct16_neon_candidate
0x004017b4:  4eb8bf5a  addp     v26.4s, v26.4s, v24.4s

----------------
IN: dynopt_dct16_neon_candidate
0x004017b8:  4ebf9dd8  mul      v24.4s, v14.4s, v31.4s

----------------
IN: dynopt_dct16_neon_candidate
0x004017bc:  3dc0cbee  ldr      q14, [sp, #0x320]

----------------
IN: dynopt_dct16_neon_candidate
0x004017c0:  4ebabf2c  addp     v12.4s, v25.4s, v26.4s

----------------
IN: dynopt_dct16_neon_candidate
0x004017c4:  4ebf9efa  mul      v26.4s, v23.4s, v31.4s

----------------
IN: dynopt_dct16_neon_candidate
0x004017c8:  4ebf9e79  mul      v25.4s, v19.4s, v31.4s

----------------
IN: dynopt_dct16_neon_candidate
0x004017cc:  4eb9bf59  addp     v25.4s, v26.4s, v25.4s

----------------
IN: dynopt_dct16_neon_candidate
0x004017d0:  4ebf9e1a  mul      v26.4s, v16.4s, v31.4s

----------------
IN: dynopt_dct16_neon_candidate
0x004017d4:  3dc01ff0  ldr      q16, [sp, #0x70]

----------------
IN: dynopt_dct16_neon_candidate
0x004017d8:  4eb8bf5a  addp     v26.4s, v26.4s, v24.4s

----------------
IN: dynopt_dct16_neon_candidate
0x004017dc:  ad575ff8  ldp      q24, q23, [sp, #0x2e0]

----------------
IN: dynopt_dct16_neon_candidate
0x004017e0:  4ebabf33  addp     v19.4s, v25.4s, v26.4s

----------------
IN: dynopt_dct16_neon_candidate
0x004017e4:  4eb0bf19  addp     v25.4s, v24.4s, v16.4s

----------------
IN: dynopt_dct16_neon_candidate
0x004017e8:  4ea09dda  mul      v26.4s, v14.4s, v0.4s

----------------
IN: dynopt_dct16_neon_candidate
0x004017ec:  3d80b3f3  str      q19, [sp, #0x2c0]

----------------
IN: dynopt_dct16_neon_candidate
0x004017f0:  4ea09ef3  mul      v19.4s, v23.4s, v0.4s

----------------
IN: dynopt_dct16_neon_candidate
0x004017f4:  4f265739  shl      v25.4s, v25.4s, #6

----------------
IN: dynopt_dct16_neon_candidate
0x004017f8:  4ebabe73  addp     v19.4s, v19.4s, v26.4s

----------------
IN: dynopt_dct16_neon_candidate
0x004017fc:  4ea39f1a  mul      v26.4s, v24.4s, v3.4s

----------------
IN: dynopt_dct16_neon_candidate
0x00401800:  4ea39e18  mul      v24.4s, v16.4s, v3.4s

----------------
IN: dynopt_dct16_neon_candidate
0x00401804:  4f1d8f2f  rshrn2   v15.8h, v25.4s, #3

----------------
IN: dynopt_dct16_neon_candidate
0x00401808:  fd4103f9  ldr      d25, [sp, #0x200]

----------------
IN: dynopt_dct16_neon_candidate
0x0040180c:  4eb8bf5a  addp     v26.4s, v26.4s, v24.4s

----------------
IN: dynopt_dct16_neon_candidate
0x00401810:  3dc06818  ldr      q24, [x0, #0x1a0]

----------------
IN: dynopt_dct16_neon_candidate
0x00401814:  910143e0  add      x0, sp, #0x50

----------------
IN: dynopt_dct16_neon_candidate
0x00401818:  4e6009e7  rev64    v7.8h, v15.8h

----------------
IN: dynopt_dct16_neon_candidate
0x0040181c:  4f1d8eb9  rshrn2   v25.8h, v21.4s, #3

----------------
IN: dynopt_dct16_neon_candidate
0x00401820:  4eb89ef7  mul      v23.4s, v23.4s, v24.4s

----------------
IN: dynopt_dct16_neon_candidate
0x00401824:  4eb89dd8  mul      v24.4s, v14.4s, v24.4s

----------------
IN: dynopt_dct16_neon_candidate
0x00401828:  4f10a4e4  sshll2   v4.4s, v7.8h, #0

----------------
IN: dynopt_dct16_neon_candidate
0x0040182c:  4e600b35  rev64    v21.8h, v25.8h

----------------
IN: dynopt_dct16_neon_candidate
0x00401830:  0e6700a7  saddl    v7.4s, v5.4h, v7.4h

----------------
IN: dynopt_dct16_neon_candidate
0x00401834:  4eb8beeb  addp     v11.4s, v23.4s, v24.4s

----------------
IN: dynopt_dct16_neon_candidate
0x00401838:  fd40d3f8  ldr      d24, [sp, #0x1a0]

----------------
IN: dynopt_dct16_neon_candidate
0x0040183c:  fd419bf7  ldr      d23, [sp, #0x330]

----------------
IN: dynopt_dct16_neon_candidate
0x00401840:  4f10a6b0  sshll2   v16.4s, v21.8h, #0

----------------
IN: dynopt_dct16_neon_candidate
0x00401844:  fd41d3e3  ldr      d3, [sp, #0x3a0]

----------------
IN: dynopt_dct16_neon_candidate
0x00401848:  0e781084  saddw    v4.4s, v4.4s, v24.4h

----------------
IN: dynopt_dct16_neon_candidate
0x0040184c:  4ec51b0d  uzp1     v13.2d, v24.2d, v5.2d

----------------
IN: dynopt_dct16_neon_candidate
0x00401850:  3dc00d78  ldr      q24, [x11, #0x30]

----------------
IN: dynopt_dct16_neon_candidate
0x00401854:  4ec31aee  uzp1     v14.2d, v23.2d, v3.2d

----------------
IN: dynopt_dct16_neon_candidate
0x00401858:  0e771210  saddw    v16.4s, v16.4s, v23.4h

----------------
IN: dynopt_dct16_neon_candidate
0x0040185c:  4e180339  tbl      v25.16b, {v25.16b}, v24.16b

----------------
IN: dynopt_dct16_neon_candidate
0x00401860:  0e750075  saddl    v21.4s, v3.4h, v21.4h

----------------
IN: dynopt_dct16_neon_candidate
0x00401864:  fd41d7e3  ldr      d3, [sp, #0x3a8]

----------------
IN: dynopt_dct16_neon_candidate
0x00401868:  4e1801ef  tbl      v15.16b, {v15.16b}, v24.16b

----------------
IN: dynopt_dct16_neon_candidate
0x0040186c:  4e180231  tbl      v17.16b, {v17.16b}, v24.16b

----------------
IN: dynopt_dct16_neon_candidate
0x00401870:  6e7985ce  sub      v14.8h, v14.8h, v25.8h

----------------
IN: dynopt_dct16_neon_candidate
0x00401874:  ad40dc79  ldp      q25, q23, [x3, #0x10]

----------------
IN: dynopt_dct16_neon_candidate
0x00401878:  6e6f85ad  sub      v13.8h, v13.8h, v15.8h

----------------
IN: dynopt_dct16_neon_candidate
0x0040187c:  4e1900e5  tbl      v5.16b, {v7.16b}, v25.16b

----------------
IN: dynopt_dct16_neon_candidate
0x00401880:  4e1902b5  tbl      v21.16b, {v21.16b}, v25.16b

----------------
IN: dynopt_dct16_neon_candidate
0x00401884:  4ea58487  add      v7.4s, v4.4s, v5.4s

----------------
IN: dynopt_dct16_neon_candidate
0x00401888:  4eb5860f  add      v15.4s, v16.4s, v21.4s

----------------
IN: dynopt_dct16_neon_candidate
0x0040188c:  6eb58615  sub      v21.4s, v16.4s, v21.4s

----------------
IN: dynopt_dct16_neon_candidate
0x00401890:  6ea58485  sub      v5.4s, v4.4s, v5.4s

----------------
IN: dynopt_dct16_neon_candidate
0x00401894:  fd419fe4  ldr      d4, [sp, #0x338]

----------------
IN: dynopt_dct16_neon_candidate
0x00401898:  ad04bfe7  stp      q7, q15, [sp, #0x90]

----------------
IN: dynopt_dct16_neon_candidate
0x0040189c:  3d806bf5  str      q21, [sp, #0x1a0]

----------------
IN: dynopt_dct16_neon_candidate
0x004018a0:  4ecf38f5  zip1     v21.2d, v7.2d, v15.2d

----------------
IN: dynopt_dct16_neon_candidate
0x004018a4:  ad0317e0  stp      q0, q5, [sp, #0x60]

----------------
IN: dynopt_dct16_neon_candidate
0x004018a8:  ad44c3ef  ldp      q15, q16, [sp, #0x90]

----------------
IN: dynopt_dct16_neon_candidate
0x004018ac:  4f10a6c7  sshll2   v7.4s, v22.8h, #0

----------------
IN: dynopt_dct16_neon_candidate
0x004018b0:  0e760076  saddl    v22.4s, v3.4h, v22.4h

----------------
IN: dynopt_dct16_neon_candidate
0x004018b4:  4e1721f0  tbl      v16.16b, {v15.16b, v16.16b}, v23.16b

----------------
IN: dynopt_dct16_neon_candidate
0x004018b8:  4ec31880  uzp1     v0.2d, v4.2d, v3.2d

----------------
IN: dynopt_dct16_neon_candidate
0x004018bc:  0e6410e7  saddw    v7.4s, v7.4s, v4.4h

----------------
IN: dynopt_dct16_neon_candidate
0x004018c0:  fd40dbe4  ldr      d4, [sp, #0x1b0]

----------------
IN: dynopt_dct16_neon_candidate
0x004018c4:  4e1902d6  tbl      v22.16b, {v22.16b}, v25.16b

----------------
IN: dynopt_dct16_neon_candidate
0x004018c8:  4eb086af  add      v15.4s, v21.4s, v16.4s

----------------
IN: dynopt_dct16_neon_candidate
0x004018cc:  6e718400  sub      v0.8h, v0.8h, v17.8h

----------------
IN: dynopt_dct16_neon_candidate
0x004018d0:  6eb086b5  sub      v21.4s, v21.4s, v16.4s

----------------
IN: dynopt_dct16_neon_candidate
0x004018d4:  fd40cbf0  ldr      d16, [sp, #0x190]

----------------
IN: dynopt_dct16_neon_candidate
0x004018d8:  4eb684f1  add      v17.4s, v7.4s, v22.4s

----------------
IN: dynopt_dct16_neon_candidate
0x004018dc:  6eb684f6  sub      v22.4s, v7.4s, v22.4s

----------------
IN: dynopt_dct16_neon_candidate
0x004018e0:  3d8027ef  str      q15, [sp, #0x90]

----------------
IN: dynopt_dct16_neon_candidate
0x004018e4:  fd41a3e7  ldr      d7, [sp, #0x340]

----------------
IN: dynopt_dct16_neon_candidate
0x004018e8:  4ec11a0f  uzp1     v15.2d, v16.2d, v1.2d

----------------
IN: dynopt_dct16_neon_candidate
0x004018ec:  ad105bf5  stp      q21, q22, [sp, #0x200]

----------------
IN: dynopt_dct16_neon_candidate
0x004018f0:  4e6008d5  rev64    v21.8h, v6.8h

----------------
IN: dynopt_dct16_neon_candidate
0x004018f4:  4e1800c6  tbl      v6.16b, {v6.16b}, v24.16b

----------------
IN: dynopt_dct16_neon_candidate
0x004018f8:  4f10a6a5  sshll2   v5.4s, v21.8h, #0

----------------
IN: dynopt_dct16_neon_candidate
0x004018fc:  0e750035  saddl    v21.4s, v1.4h, v21.4h

----------------
IN: dynopt_dct16_neon_candidate
0x00401900:  6e6685ef  sub      v15.8h, v15.8h, v6.8h

----------------
IN: dynopt_dct16_neon_candidate
0x00401904:  4ec21881  uzp1     v1.2d, v4.2d, v2.2d

----------------
IN: dynopt_dct16_neon_candidate
0x00401908:  0e7010a5  saddw    v5.4s, v5.4s, v16.4h

----------------
IN: dynopt_dct16_neon_candidate
0x0040190c:  4e1902b5  tbl      v21.16b, {v21.16b}, v25.16b

----------------
IN: dynopt_dct16_neon_candidate
0x00401910:  4eb584b0  add      v16.4s, v5.4s, v21.4s

----------------
IN: dynopt_dct16_neon_candidate
0x00401914:  6eb584a6  sub      v6.4s, v5.4s, v21.4s

----------------
IN: dynopt_dct16_neon_candidate
0x00401918:  fd41dbe5  ldr      d5, [sp, #0x3b0]

----------------
IN: dynopt_dct16_neon_candidate
0x0040191c:  4ed13a16  zip1     v22.2d, v16.2d, v17.2d

----------------
IN: dynopt_dct16_neon_candidate
0x00401920:  ad05c7f0  stp      q16, q17, [sp, #0xb0]

----------------
IN: dynopt_dct16_neon_candidate
0x00401924:  ad45c7f0  ldp      q16, q17, [sp, #0xb0]

----------------
IN: dynopt_dct16_neon_candidate
0x00401928:  3d8067e6  str      q6, [sp, #0x190]

----------------
IN: dynopt_dct16_neon_candidate
0x0040192c:  4e172215  tbl      v21.16b, {v16.16b, v17.16b}, v23.16b

----------------
IN: dynopt_dct16_neon_candidate
0x00401930:  4eb586d1  add      v17.4s, v22.4s, v21.4s

----------------
IN: dynopt_dct16_neon_candidate
0x00401934:  6eb586d6  sub      v22.4s, v22.4s, v21.4s

----------------
IN: dynopt_dct16_neon_candidate
0x00401938:  3d802ff1  str      q17, [sp, #0xb0]

----------------
IN: dynopt_dct16_neon_candidate
0x0040193c:  fd412bf1  ldr      d17, [sp, #0x250]

----------------
IN: dynopt_dct16_neon_candidate
0x00401940:  3d80b7f6  str      q22, [sp, #0x2d0]

----------------
IN: dynopt_dct16_neon_candidate
0x00401944:  4f1d8e71  rshrn2   v17.8h, v19.4s, #3

----------------
IN: dynopt_dct16_neon_candidate
0x00401948:  fd4113f3  ldr      d19, [sp, #0x220]

----------------
IN: dynopt_dct16_neon_candidate
0x0040194c:  4f1d8d53  rshrn2   v19.8h, v10.4s, #3

----------------
IN: dynopt_dct16_neon_candidate
0x00401950:  4e600a35  rev64    v21.8h, v17.8h

----------------
IN: dynopt_dct16_neon_candidate
0x00401954:  4e180231  tbl      v17.16b, {v17.16b}, v24.16b

----------------
IN: dynopt_dct16_neon_candidate
0x00401958:  4e600a76  rev64    v22.8h, v19.8h

----------------
IN: dynopt_dct16_neon_candidate
0x0040195c:  4f10a6aa  sshll2   v10.4s, v21.8h, #0

----------------
IN: dynopt_dct16_neon_candidate
0x00401960:  0e750055  saddl    v21.4s, v2.4h, v21.4h

----------------
IN: dynopt_dct16_neon_candidate
0x00401964:  4e180273  tbl      v19.16b, {v19.16b}, v24.16b

----------------
IN: dynopt_dct16_neon_candidate
0x00401968:  4f10a6d0  sshll2   v16.4s, v22.8h, #0

----------------
IN: dynopt_dct16_neon_candidate
0x0040196c:  0e7600b6  saddl    v22.4s, v5.4h, v22.4h

----------------
IN: dynopt_dct16_neon_candidate
0x00401970:  0e64114a  saddw    v10.4s, v10.4s, v4.4h

----------------
IN: dynopt_dct16_neon_candidate
0x00401974:  4e1902b5  tbl      v21.16b, {v21.16b}, v25.16b

----------------
IN: dynopt_dct16_neon_candidate
0x00401978:  0e671210  saddw    v16.4s, v16.4s, v7.4h

----------------
IN: dynopt_dct16_neon_candidate
0x0040197c:  4e1902d6  tbl      v22.16b, {v22.16b}, v25.16b

----------------
IN: dynopt_dct16_neon_candidate
0x00401980:  4ec518e2  uzp1     v2.2d, v7.2d, v5.2d

----------------
IN: dynopt_dct16_neon_candidate
0x00401984:  fd41dfe5  ldr      d5, [sp, #0x3b8]

----------------
IN: dynopt_dct16_neon_candidate
0x00401988:  6e718421  sub      v1.8h, v1.8h, v17.8h

----------------
IN: dynopt_dct16_neon_candidate
0x0040198c:  4eb58551  add      v17.4s, v10.4s, v21.4s

----------------
IN: dynopt_dct16_neon_candidate
0x00401990:  6eb68604  sub      v4.4s, v16.4s, v22.4s

----------------
IN: dynopt_dct16_neon_candidate
0x00401994:  6e738442  sub      v2.8h, v2.8h, v19.8h

----------------
IN: dynopt_dct16_neon_candidate
0x00401998:  4eb68613  add      v19.4s, v16.4s, v22.4s

----------------
IN: dynopt_dct16_neon_candidate
0x0040199c:  6eb58547  sub      v7.4s, v10.4s, v21.4s

----------------
IN: dynopt_dct16_neon_candidate
0x004019a0:  fd40e3ea  ldr      d10, [sp, #0x1c0]

----------------
IN: dynopt_dct16_neon_candidate
0x004019a4:  3d808be4  str      q4, [sp, #0x220]

----------------
IN: dynopt_dct16_neon_candidate
0x004019a8:  4ed33a36  zip1     v22.2d, v17.2d, v19.2d

----------------
IN: dynopt_dct16_neon_candidate
0x004019ac:  ad06cff1  stp      q17, q19, [sp, #0xd0]

----------------
IN: dynopt_dct16_neon_candidate
0x004019b0:  ad46c7f0  ldp      q16, q17, [sp, #0xd0]

----------------
IN: dynopt_dct16_neon_candidate
0x004019b4:  3d806fe7  str      q7, [sp, #0x1b0]

----------------
IN: dynopt_dct16_neon_candidate
0x004019b8:  4e172215  tbl      v21.16b, {v16.16b, v17.16b}, v23.16b

----------------
IN: dynopt_dct16_neon_candidate
0x004019bc:  4eb586d3  add      v19.4s, v22.4s, v21.4s

----------------
IN: dynopt_dct16_neon_candidate
0x004019c0:  6eb586d1  sub      v17.4s, v22.4s, v21.4s

----------------
IN: dynopt_dct16_neon_candidate
0x004019c4:  3d8037f3  str      q19, [sp, #0xd0]

----------------
IN: dynopt_dct16_neon_candidate
0x004019c8:  3d8097f1  str      q17, [sp, #0x250]

----------------
IN: dynopt_dct16_neon_candidate
0x004019cc:  fd411bf3  ldr      d19, [sp, #0x230]

----------------
IN: dynopt_dct16_neon_candidate
0x004019d0:  fd41bff1  ldr      d17, [sp, #0x378]

----------------
IN: dynopt_dct16_neon_candidate
0x004019d4:  fd41cbe7  ldr      d7, [sp, #0x390]

----------------
IN: dynopt_dct16_neon_candidate
0x004019d8:  4f1d8e53  rshrn2   v19.8h, v18.4s, #3

----------------
IN: dynopt_dct16_neon_candidate
0x004019dc:  fd413bf2  ldr      d18, [sp, #0x270]

----------------
IN: dynopt_dct16_neon_candidate
0x004019e0:  fd41e3e6  ldr      d6, [sp, #0x3c0]

----------------
IN: dynopt_dct16_neon_candidate
0x004019e4:  4f1d8d32  rshrn2   v18.8h, v9.4s, #3

----------------
IN: dynopt_dct16_neon_candidate
0x004019e8:  fd41a7e9  ldr      d9, [sp, #0x348]

----------------
IN: dynopt_dct16_neon_candidate
0x004019ec:  4e600a75  rev64    v21.8h, v19.8h

----------------
IN: dynopt_dct16_neon_candidate
0x004019f0:  4e180273  tbl      v19.16b, {v19.16b}, v24.16b

----------------
IN: dynopt_dct16_neon_candidate
0x004019f4:  4e600a56  rev64    v22.8h, v18.8h

----------------
IN: dynopt_dct16_neon_candidate
0x004019f8:  4f10a6b0  sshll2   v16.4s, v21.8h, #0

----------------
IN: dynopt_dct16_neon_candidate
0x004019fc:  0e750155  saddl    v21.4s, v10.4h, v21.4h

----------------
IN: dynopt_dct16_neon_candidate
0x00401a00:  4e180252  tbl      v18.16b, {v18.16b}, v24.16b

----------------
IN: dynopt_dct16_neon_candidate
0x00401a04:  0e711210  saddw    v16.4s, v16.4s, v17.4h

----------------
IN: dynopt_dct16_neon_candidate
0x00401a08:  4f10a6d1  sshll2   v17.4s, v22.8h, #0

----------------
IN: dynopt_dct16_neon_candidate
0x00401a0c:  0e7600b6  saddl    v22.4s, v5.4h, v22.4h

----------------
IN: dynopt_dct16_neon_candidate
0x00401a10:  4e1902b5  tbl      v21.16b, {v21.16b}, v25.16b

----------------
IN: dynopt_dct16_neon_candidate
0x00401a14:  0e691231  saddw    v17.4s, v17.4s, v9.4h

----------------
IN: dynopt_dct16_neon_candidate
0x00401a18:  fd41bfe9  ldr      d9, [sp, #0x378]

----------------
IN: dynopt_dct16_neon_candidate
0x00401a1c:  4e1902d6  tbl      v22.16b, {v22.16b}, v25.16b

----------------
IN: dynopt_dct16_neon_candidate
0x00401a20:  4eca1923  uzp1     v3.2d, v9.2d, v10.2d

----------------
IN: dynopt_dct16_neon_candidate
0x00401a24:  fd41afe9  ldr      d9, [sp, #0x358]

----------------
IN: dynopt_dct16_neon_candidate
0x00401a28:  fd41cfea  ldr      d10, [sp, #0x398]

----------------
IN: dynopt_dct16_neon_candidate
0x00401a2c:  6e738463  sub      v3.8h, v3.8h, v19.8h

----------------
IN: dynopt_dct16_neon_candidate
0x00401a30:  fd41a7f3  ldr      d19, [sp, #0x348]

----------------
IN: dynopt_dct16_neon_candidate
0x00401a34:  4ec51a64  uzp1     v4.2d, v19.2d, v5.2d

----------------
IN: dynopt_dct16_neon_candidate
0x00401a38:  fd40f3e5  ldr      d5, [sp, #0x1e0]

----------------
IN: dynopt_dct16_neon_candidate
0x00401a3c:  4eb68633  add      v19.4s, v17.4s, v22.4s

----------------
IN: dynopt_dct16_neon_candidate
0x00401a40:  6eb68631  sub      v17.4s, v17.4s, v22.4s

----------------
IN: dynopt_dct16_neon_candidate
0x00401a44:  6e728484  sub      v4.8h, v4.8h, v18.8h

----------------
IN: dynopt_dct16_neon_candidate
0x00401a48:  4eb58612  add      v18.4s, v16.4s, v21.4s

----------------
IN: dynopt_dct16_neon_candidate
0x00401a4c:  6eb58610  sub      v16.4s, v16.4s, v21.4s

----------------
IN: dynopt_dct16_neon_candidate
0x00401a50:  3d808ff1  str      q17, [sp, #0x230]

----------------
IN: dynopt_dct16_neon_candidate
0x00401a54:  4ed33a56  zip1     v22.2d, v18.2d, v19.2d

----------------
IN: dynopt_dct16_neon_candidate
0x00401a58:  ad07cff2  stp      q18, q19, [sp, #0xf0]

----------------
IN: dynopt_dct16_neon_candidate
0x00401a5c:  ad47cff2  ldp      q18, q19, [sp, #0xf0]

----------------
IN: dynopt_dct16_neon_candidate
0x00401a60:  3d8073f0  str      q16, [sp, #0x1c0]

----------------
IN: dynopt_dct16_neon_candidate
0x00401a64:  4e172255  tbl      v21.16b, {v18.16b, v19.16b}, v23.16b

----------------
IN: dynopt_dct16_neon_candidate
0x00401a68:  4eb586d2  add      v18.4s, v22.4s, v21.4s

----------------
IN: dynopt_dct16_neon_candidate
0x00401a6c:  3d803ff2  str      q18, [sp, #0xf0]

----------------
IN: dynopt_dct16_neon_candidate
0x00401a70:  6eb586d2  sub      v18.4s, v22.4s, v21.4s

----------------
IN: dynopt_dct16_neon_candidate
0x00401a74:  3d809ff2  str      q18, [sp, #0x270]

----------------
IN: dynopt_dct16_neon_candidate
0x00401a78:  fd4133f2  ldr      d18, [sp, #0x260]

----------------
IN: dynopt_dct16_neon_candidate
0x00401a7c:  4f1d8f52  rshrn2   v18.8h, v26.4s, #3

----------------
IN: dynopt_dct16_neon_candidate
0x00401a80:  fd41f3fa  ldr      d26, [sp, #0x3e0]

----------------
IN: dynopt_dct16_neon_candidate
0x00401a84:  4f1d8d1a  rshrn2   v26.8h, v8.4s, #3

----------------
IN: dynopt_dct16_neon_candidate
0x00401a88:  fd41abe8  ldr      d8, [sp, #0x350]

----------------
IN: dynopt_dct16_neon_candidate
0x00401a8c:  4e600a56  rev64    v22.8h, v18.8h

----------------
IN: dynopt_dct16_neon_candidate
0x00401a90:  4e180252  tbl      v18.16b, {v18.16b}, v24.16b

----------------
IN: dynopt_dct16_neon_candidate
0x00401a94:  4eba1f51  mov      v17.16b, v26.16b

----------------
IN: dynopt_dct16_neon_candidate
0x00401a98:  4e600b5a  rev64    v26.8h, v26.8h

----------------
IN: dynopt_dct16_neon_candidate
0x00401a9c:  4f10a6d3  sshll2   v19.4s, v22.8h, #0

----------------
IN: dynopt_dct16_neon_candidate
0x00401aa0:  0e7600b6  saddl    v22.4s, v5.4h, v22.4h

----------------
IN: dynopt_dct16_neon_candidate
0x00401aa4:  4e180231  tbl      v17.16b, {v17.16b}, v24.16b

----------------
IN: dynopt_dct16_neon_candidate
0x00401aa8:  4ec518e5  uzp1     v5.2d, v7.2d, v5.2d

----------------
IN: dynopt_dct16_neon_candidate
0x00401aac:  4f10a755  sshll2   v21.4s, v26.8h, #0

----------------
IN: dynopt_dct16_neon_candidate
0x00401ab0:  0e7a00da  saddl    v26.4s, v6.4h, v26.4h

----------------
IN: dynopt_dct16_neon_candidate
0x00401ab4:  4ec61906  uzp1     v6.2d, v8.2d, v6.2d

----------------
IN: dynopt_dct16_neon_candidate
0x00401ab8:  6e7284a5  sub      v5.8h, v5.8h, v18.8h

----------------
IN: dynopt_dct16_neon_candidate
0x00401abc:  4e1902d6  tbl      v22.16b, {v22.16b}, v25.16b

----------------
IN: dynopt_dct16_neon_candidate
0x00401ac0:  0e6812b5  saddw    v21.4s, v21.4s, v8.4h

----------------
IN: dynopt_dct16_neon_candidate
0x00401ac4:  fd41e7e8  ldr      d8, [sp, #0x3c8]

----------------
IN: dynopt_dct16_neon_candidate
0x00401ac8:  6e7184d2  sub      v18.8h, v6.8h, v17.8h

----------------
IN: dynopt_dct16_neon_candidate
0x00401acc:  0e671273  saddw    v19.4s, v19.4s, v7.4h

----------------
IN: dynopt_dct16_neon_candidate
0x00401ad0:  fd40ebe7  ldr      d7, [sp, #0x1d0]

----------------
IN: dynopt_dct16_neon_candidate
0x00401ad4:  4e19035a  tbl      v26.16b, {v26.16b}, v25.16b

----------------
IN: dynopt_dct16_neon_candidate
0x00401ad8:  3dc0abe6  ldr      q6, [sp, #0x2a0]

----------------
IN: dynopt_dct16_neon_candidate
0x00401adc:  3d807bf2  str      q18, [sp, #0x1e0]

----------------
IN: dynopt_dct16_neon_candidate
0x00401ae0:  4eb68671  add      v17.4s, v19.4s, v22.4s

----------------
IN: dynopt_dct16_neon_candidate
0x00401ae4:  4eba86b2  add      v18.4s, v21.4s, v26.4s

----------------
IN: dynopt_dct16_neon_candidate
0x00401ae8:  6eb68673  sub      v19.4s, v19.4s, v22.4s

----------------
IN: dynopt_dct16_neon_candidate
0x00401aec:  6eba86ba  sub      v26.4s, v21.4s, v26.4s

----------------
IN: dynopt_dct16_neon_candidate
0x00401af0:  ad08cbf1  stp      q17, q18, [sp, #0x110]

----------------
IN: dynopt_dct16_neon_candidate
0x00401af4:  ad48dbf5  ldp      q21, q22, [sp, #0x110]

----------------
IN: dynopt_dct16_neon_candidate
0x00401af8:  3d80bbfa  str      q26, [sp, #0x2e0]

----------------
IN: dynopt_dct16_neon_candidate
0x00401afc:  4ed23a3a  zip1     v26.2d, v17.2d, v18.2d

----------------
IN: dynopt_dct16_neon_candidate
0x00401b00:  fd4123f2  ldr      d18, [sp, #0x240]

----------------
IN: dynopt_dct16_neon_candidate
0x00401b04:  4e1722b6  tbl      v22.16b, {v21.16b, v22.16b}, v23.16b

----------------
IN: dynopt_dct16_neon_candidate
0x00401b08:  fd41f7f1  ldr      d17, [sp, #0x3e8]

----------------
IN: dynopt_dct16_neon_candidate
0x00401b0c:  3d809bf3  str      q19, [sp, #0x260]

----------------
IN: dynopt_dct16_neon_candidate
0x00401b10:  4f1d8d92  rshrn2   v18.8h, v12.4s, #3

----------------
IN: dynopt_dct16_neon_candidate
0x00401b14:  4eb68750  add      v16.4s, v26.4s, v22.4s

----------------
IN: dynopt_dct16_neon_candidate
0x00401b18:  4f1d8cd1  rshrn2   v17.8h, v6.4s, #3

----------------
IN: dynopt_dct16_neon_candidate
0x00401b1c:  6eb6875a  sub      v26.4s, v26.4s, v22.4s

----------------
IN: dynopt_dct16_neon_candidate
0x00401b20:  3dc0afe6  ldr      q6, [sp, #0x2b0]

----------------
IN: dynopt_dct16_neon_candidate
0x00401b24:  3d8047f0  str      q16, [sp, #0x110]

----------------
IN: dynopt_dct16_neon_candidate
0x00401b28:  4e600a56  rev64    v22.8h, v18.8h

----------------
IN: dynopt_dct16_neon_candidate
0x00401b2c:  3d80bffa  str      q26, [sp, #0x2f0]

----------------
IN: dynopt_dct16_neon_candidate
0x00401b30:  fd41c3f0  ldr      d16, [sp, #0x380]

----------------
IN: dynopt_dct16_neon_candidate
0x00401b34:  4e600a3a  rev64    v26.8h, v17.8h

----------------
IN: dynopt_dct16_neon_candidate
0x00401b38:  4e180252  tbl      v18.16b, {v18.16b}, v24.16b

----------------
IN: dynopt_dct16_neon_candidate
0x00401b3c:  4f10a6d3  sshll2   v19.4s, v22.8h, #0

----------------
IN: dynopt_dct16_neon_candidate
0x00401b40:  0e7600f6  saddl    v22.4s, v7.4h, v22.4h

----------------
IN: dynopt_dct16_neon_candidate
0x00401b44:  4f10a755  sshll2   v21.4s, v26.8h, #0

----------------
IN: dynopt_dct16_neon_candidate
0x00401b48:  0e7a011a  saddl    v26.4s, v8.4h, v26.4h

----------------
IN: dynopt_dct16_neon_candidate
0x00401b4c:  0e701273  saddw    v19.4s, v19.4s, v16.4h

----------------
IN: dynopt_dct16_neon_candidate
0x00401b50:  4e1902d6  tbl      v22.16b, {v22.16b}, v25.16b

----------------
IN: dynopt_dct16_neon_candidate
0x00401b54:  0e6912b5  saddw    v21.4s, v21.4s, v9.4h

----------------
IN: dynopt_dct16_neon_candidate
0x00401b58:  4e19035a  tbl      v26.16b, {v26.16b}, v25.16b

----------------
IN: dynopt_dct16_neon_candidate
0x00401b5c:  4e180231  tbl      v17.16b, {v17.16b}, v24.16b

----------------
IN: dynopt_dct16_neon_candidate
0x00401b60:  4ec71a07  uzp1     v7.2d, v16.2d, v7.2d

----------------
IN: dynopt_dct16_neon_candidate
0x00401b64:  4ec81930  uzp1     v16.2d, v9.2d, v8.2d

----------------
IN: dynopt_dct16_neon_candidate
0x00401b68:  fd41fbe8  ldr      d8, [sp, #0x3f0]

----------------
IN: dynopt_dct16_neon_candidate
0x00401b6c:  6eb6866c  sub      v12.4s, v19.4s, v22.4s

----------------
IN: dynopt_dct16_neon_candidate
0x00401b70:  6eba86a9  sub      v9.4s, v21.4s, v26.4s

----------------
IN: dynopt_dct16_neon_candidate
0x00401b74:  6e7284e7  sub      v7.8h, v7.8h, v18.8h

----------------
IN: dynopt_dct16_neon_candidate
0x00401b78:  6e718610  sub      v16.8h, v16.8h, v17.8h

----------------
IN: dynopt_dct16_neon_candidate
0x00401b7c:  4eba86b2  add      v18.4s, v21.4s, v26.4s

----------------
IN: dynopt_dct16_neon_candidate
0x00401b80:  3d8077ec  str      q12, [sp, #0x1d0]

----------------
IN: dynopt_dct16_neon_candidate
0x00401b84:  4eb68671  add      v17.4s, v19.4s, v22.4s

----------------
IN: dynopt_dct16_neon_candidate
0x00401b88:  3d8093e9  str      q9, [sp, #0x240]

----------------
IN: dynopt_dct16_neon_candidate
0x00401b8c:  fd41ebe9  ldr      d9, [sp, #0x3d0]

----------------
IN: dynopt_dct16_neon_candidate
0x00401b90:  4f1d8cc8  rshrn2   v8.8h, v6.4s, #3

----------------
IN: dynopt_dct16_neon_candidate
0x00401b94:  3dc103e6  ldr      q6, [sp, #0x400]

----------------
IN: dynopt_dct16_neon_candidate
0x00401b98:  ad09cbf1  stp      q17, q18, [sp, #0x130]

----------------
IN: dynopt_dct16_neon_candidate
0x00401b9c:  ad49dbf5  ldp      q21, q22, [sp, #0x130]

----------------
IN: dynopt_dct16_neon_candidate
0x00401ba0:  4ed23a3a  zip1     v26.2d, v17.2d, v18.2d

----------------
IN: dynopt_dct16_neon_candidate
0x00401ba4:  fd414bf2  ldr      d18, [sp, #0x290]

----------------
IN: dynopt_dct16_neon_candidate
0x00401ba8:  4e18010c  tbl      v12.16b, {v8.16b}, v24.16b

----------------
IN: dynopt_dct16_neon_candidate
0x00401bac:  4e1722b6  tbl      v22.16b, {v21.16b, v22.16b}, v23.16b

----------------
IN: dynopt_dct16_neon_candidate
0x00401bb0:  4f1d8d72  rshrn2   v18.8h, v11.4s, #3

----------------
IN: dynopt_dct16_neon_candidate
0x00401bb4:  fd40fbeb  ldr      d11, [sp, #0x1f0]

----------------
IN: dynopt_dct16_neon_candidate
0x00401bb8:  4eb68755  add      v21.4s, v26.4s, v22.4s

----------------
IN: dynopt_dct16_neon_candidate
0x00401bbc:  6eb6875a  sub      v26.4s, v26.4s, v22.4s

----------------
IN: dynopt_dct16_neon_candidate
0x00401bc0:  4e600a56  rev64    v22.8h, v18.8h

----------------
IN: dynopt_dct16_neon_candidate
0x00401bc4:  4ecb1951  uzp1     v17.2d, v10.2d, v11.2d

----------------
IN: dynopt_dct16_neon_candidate
0x00401bc8:  4e180252  tbl      v18.16b, {v18.16b}, v24.16b

----------------
IN: dynopt_dct16_neon_candidate
0x00401bcc:  3d804ff5  str      q21, [sp, #0x130]

----------------
IN: dynopt_dct16_neon_candidate
0x00401bd0:  4f10a6d3  sshll2   v19.4s, v22.8h, #0

----------------
IN: dynopt_dct16_neon_candidate
0x00401bd4:  3d80abfa  str      q26, [sp, #0x2a0]

----------------
IN: dynopt_dct16_neon_candidate
0x00401bd8:  4e60091a  rev64    v26.8h, v8.8h

----------------
IN: dynopt_dct16_neon_candidate
0x00401bdc:  fd41bbe8  ldr      d8, [sp, #0x370]

----------------
IN: dynopt_dct16_neon_candidate
0x00401be0:  0e760176  saddl    v22.4s, v11.4h, v22.4h

----------------
IN: dynopt_dct16_neon_candidate
0x00401be4:  6e728631  sub      v17.8h, v17.8h, v18.8h

----------------
IN: dynopt_dct16_neon_candidate
0x00401be8:  0e6a1273  saddw    v19.4s, v19.4s, v10.4h

----------------
IN: dynopt_dct16_neon_candidate
0x00401bec:  fd41ffea  ldr      d10, [sp, #0x3f8]

----------------
IN: dynopt_dct16_neon_candidate
0x00401bf0:  4f10a755  sshll2   v21.4s, v26.8h, #0

----------------
IN: dynopt_dct16_neon_candidate
0x00401bf4:  0e7a013a  saddl    v26.4s, v9.4h, v26.4h

----------------
IN: dynopt_dct16_neon_candidate
0x00401bf8:  4e1902d6  tbl      v22.16b, {v22.16b}, v25.16b

----------------
IN: dynopt_dct16_neon_candidate
0x00401bfc:  4ec91912  uzp1     v18.2d, v8.2d, v9.2d

----------------
IN: dynopt_dct16_neon_candidate
0x00401c00:  0e6812b5  saddw    v21.4s, v21.4s, v8.4h

----------------
IN: dynopt_dct16_neon_candidate
0x00401c04:  4e19035a  tbl      v26.16b, {v26.16b}, v25.16b

----------------
IN: dynopt_dct16_neon_candidate
0x00401c08:  4eb6866b  add      v11.4s, v19.4s, v22.4s

----------------
IN: dynopt_dct16_neon_candidate
0x00401c0c:  6e6c8652  sub      v18.8h, v18.8h, v12.8h

----------------
IN: dynopt_dct16_neon_candidate
0x00401c10:  6eb68668  sub      v8.4s, v19.4s, v22.4s

----------------
IN: dynopt_dct16_neon_candidate
0x00401c14:  fd402bf3  ldr      d19, [sp, #0x50]

----------------
IN: dynopt_dct16_neon_candidate
0x00401c18:  4eba86ac  add      v12.4s, v21.4s, v26.4s

----------------
IN: dynopt_dct16_neon_candidate
0x00401c1c:  6eba86ba  sub      v26.4s, v21.4s, v26.4s

----------------
IN: dynopt_dct16_neon_candidate
0x00401c20:  4f1d8cca  rshrn2   v10.8h, v6.4s, #3

----------------
IN: dynopt_dct16_neon_candidate
0x00401c24:  fd41efe6  ldr      d6, [sp, #0x3d8]

----------------
IN: dynopt_dct16_neon_candidate
0x00401c28:  3d807fe8  str      q8, [sp, #0x1f0]

----------------
IN: dynopt_dct16_neon_candidate
0x00401c2c:  ad0ab3eb  stp      q11, q12, [sp, #0x150]

----------------
IN: dynopt_dct16_neon_candidate
0x00401c30:  ad4adbf5  ldp      q21, q22, [sp, #0x150]

----------------
IN: dynopt_dct16_neon_candidate
0x00401c34:  3d80a7fa  str      q26, [sp, #0x290]

----------------
IN: dynopt_dct16_neon_candidate
0x00401c38:  4ecc397a  zip1     v26.2d, v11.2d, v12.2d

----------------
IN: dynopt_dct16_neon_candidate
0x00401c3c:  4e1722b6  tbl      v22.16b, {v21.16b, v22.16b}, v23.16b

----------------
IN: dynopt_dct16_neon_candidate
0x00401c40:  3dc0b3e8  ldr      q8, [sp, #0x2c0]

----------------
IN: dynopt_dct16_neon_candidate
0x00401c44:  4eb68749  add      v9.4s, v26.4s, v22.4s

----------------
IN: dynopt_dct16_neon_candidate
0x00401c48:  6eb68756  sub      v22.4s, v26.4s, v22.4s

----------------
IN: dynopt_dct16_neon_candidate
0x00401c4c:  fd4143fa  ldr      d26, [sp, #0x280]

----------------
IN: dynopt_dct16_neon_candidate
0x00401c50:  4f1d8d1a  rshrn2   v26.8h, v8.4s, #3

----------------
IN: dynopt_dct16_neon_candidate
0x00401c54:  fd41c7e8  ldr      d8, [sp, #0x388]

----------------
IN: dynopt_dct16_neon_candidate
0x00401c58:  3d80aff6  str      q22, [sp, #0x2b0]

----------------
IN: dynopt_dct16_neon_candidate
0x00401c5c:  4e600956  rev64    v22.8h, v10.8h

----------------
IN: dynopt_dct16_neon_candidate
0x00401c60:  3d8057e9  str      q9, [sp, #0x150]

----------------
IN: dynopt_dct16_neon_candidate
0x00401c64:  fd41b3e9  ldr      d9, [sp, #0x360]

----------------
IN: dynopt_dct16_neon_candidate
0x00401c68:  4e600b55  rev64    v21.8h, v26.8h

----------------
IN: dynopt_dct16_neon_candidate
0x00401c6c:  4e18014a  tbl      v10.16b, {v10.16b}, v24.16b

----------------
IN: dynopt_dct16_neon_candidate
0x00401c70:  4f10a6cc  sshll2   v12.4s, v22.8h, #0

----------------
IN: dynopt_dct16_neon_candidate
0x00401c74:  0e7600d6  saddl    v22.4s, v6.4h, v22.4h

----------------
IN: dynopt_dct16_neon_candidate
0x00401c78:  4f10a6ab  sshll2   v11.4s, v21.8h, #0

----------------
IN: dynopt_dct16_neon_candidate
0x00401c7c:  0e750275  saddl    v21.4s, v19.4h, v21.4h

----------------
IN: dynopt_dct16_neon_candidate
0x00401c80:  0e69118c  saddw    v12.4s, v12.4s, v9.4h

----------------
IN: dynopt_dct16_neon_candidate
0x00401c84:  4e1902d6  tbl      v22.16b, {v22.16b}, v25.16b

----------------
IN: dynopt_dct16_neon_candidate
0x00401c88:  0e68116b  saddw    v11.4s, v11.4s, v8.4h

----------------
IN: dynopt_dct16_neon_candidate
0x00401c8c:  4e1902b5  tbl      v21.16b, {v21.16b}, v25.16b

----------------
IN: dynopt_dct16_neon_candidate
0x00401c90:  4e18035a  tbl      v26.16b, {v26.16b}, v24.16b

----------------
IN: dynopt_dct16_neon_candidate
0x00401c94:  4eb68599  add      v25.4s, v12.4s, v22.4s

----------------
IN: dynopt_dct16_neon_candidate
0x00401c98:  0ea81d13  mov      v19.8b, v8.8b

----------------
IN: dynopt_dct16_neon_candidate
0x00401c9c:  4eb58578  add      v24.4s, v11.4s, v21.4s

----------------
IN: dynopt_dct16_neon_candidate
0x00401ca0:  6eb68596  sub      v22.4s, v12.4s, v22.4s

----------------
IN: dynopt_dct16_neon_candidate
0x00401ca4:  6eb58575  sub      v21.4s, v11.4s, v21.4s

----------------
IN: dynopt_dct16_neon_candidate
0x00401ca8:  4d408413  ld1      {v19.d}[1], [x0]

----------------
IN: dynopt_dct16_neon_candidate
0x00401cac:  d00002a0  adrp     x0, #0x457000

----------------
IN: dynopt_dct16_neon_candidate
0x00401cb0:  ad0be7f8  stp      q24, q25, [sp, #0x170]

----------------
IN: dynopt_dct16_neon_candidate
0x00401cb4:  fd403008  ldr      d8, [x0, #0x60]

----------------
IN: dynopt_dct16_neon_candidate
0x00401cb8:  3d80a3f6  str      q22, [sp, #0x280]

----------------
IN: dynopt_dct16_neon_candidate
0x00401cbc:  d00002a0  adrp     x0, #0x457000

----------------
IN: dynopt_dct16_neon_candidate
0x00401cc0:  4ed93b16  zip1     v22.2d, v24.2d, v25.2d

----------------
IN: dynopt_dct16_neon_candidate
0x00401cc4:  3d8017f5  str      q21, [sp, #0x50]

----------------
IN: dynopt_dct16_neon_candidate
0x00401cc8:  ad4be7f8  ldp      q24, q25, [sp, #0x170]

----------------
IN: dynopt_dct16_neon_candidate
0x00401ccc:  3dc01075  ldr      q21, [x3, #0x40]

----------------
IN: dynopt_dct16_neon_candidate
0x00401cd0:  4e172319  tbl      v25.16b, {v24.16b, v25.16b}, v23.16b

----------------
IN: dynopt_dct16_neon_candidate
0x00401cd4:  6e7a8673  sub      v19.8h, v19.8h, v26.8h

----------------
IN: dynopt_dct16_neon_candidate
0x00401cd8:  4e60c2b7  smull2   v23.4s, v21.8h, v0.8h

----------------
IN: dynopt_dct16_neon_candidate
0x00401cdc:  4ec6193a  uzp1     v26.2d, v9.2d, v6.2d

----------------
IN: dynopt_dct16_neon_candidate
0x00401ce0:  fd404869  ldr      d9, [x3, #0x90]

----------------
IN: dynopt_dct16_neon_candidate
0x00401ce4:  4eb986d8  add      v24.4s, v22.4s, v25.4s

----------------
IN: dynopt_dct16_neon_candidate
0x00401ce8:  6eb986d9  sub      v25.4s, v22.4s, v25.4s

----------------
IN: dynopt_dct16_neon_candidate
0x00401cec:  4e6dc2b6  smull2   v22.4s, v21.8h, v13.8h

----------------
IN: dynopt_dct16_neon_candidate
0x00401cf0:  0e608117  smlal    v23.4s, v8.4h, v0.4h

----------------
IN: dynopt_dct16_neon_candidate
0x00401cf4:  6e6a875a  sub      v26.8h, v26.8h, v10.8h

----------------
IN: dynopt_dct16_neon_candidate
0x00401cf8:  3d805ff8  str      q24, [sp, #0x170]

----------------
IN: dynopt_dct16_neon_candidate
0x00401cfc:  4e6fc2b8  smull2   v24.4s, v21.8h, v15.8h

----------------
IN: dynopt_dct16_neon_candidate
0x00401d00:  3d80b3f9  str      q25, [sp, #0x2c0]

----------------
IN: dynopt_dct16_neon_candidate
0x00401d04:  4e6ec2b9  smull2   v25.4s, v21.8h, v14.8h

----------------
IN: dynopt_dct16_neon_candidate
0x00401d08:  0e6d8116  smlal    v22.4s, v8.4h, v13.4h

----------------
IN: dynopt_dct16_neon_candidate
0x00401d0c:  0e6f8118  smlal    v24.4s, v8.4h, v15.4h

----------------
IN: dynopt_dct16_neon_candidate
0x00401d10:  0e6e8119  smlal    v25.4s, v8.4h, v14.4h

----------------
IN: dynopt_dct16_neon_candidate
0x00401d14:  fd404008  ldr      d8, [x0, #0x80]

----------------
IN: dynopt_dct16_neon_candidate
0x00401d18:  d00002a0  adrp     x0, #0x457000

----------------
IN: dynopt_dct16_neon_candidate
0x00401d1c:  4eb7bf18  addp     v24.4s, v24.4s, v23.4s

----------------
IN: dynopt_dct16_neon_candidate
0x00401d20:  4eb9bed9  addp     v25.4s, v22.4s, v25.4s

----------------
IN: dynopt_dct16_neon_candidate
0x00401d24:  3dc01876  ldr      q22, [x3, #0x60]

----------------
IN: dynopt_dct16_neon_candidate
0x00401d28:  4eb8bf39  addp     v25.4s, v25.4s, v24.4s

----------------
IN: dynopt_dct16_neon_candidate
0x00401d2c:  4e6dc2cc  smull2   v12.4s, v22.8h, v13.8h

----------------
IN: dynopt_dct16_neon_candidate
0x00401d30:  4e6fc2d8  smull2   v24.4s, v22.8h, v15.8h

----------------
IN: dynopt_dct16_neon_candidate
0x00401d34:  4e60c2d7  smull2   v23.4s, v22.8h, v0.8h

----------------
IN: dynopt_dct16_neon_candidate
0x00401d38:  0f168f39  rshrn    v25.4h, v25.4s, #0xa

----------------
IN: dynopt_dct16_neon_candidate
0x00401d3c:  0e6d810c  smlal    v12.4s, v8.4h, v13.4h

----------------
IN: dynopt_dct16_neon_candidate
0x00401d40:  0e6f8118  smlal    v24.4s, v8.4h, v15.4h

----------------
IN: dynopt_dct16_neon_candidate
0x00401d44:  0e608117  smlal    v23.4s, v8.4h, v0.4h

----------------
IN: dynopt_dct16_neon_candidate
0x00401d48:  fd001039  str      d25, [x1, #0x20]

----------------
IN: dynopt_dct16_neon_candidate
0x00401d4c:  4e6ec2d9  smull2   v25.4s, v22.8h, v14.8h

----------------
IN: dynopt_dct16_neon_candidate
0x00401d50:  4eb7bf18  addp     v24.4s, v24.4s, v23.4s

----------------
IN: dynopt_dct16_neon_candidate
0x00401d54:  3dc02077  ldr      q23, [x3, #0x80]

----------------
IN: dynopt_dct16_neon_candidate
0x00401d58:  0e6e8119  smlal    v25.4s, v8.4h, v14.4h

----------------
IN: dynopt_dct16_neon_candidate
0x00401d5c:  fd405008  ldr      d8, [x0, #0xa0]

----------------
IN: dynopt_dct16_neon_candidate
0x00401d60:  d00002a0  adrp     x0, #0x457000

----------------
IN: dynopt_dct16_neon_candidate
0x00401d64:  4e6dc2eb  smull2   v11.4s, v23.8h, v13.8h

----------------
IN: dynopt_dct16_neon_candidate
0x00401d68:  4eb9bd99  addp     v25.4s, v12.4s, v25.4s

----------------
IN: dynopt_dct16_neon_candidate
0x00401d6c:  4e60c2ec  smull2   v12.4s, v23.8h, v0.8h

----------------
IN: dynopt_dct16_neon_candidate
0x00401d70:  0e6d810b  smlal    v11.4s, v8.4h, v13.4h

----------------
IN: dynopt_dct16_neon_candidate
0x00401d74:  4eb8bf39  addp     v25.4s, v25.4s, v24.4s

----------------
IN: dynopt_dct16_neon_candidate
0x00401d78:  4e6fc2f8  smull2   v24.4s, v23.8h, v15.8h

----------------
IN: dynopt_dct16_neon_candidate
0x00401d7c:  0e60810c  smlal    v12.4s, v8.4h, v0.4h

----------------
IN: dynopt_dct16_neon_candidate
0x00401d80:  0f168f39  rshrn    v25.4h, v25.4s, #0xa

----------------
IN: dynopt_dct16_neon_candidate
0x00401d84:  0e6f8118  smlal    v24.4s, v8.4h, v15.4h

----------------
IN: dynopt_dct16_neon_candidate
0x00401d88:  fd003039  str      d25, [x1, #0x60]

----------------
IN: dynopt_dct16_neon_candidate
0x00401d8c:  4e6ec2f9  smull2   v25.4s, v23.8h, v14.8h

----------------
IN: dynopt_dct16_neon_candidate
0x00401d90:  4eacbf18  addp     v24.4s, v24.4s, v12.4s

----------------
IN: dynopt_dct16_neon_candidate
0x00401d94:  0e6e8119  smlal    v25.4s, v8.4h, v14.4h

----------------
IN: dynopt_dct16_neon_candidate
0x00401d98:  fd405868  ldr      d8, [x3, #0xb0]

----------------
IN: dynopt_dct16_neon_candidate
0x00401d9c:  4eb9bd79  addp     v25.4s, v11.4s, v25.4s

----------------
IN: dynopt_dct16_neon_candidate
0x00401da0:  4eb8bf39  addp     v25.4s, v25.4s, v24.4s

----------------
IN: dynopt_dct16_neon_candidate
0x00401da4:  3dc02878  ldr      q24, [x3, #0xa0]

----------------
IN: dynopt_dct16_neon_candidate
0x00401da8:  0f168f39  rshrn    v25.4h, v25.4s, #0xa

----------------
IN: dynopt_dct16_neon_candidate
0x00401dac:  4e6dc30a  smull2   v10.4s, v24.8h, v13.8h

----------------
IN: dynopt_dct16_neon_candidate
0x00401db0:  4e6fc30c  smull2   v12.4s, v24.8h, v15.8h

----------------
IN: dynopt_dct16_neon_candidate
0x00401db4:  4e60c30b  smull2   v11.4s, v24.8h, v0.8h

----------------
IN: dynopt_dct16_neon_candidate
0x00401db8:  fd005039  str      d25, [x1, #0xa0]

----------------
IN: dynopt_dct16_neon_candidate
0x00401dbc:  4e6ec319  smull2   v25.4s, v24.8h, v14.8h

----------------
IN: dynopt_dct16_neon_candidate
0x00401dc0:  0e6d812a  smlal    v10.4s, v9.4h, v13.4h

----------------
IN: dynopt_dct16_neon_candidate
0x00401dc4:  0e60812b  smlal    v11.4s, v9.4h, v0.4h

----------------
IN: dynopt_dct16_neon_candidate
0x00401dc8:  0e6f812c  smlal    v12.4s, v9.4h, v15.4h

----------------
IN: dynopt_dct16_neon_candidate
0x00401dcc:  0e6e8139  smlal    v25.4s, v9.4h, v14.4h

----------------
IN: dynopt_dct16_neon_candidate
0x00401dd0:  4eabbd8c  addp     v12.4s, v12.4s, v11.4s

----------------
IN: dynopt_dct16_neon_candidate
0x00401dd4:  4eb9bd59  addp     v25.4s, v10.4s, v25.4s

----------------
IN: dynopt_dct16_neon_candidate
0x00401dd8:  4eacbf39  addp     v25.4s, v25.4s, v12.4s

----------------
IN: dynopt_dct16_neon_candidate
0x00401ddc:  0f168f39  rshrn    v25.4h, v25.4s, #0xa

----------------
IN: dynopt_dct16_neon_candidate
0x00401de0:  fd007039  str      d25, [x1, #0xe0]

----------------
IN: dynopt_dct16_neon_candidate
0x00401de4:  3dc03079  ldr      q25, [x3, #0xc0]

----------------
IN: dynopt_dct16_neon_candidate
0x00401de8:  4e6dc326  smull2   v6.4s, v25.8h, v13.8h

----------------
IN: dynopt_dct16_neon_candidate
0x00401dec:  4e6ec32c  smull2   v12.4s, v25.8h, v14.8h

----------------
IN: dynopt_dct16_neon_candidate
0x00401df0:  4e6fc32b  smull2   v11.4s, v25.8h, v15.8h

----------------
IN: dynopt_dct16_neon_candidate
0x00401df4:  4e60c32a  smull2   v10.4s, v25.8h, v0.8h

----------------
IN: dynopt_dct16_neon_candidate
0x00401df8:  0e6d8106  smlal    v6.4s, v8.4h, v13.4h

----------------
IN: dynopt_dct16_neon_candidate
0x00401dfc:  0e6e810c  smlal    v12.4s, v8.4h, v14.4h

----------------
IN: dynopt_dct16_neon_candidate
0x00401e00:  0e6f810b  smlal    v11.4s, v8.4h, v15.4h

----------------
IN: dynopt_dct16_neon_candidate
0x00401e04:  0e60810a  smlal    v10.4s, v8.4h, v0.4h

----------------
IN: dynopt_dct16_neon_candidate
0x00401e08:  4eacbccc  addp     v12.4s, v6.4s, v12.4s

----------------
IN: dynopt_dct16_neon_candidate
0x00401e0c:  4eaabd6b  addp     v11.4s, v11.4s, v10.4s

----------------
IN: dynopt_dct16_neon_candidate
0x00401e10:  fd40800a  ldr      d10, [x0, #0x100]

----------------
IN: dynopt_dct16_neon_candidate
0x00401e14:  d00002a0  adrp     x0, #0x457000

----------------
IN: dynopt_dct16_neon_candidate
0x00401e18:  4eabbd8c  addp     v12.4s, v12.4s, v11.4s

----------------
IN: dynopt_dct16_neon_candidate
0x00401e1c:  0f168d8c  rshrn    v12.4h, v12.4s, #0xa

----------------
IN: dynopt_dct16_neon_candidate
0x00401e20:  fd00902c  str      d12, [x1, #0x120]

----------------
IN: dynopt_dct16_neon_candidate
0x00401e24:  3dc0386c  ldr      q12, [x3, #0xe0]

----------------
IN: dynopt_dct16_neon_candidate
0x00401e28:  4e6fc186  smull2   v6.4s, v12.8h, v15.8h

----------------
IN: dynopt_dct16_neon_candidate
0x00401e2c:  4e6ec18b  smull2   v11.4s, v12.8h, v14.8h

----------------
IN: dynopt_dct16_neon_candidate
0x00401e30:  3d80c3e6  str      q6, [sp, #0x300]

----------------
IN: dynopt_dct16_neon_candidate
0x00401e34:  4e60c186  smull2   v6.4s, v12.8h, v0.8h

----------------
IN: dynopt_dct16_neon_candidate
0x00401e38:  0e6e814b  smlal    v11.4s, v10.4h, v14.4h

----------------
IN: dynopt_dct16_neon_candidate
0x00401e3c:  3d80c7e6  str      q6, [sp, #0x310]

----------------
IN: dynopt_dct16_neon_candidate
0x00401e40:  4e6dc186  smull2   v6.4s, v12.8h, v13.8h

----------------
IN: dynopt_dct16_neon_candidate
0x00401e44:  0e6d8146  smlal    v6.4s, v10.4h, v13.4h

----------------
IN: dynopt_dct16_neon_candidate
0x00401e48:  4eabbccb  addp     v11.4s, v6.4s, v11.4s

----------------
IN: dynopt_dct16_neon_candidate
0x00401e4c:  3dc0c3e6  ldr      q6, [sp, #0x300]

----------------
IN: dynopt_dct16_neon_candidate
0x00401e50:  0e6f8146  smlal    v6.4s, v10.4h, v15.4h

----------------
IN: dynopt_dct16_neon_candidate
0x00401e54:  3d80c3e6  str      q6, [sp, #0x300]

----------------
IN: dynopt_dct16_neon_candidate
0x00401e58:  3dc0c7e6  ldr      q6, [sp, #0x310]

----------------
IN: dynopt_dct16_neon_candidate
0x00401e5c:  0e608146  smlal    v6.4s, v10.4h, v0.4h

----------------
IN: dynopt_dct16_neon_candidate
0x00401e60:  3dc0c3ea  ldr      q10, [sp, #0x300]

----------------
IN: dynopt_dct16_neon_candidate
0x00401e64:  4ea6bd4a  addp     v10.4s, v10.4s, v6.4s

----------------
IN: dynopt_dct16_neon_candidate
0x00401e68:  4e6dc366  smull2   v6.4s, v27.8h, v13.8h

----------------
IN: dynopt_dct16_neon_candidate
0x00401e6c:  4eaabd6b  addp     v11.4s, v11.4s, v10.4s

----------------
IN: dynopt_dct16_neon_candidate
0x00401e70:  4e6fc36a  smull2   v10.4s, v27.8h, v15.8h

----------------
IN: dynopt_dct16_neon_candidate
0x00401e74:  0f168d6b  rshrn    v11.4h, v11.4s, #0xa

----------------
IN: dynopt_dct16_neon_candidate
0x00401e78:  fd00b02b  str      d11, [x1, #0x160]

----------------
IN: dynopt_dct16_neon_candidate
0x00401e7c:  4e6ec36b  smull2   v11.4s, v27.8h, v14.8h

----------------
IN: dynopt_dct16_neon_candidate
0x00401e80:  4e60c37b  smull2   v27.4s, v27.8h, v0.8h

----------------
IN: dynopt_dct16_neon_candidate
0x00401e84:  3d80c3fb  str      q27, [sp, #0x300]

----------------
IN: dynopt_dct16_neon_candidate
0x00401e88:  fd40901b  ldr      d27, [x0, #0x120]

----------------
IN: dynopt_dct16_neon_candidate
0x00401e8c:  d00002a0  adrp     x0, #0x457000

----------------
IN: dynopt_dct16_neon_candidate
0x00401e90:  0e6d8366  smlal    v6.4s, v27.4h, v13.4h

----------------
IN: dynopt_dct16_neon_candidate
0x00401e94:  0e6e836b  smlal    v11.4s, v27.4h, v14.4h

----------------
IN: dynopt_dct16_neon_candidate
0x00401e98:  0e6f836a  smlal    v10.4s, v27.4h, v15.4h

----------------
IN: dynopt_dct16_neon_candidate
0x00401e9c:  4eabbccb  addp     v11.4s, v6.4s, v11.4s

----------------
IN: dynopt_dct16_neon_candidate
0x00401ea0:  3dc0c3e6  ldr      q6, [sp, #0x300]

----------------
IN: dynopt_dct16_neon_candidate
0x00401ea4:  0e608366  smlal    v6.4s, v27.4h, v0.4h

----------------
IN: dynopt_dct16_neon_candidate
0x00401ea8:  4e6ec29b  smull2   v27.4s, v20.8h, v14.8h

----------------
IN: dynopt_dct16_neon_candidate
0x00401eac:  4ea6bd4a  addp     v10.4s, v10.4s, v6.4s

----------------
IN: dynopt_dct16_neon_candidate
0x00401eb0:  4e6dc286  smull2   v6.4s, v20.8h, v13.8h

----------------
IN: dynopt_dct16_neon_candidate
0x00401eb4:  3d80c3fb  str      q27, [sp, #0x300]

----------------
IN: dynopt_dct16_neon_candidate
0x00401eb8:  fd40a01b  ldr      d27, [x0, #0x140]

----------------
IN: dynopt_dct16_neon_candidate
0x00401ebc:  4eaabd6b  addp     v11.4s, v11.4s, v10.4s

----------------
IN: dynopt_dct16_neon_candidate
0x00401ec0:  0e6d8366  smlal    v6.4s, v27.4h, v13.4h

----------------
IN: dynopt_dct16_neon_candidate
0x00401ec4:  3dc0c3ed  ldr      q13, [sp, #0x300]

----------------
IN: dynopt_dct16_neon_candidate
0x00401ec8:  0f168d6b  rshrn    v11.4h, v11.4s, #0xa

----------------
IN: dynopt_dct16_neon_candidate
0x00401ecc:  4e60c28a  smull2   v10.4s, v20.8h, v0.8h

----------------
IN: dynopt_dct16_neon_candidate
0x00401ed0:  0e6e836d  smlal    v13.4s, v27.4h, v14.4h

----------------
IN: dynopt_dct16_neon_candidate
0x00401ed4:  fd00d02b  str      d11, [x1, #0x1a0]

----------------
IN: dynopt_dct16_neon_candidate
0x00401ed8:  4e6fc28b  smull2   v11.4s, v20.8h, v15.8h

----------------
IN: dynopt_dct16_neon_candidate
0x00401edc:  4eadbcdb  addp     v27.4s, v6.4s, v13.4s

----------------
IN: dynopt_dct16_neon_candidate
0x00401ee0:  fd40a006  ldr      d6, [x0, #0x140]

----------------
IN: dynopt_dct16_neon_candidate
0x00401ee4:  3dc01fed  ldr      q13, [sp, #0x70]

----------------
IN: dynopt_dct16_neon_candidate
0x00401ee8:  d00002a0  adrp     x0, #0x457000

----------------
IN: dynopt_dct16_neon_candidate
0x00401eec:  0e6080ca  smlal    v10.4s, v6.4h, v0.4h

----------------
IN: dynopt_dct16_neon_candidate
0x00401ef0:  0e6f80cb  smlal    v11.4s, v6.4h, v15.4h

----------------
IN: dynopt_dct16_neon_candidate
0x00401ef4:  3dc087e0  ldr      q0, [sp, #0x210]

----------------
IN: dynopt_dct16_neon_candidate
0x00401ef8:  3dc06806  ldr      q6, [x0, #0x1a0]

----------------
IN: dynopt_dct16_neon_candidate
0x00401efc:  4eaabd6b  addp     v11.4s, v11.4s, v10.4s

----------------
IN: dynopt_dct16_neon_candidate
0x00401f00:  4ea09f8e  mul      v14.4s, v28.4s, v0.4s

----------------
IN: dynopt_dct16_neon_candidate
0x00401f04:  4eabbf7b  addp     v27.4s, v27.4s, v11.4s

----------------
IN: dynopt_dct16_neon_candidate
0x00401f08:  ad4cafea  ldp      q10, q11, [sp, #0x190]

----------------
IN: dynopt_dct16_neon_candidate
0x00401f0c:  0f168f7b  rshrn    v27.4h, v27.4s, #0xa

----------------
IN: dynopt_dct16_neon_candidate
0x00401f10:  4eab9f8f  mul      v15.4s, v28.4s, v11.4s

----------------
IN: dynopt_dct16_neon_candidate
0x00401f14:  fd00f03b  str      d27, [x1, #0x1e0]

----------------
IN: dynopt_dct16_neon_candidate
0x00401f18:  4ead9f9b  mul      v27.4s, v28.4s, v13.4s

----------------
IN: dynopt_dct16_neon_candidate
0x00401f1c:  4eafbf7b  addp     v27.4s, v27.4s, v15.4s

----------------
IN: dynopt_dct16_neon_candidate
0x00401f20:  4eaa9f8f  mul      v15.4s, v28.4s, v10.4s

----------------
IN: dynopt_dct16_neon_candidate
0x00401f24:  4eaebdef  addp     v15.4s, v15.4s, v14.4s

----------------
IN: dynopt_dct16_neon_candidate
0x00401f28:  4ea09fae  mul      v14.4s, v29.4s, v0.4s

----------------
IN: dynopt_dct16_neon_candidate
0x00401f2c:  4eafbf7b  addp     v27.4s, v27.4s, v15.4s

----------------
IN: dynopt_dct16_neon_candidate
0x00401f30:  4eab9faf  mul      v15.4s, v29.4s, v11.4s

----------------
IN: dynopt_dct16_neon_candidate
0x00401f34:  0f168f7b  rshrn    v27.4h, v27.4s, #0xa

----------------
IN: dynopt_dct16_neon_candidate
0x00401f38:  fd00203b  str      d27, [x1, #0x40]

----------------
IN: dynopt_dct16_neon_candidate
0x00401f3c:  4ead9fbb  mul      v27.4s, v29.4s, v13.4s

----------------
IN: dynopt_dct16_neon_candidate
0x00401f40:  4eafbf7b  addp     v27.4s, v27.4s, v15.4s

----------------
IN: dynopt_dct16_neon_candidate
0x00401f44:  4eaa9faf  mul      v15.4s, v29.4s, v10.4s

----------------
IN: dynopt_dct16_neon_candidate
0x00401f48:  4eaebdef  addp     v15.4s, v15.4s, v14.4s

----------------
IN: dynopt_dct16_neon_candidate
0x00401f4c:  4ea09fce  mul      v14.4s, v30.4s, v0.4s

----------------
IN: dynopt_dct16_neon_candidate
0x00401f50:  4eafbf7b  addp     v27.4s, v27.4s, v15.4s

----------------
IN: dynopt_dct16_neon_candidate
0x00401f54:  4eab9fcf  mul      v15.4s, v30.4s, v11.4s

----------------
IN: dynopt_dct16_neon_candidate
0x00401f58:  0f168f7b  rshrn    v27.4h, v27.4s, #0xa

----------------
IN: dynopt_dct16_neon_candidate
0x00401f5c:  fd00603b  str      d27, [x1, #0xc0]

----------------
IN: dynopt_dct16_neon_candidate
0x00401f60:  4ead9fdb  mul      v27.4s, v30.4s, v13.4s

----------------
IN: dynopt_dct16_neon_candidate
0x00401f64:  4eafbf7b  addp     v27.4s, v27.4s, v15.4s

----------------
IN: dynopt_dct16_neon_candidate
0x00401f68:  4eaa9fcf  mul      v15.4s, v30.4s, v10.4s

----------------
IN: dynopt_dct16_neon_candidate
0x00401f6c:  4eaebdef  addp     v15.4s, v15.4s, v14.4s

----------------
IN: dynopt_dct16_neon_candidate
0x00401f70:  4ea09fee  mul      v14.4s, v31.4s, v0.4s

----------------
IN: dynopt_dct16_neon_candidate
0x00401f74:  3dc01be0  ldr      q0, [sp, #0x60]

----------------
IN: dynopt_dct16_neon_candidate
0x00401f78:  4eafbf7b  addp     v27.4s, v27.4s, v15.4s

----------------
IN: dynopt_dct16_neon_candidate
0x00401f7c:  4eab9fef  mul      v15.4s, v31.4s, v11.4s

----------------
IN: dynopt_dct16_neon_candidate
0x00401f80:  3dc0b7eb  ldr      q11, [sp, #0x2d0]

----------------
IN: dynopt_dct16_neon_candidate
0x00401f84:  0f168f7b  rshrn    v27.4h, v27.4s, #0xa

----------------
IN: dynopt_dct16_neon_candidate
0x00401f88:  fd00a03b  str      d27, [x1, #0x140]

----------------
IN: dynopt_dct16_neon_candidate
0x00401f8c:  4ead9ffb  mul      v27.4s, v31.4s, v13.4s

----------------
IN: dynopt_dct16_neon_candidate
0x00401f90:  3dc02fed  ldr      q13, [sp, #0xb0]

----------------
IN: dynopt_dct16_neon_candidate
0x00401f94:  4eafbf6f  addp     v15.4s, v27.4s, v15.4s

----------------
IN: dynopt_dct16_neon_candidate
0x00401f98:  4eaa9ffb  mul      v27.4s, v31.4s, v10.4s

----------------
IN: dynopt_dct16_neon_candidate
0x00401f9c:  3dc027ea  ldr      q10, [sp, #0x90]

----------------
IN: dynopt_dct16_neon_candidate
0x00401fa0:  4eaebf7b  addp     v27.4s, v27.4s, v14.4s

----------------
IN: dynopt_dct16_neon_candidate
0x00401fa4:  3dc083ee  ldr      q14, [sp, #0x200]

----------------
IN: dynopt_dct16_neon_candidate
0x00401fa8:  4ebbbdef  addp     v15.4s, v15.4s, v27.4s

----------------
IN: dynopt_dct16_neon_candidate
0x00401fac:  4eadbd5b  addp     v27.4s, v10.4s, v13.4s

----------------
IN: dynopt_dct16_neon_candidate
0x00401fb0:  0f168def  rshrn    v15.4h, v15.4s, #0xa

----------------
IN: dynopt_dct16_neon_candidate
0x00401fb4:  4f26577b  shl      v27.4s, v27.4s, #6

----------------
IN: dynopt_dct16_neon_candidate
0x00401fb8:  fd00e02f  str      d15, [x1, #0x1c0]

----------------
IN: dynopt_dct16_neon_candidate
0x00401fbc:  0f168f7b  rshrn    v27.4h, v27.4s, #0xa

----------------
IN: dynopt_dct16_neon_candidate
0x00401fc0:  4ea09d6f  mul      v15.4s, v11.4s, v0.4s

----------------
IN: dynopt_dct16_neon_candidate
0x00401fc4:  fd00003b  str      d27, [x1]

----------------
IN: dynopt_dct16_neon_candidate
0x00401fc8:  4ea09ddb  mul      v27.4s, v14.4s, v0.4s

----------------
IN: dynopt_dct16_neon_candidate
0x00401fcc:  4eafbf7b  addp     v27.4s, v27.4s, v15.4s

----------------
IN: dynopt_dct16_neon_candidate
0x00401fd0:  3dc013ef  ldr      q15, [sp, #0x40]

----------------
IN: dynopt_dct16_neon_candidate
0x00401fd4:  0f168f7b  rshrn    v27.4h, v27.4s, #0xa

----------------
IN: dynopt_dct16_neon_candidate
0x00401fd8:  fd00403b  str      d27, [x1, #0x80]

----------------
IN: dynopt_dct16_neon_candidate
0x00401fdc:  4eaf9d5b  mul      v27.4s, v10.4s, v15.4s

----------------
IN: dynopt_dct16_neon_candidate
0x00401fe0:  4eaf9daf  mul      v15.4s, v13.4s, v15.4s

----------------
IN: dynopt_dct16_neon_candidate
0x00401fe4:  3dc0680a  ldr      q10, [x0, #0x1a0]

----------------
IN: dynopt_dct16_neon_candidate
0x00401fe8:  d00002a0  adrp     x0, #0x457000

----------------
IN: dynopt_dct16_neon_candidate
0x00401fec:  4e61c2ad  smull2   v13.4s, v21.8h, v1.8h

----------------
IN: dynopt_dct16_neon_candidate
0x00401ff0:  4eafbf7b  addp     v27.4s, v27.4s, v15.4s

----------------
IN: dynopt_dct16_neon_candidate
0x00401ff4:  4ea69d6f  mul      v15.4s, v11.4s, v6.4s

----------------
IN: dynopt_dct16_neon_candidate
0x00401ff8:  fd40a006  ldr      d6, [x0, #0x140]

----------------
IN: dynopt_dct16_neon_candidate
0x00401ffc:  d00002a0  adrp     x0, #0x457000

----------------
IN: dynopt_dct16_neon_candidate
0x00402000:  0f168f7b  rshrn    v27.4h, v27.4s, #0xa

----------------
IN: dynopt_dct16_neon_candidate
0x00402004:  fd00803b  str      d27, [x1, #0x100]

----------------
IN: dynopt_dct16_neon_candidate
0x00402008:  4eaa9ddb  mul      v27.4s, v14.4s, v10.4s

----------------
IN: dynopt_dct16_neon_candidate
0x0040200c:  fd40304a  ldr      d10, [x2, #0x60]

----------------
IN: dynopt_dct16_neon_candidate
0x00402010:  4e64c2ae  smull2   v14.4s, v21.8h, v4.8h

----------------
IN: dynopt_dct16_neon_candidate
0x00402014:  b00002a2  adrp     x2, #0x457000

----------------
IN: dynopt_dct16_neon_candidate
0x00402018:  0e61814d  smlal    v13.4s, v10.4h, v1.4h

----------------
IN: dynopt_dct16_neon_candidate
0x0040201c:  4eafbf7b  addp     v27.4s, v27.4s, v15.4s

----------------
IN: dynopt_dct16_neon_candidate
0x00402020:  4e63c2af  smull2   v15.4s, v21.8h, v3.8h

----------------
IN: dynopt_dct16_neon_candidate
0x00402024:  0e64814e  smlal    v14.4s, v10.4h, v4.4h

----------------
IN: dynopt_dct16_neon_candidate
0x00402028:  0f168f7b  rshrn    v27.4h, v27.4s, #0xa

----------------
IN: dynopt_dct16_neon_candidate
0x0040202c:  0e63814f  smlal    v15.4s, v10.4h, v3.4h

----------------
IN: dynopt_dct16_neon_candidate
0x00402030:  fd00c03b  str      d27, [x1, #0x180]

----------------
IN: dynopt_dct16_neon_candidate
0x00402034:  4e62c2bb  smull2   v27.4s, v21.8h, v2.8h

----------------
IN: dynopt_dct16_neon_candidate
0x00402038:  4eaebdef  addp     v15.4s, v15.4s, v14.4s

----------------
IN: dynopt_dct16_neon_candidate
0x0040203c:  4e64c2ce  smull2   v14.4s, v22.8h, v4.8h

----------------
IN: dynopt_dct16_neon_candidate
0x00402040:  0e62815b  smlal    v27.4s, v10.4h, v2.4h

----------------
IN: dynopt_dct16_neon_candidate
0x00402044:  fd40404a  ldr      d10, [x2, #0x80]

----------------
IN: dynopt_dct16_neon_candidate
0x00402048:  b00002a2  adrp     x2, #0x457000

----------------
IN: dynopt_dct16_neon_candidate
0x0040204c:  0e64814e  smlal    v14.4s, v10.4h, v4.4h

----------------
IN: dynopt_dct16_neon_candidate
0x00402050:  4ebbbdbb  addp     v27.4s, v13.4s, v27.4s

----------------
IN: dynopt_dct16_neon_candidate
0x00402054:  4e61c2cd  smull2   v13.4s, v22.8h, v1.8h

----------------
IN: dynopt_dct16_neon_candidate
0x00402058:  4eafbf7b  addp     v27.4s, v27.4s, v15.4s

----------------
IN: dynopt_dct16_neon_candidate
0x0040205c:  4e63c2cf  smull2   v15.4s, v22.8h, v3.8h

----------------
IN: dynopt_dct16_neon_candidate
0x00402060:  0e61814d  smlal    v13.4s, v10.4h, v1.4h

----------------
IN: dynopt_dct16_neon_candidate
0x00402064:  0f168f7b  rshrn    v27.4h, v27.4s, #0xa

----------------
IN: dynopt_dct16_neon_candidate
0x00402068:  0e63814f  smlal    v15.4s, v10.4h, v3.4h

----------------
IN: dynopt_dct16_neon_candidate
0x0040206c:  fd00143b  str      d27, [x1, #0x28]

----------------
IN: dynopt_dct16_neon_candidate
0x00402070:  4e62c2db  smull2   v27.4s, v22.8h, v2.8h

----------------
IN: dynopt_dct16_neon_candidate
0x00402074:  4eaebdef  addp     v15.4s, v15.4s, v14.4s

----------------
IN: dynopt_dct16_neon_candidate
0x00402078:  4e64c2ee  smull2   v14.4s, v23.8h, v4.8h

----------------
IN: dynopt_dct16_neon_candidate
0x0040207c:  0e62815b  smlal    v27.4s, v10.4h, v2.4h

----------------
IN: dynopt_dct16_neon_candidate
0x00402080:  fd40504a  ldr      d10, [x2, #0xa0]

----------------
IN: dynopt_dct16_neon_candidate
0x00402084:  b00002a2  adrp     x2, #0x457000

----------------
IN: dynopt_dct16_neon_candidate
0x00402088:  0e64814e  smlal    v14.4s, v10.4h, v4.4h

----------------
IN: dynopt_dct16_neon_candidate
0x0040208c:  4ebbbdbb  addp     v27.4s, v13.4s, v27.4s

----------------
IN: dynopt_dct16_neon_candidate
0x00402090:  4e61c2ed  smull2   v13.4s, v23.8h, v1.8h

----------------
IN: dynopt_dct16_neon_candidate
0x00402094:  4eafbf7b  addp     v27.4s, v27.4s, v15.4s

----------------
IN: dynopt_dct16_neon_candidate
0x00402098:  4e63c2ef  smull2   v15.4s, v23.8h, v3.8h

----------------
IN: dynopt_dct16_neon_candidate
0x0040209c:  0e61814d  smlal    v13.4s, v10.4h, v1.4h

----------------
IN: dynopt_dct16_neon_candidate
0x004020a0:  0f168f7b  rshrn    v27.4h, v27.4s, #0xa

----------------
IN: dynopt_dct16_neon_candidate
0x004020a4:  0e63814f  smlal    v15.4s, v10.4h, v3.4h

----------------
IN: dynopt_dct16_neon_candidate
0x004020a8:  fd00343b  str      d27, [x1, #0x68]

----------------
IN: dynopt_dct16_neon_candidate
0x004020ac:  4e62c2fb  smull2   v27.4s, v23.8h, v2.8h

----------------
IN: dynopt_dct16_neon_candidate
0x004020b0:  4eaebdef  addp     v15.4s, v15.4s, v14.4s

----------------
IN: dynopt_dct16_neon_candidate
0x004020b4:  4e64c30e  smull2   v14.4s, v24.8h, v4.8h

----------------
IN: dynopt_dct16_neon_candidate
0x004020b8:  0e62815b  smlal    v27.4s, v10.4h, v2.4h

----------------
IN: dynopt_dct16_neon_candidate
0x004020bc:  fd40804a  ldr      d10, [x2, #0x100]

----------------
IN: dynopt_dct16_neon_candidate
0x004020c0:  0e64812e  smlal    v14.4s, v9.4h, v4.4h

----------------
IN: dynopt_dct16_neon_candidate
0x004020c4:  4ebbbdbb  addp     v27.4s, v13.4s, v27.4s

----------------
IN: dynopt_dct16_neon_candidate
0x004020c8:  4e61c30d  smull2   v13.4s, v24.8h, v1.8h

----------------
IN: dynopt_dct16_neon_candidate
0x004020cc:  4eafbf7b  addp     v27.4s, v27.4s, v15.4s

----------------
IN: dynopt_dct16_neon_candidate
0x004020d0:  4e63c30f  smull2   v15.4s, v24.8h, v3.8h

----------------
IN: dynopt_dct16_neon_candidate
0x004020d4:  0e61812d  smlal    v13.4s, v9.4h, v1.4h

----------------
IN: dynopt_dct16_neon_candidate
0x004020d8:  0f168f7b  rshrn    v27.4h, v27.4s, #0xa

----------------
IN: dynopt_dct16_neon_candidate
0x004020dc:  0e63812f  smlal    v15.4s, v9.4h, v3.4h

----------------
IN: dynopt_dct16_neon_candidate
0x004020e0:  fd00543b  str      d27, [x1, #0xa8]

----------------
IN: dynopt_dct16_neon_candidate
0x004020e4:  4e62c31b  smull2   v27.4s, v24.8h, v2.8h

----------------
IN: dynopt_dct16_neon_candidate
0x004020e8:  4eaebdef  addp     v15.4s, v15.4s, v14.4s

----------------
IN: dynopt_dct16_neon_candidate
0x004020ec:  4e64c32e  smull2   v14.4s, v25.8h, v4.8h

----------------
IN: dynopt_dct16_neon_candidate
0x004020f0:  0e62813b  smlal    v27.4s, v9.4h, v2.4h

----------------
IN: dynopt_dct16_neon_candidate
0x004020f4:  0e64810e  smlal    v14.4s, v8.4h, v4.4h

----------------
IN: dynopt_dct16_neon_candidate
0x004020f8:  4ebbbdbb  addp     v27.4s, v13.4s, v27.4s

----------------
IN: dynopt_dct16_neon_candidate
0x004020fc:  4e61c32d  smull2   v13.4s, v25.8h, v1.8h

----------------
IN: dynopt_dct16_neon_candidate
0x00402100:  4eafbf7b  addp     v27.4s, v27.4s, v15.4s

----------------
IN: dynopt_dct16_neon_candidate
0x00402104:  4e63c32f  smull2   v15.4s, v25.8h, v3.8h

----------------
IN: dynopt_dct16_neon_candidate
0x00402108:  0e61810d  smlal    v13.4s, v8.4h, v1.4h

----------------
IN: dynopt_dct16_neon_candidate
0x0040210c:  0f168f7b  rshrn    v27.4h, v27.4s, #0xa

----------------
IN: dynopt_dct16_neon_candidate
0x00402110:  0e63810f  smlal    v15.4s, v8.4h, v3.4h

----------------
IN: dynopt_dct16_neon_candidate
0x00402114:  fd00743b  str      d27, [x1, #0xe8]

----------------
IN: dynopt_dct16_neon_candidate
0x00402118:  4e62c33b  smull2   v27.4s, v25.8h, v2.8h

----------------
IN: dynopt_dct16_neon_candidate
0x0040211c:  4eaebdef  addp     v15.4s, v15.4s, v14.4s

----------------
IN: dynopt_dct16_neon_candidate
0x00402120:  4e64c18e  smull2   v14.4s, v12.8h, v4.8h

----------------
IN: dynopt_dct16_neon_candidate
0x00402124:  0e62811b  smlal    v27.4s, v8.4h, v2.4h

----------------
IN: dynopt_dct16_neon_candidate
0x00402128:  0e64814e  smlal    v14.4s, v10.4h, v4.4h

----------------
IN: dynopt_dct16_neon_candidate
0x0040212c:  4ebbbdbb  addp     v27.4s, v13.4s, v27.4s

----------------
IN: dynopt_dct16_neon_candidate
0x00402130:  4e61c18d  smull2   v13.4s, v12.8h, v1.8h

----------------
IN: dynopt_dct16_neon_candidate
0x00402134:  4eafbf7b  addp     v27.4s, v27.4s, v15.4s

----------------
IN: dynopt_dct16_neon_candidate
0x00402138:  4e63c18f  smull2   v15.4s, v12.8h, v3.8h

----------------
IN: dynopt_dct16_neon_candidate
0x0040213c:  0e61814d  smlal    v13.4s, v10.4h, v1.4h

----------------
IN: dynopt_dct16_neon_candidate
0x00402140:  0f168f7b  rshrn    v27.4h, v27.4s, #0xa

----------------
IN: dynopt_dct16_neon_candidate
0x00402144:  0e63814f  smlal    v15.4s, v10.4h, v3.4h

----------------
IN: dynopt_dct16_neon_candidate
0x00402148:  fd00943b  str      d27, [x1, #0x128]

----------------
IN: dynopt_dct16_neon_candidate
0x0040214c:  4e62c19b  smull2   v27.4s, v12.8h, v2.8h

----------------
IN: dynopt_dct16_neon_candidate
0x00402150:  4eaebdef  addp     v15.4s, v15.4s, v14.4s

----------------
IN: dynopt_dct16_neon_candidate
0x00402154:  0e62815b  smlal    v27.4s, v10.4h, v2.4h

----------------
IN: dynopt_dct16_neon_candidate
0x00402158:  fd40786a  ldr      d10, [x3, #0xf0]

----------------
IN: dynopt_dct16_neon_candidate
0x0040215c:  4ebbbdbb  addp     v27.4s, v13.4s, v27.4s

----------------
IN: dynopt_dct16_neon_candidate
0x00402160:  4eafbf7b  addp     v27.4s, v27.4s, v15.4s

----------------
IN: dynopt_dct16_neon_candidate
0x00402164:  0f168f7b  rshrn    v27.4h, v27.4s, #0xa

----------------
IN: dynopt_dct16_neon_candidate
0x00402168:  fd00b43b  str      d27, [x1, #0x168]

----------------
IN: dynopt_dct16_neon_candidate
0x0040216c:  3dc0407b  ldr      q27, [x3, #0x100]

----------------
IN: dynopt_dct16_neon_candidate
0x00402170:  4e61c36b  smull2   v11.4s, v27.8h, v1.8h

----------------
IN: dynopt_dct16_neon_candidate
0x00402174:  4e62c36f  smull2   v15.4s, v27.8h, v2.8h

----------------
IN: dynopt_dct16_neon_candidate
0x00402178:  4e63c36e  smull2   v14.4s, v27.8h, v3.8h

----------------
IN: dynopt_dct16_neon_candidate
0x0040217c:  4e64c36d  smull2   v13.4s, v27.8h, v4.8h

----------------
IN: dynopt_dct16_neon_candidate
0x00402180:  0e61814b  smlal    v11.4s, v10.4h, v1.4h

----------------
IN: dynopt_dct16_neon_candidate
0x00402184:  0e62814f  smlal    v15.4s, v10.4h, v2.4h

----------------
IN: dynopt_dct16_neon_candidate
0x00402188:  0e63814e  smlal    v14.4s, v10.4h, v3.4h

----------------
IN: dynopt_dct16_neon_candidate
0x0040218c:  0e64814d  smlal    v13.4s, v10.4h, v4.4h

----------------
IN: dynopt_dct16_neon_candidate
0x00402190:  4eafbd6f  addp     v15.4s, v11.4s, v15.4s

----------------
IN: dynopt_dct16_neon_candidate
0x00402194:  4e61c28b  smull2   v11.4s, v20.8h, v1.8h

----------------
IN: dynopt_dct16_neon_candidate
0x00402198:  4eadbdce  addp     v14.4s, v14.4s, v13.4s

----------------
IN: dynopt_dct16_neon_candidate
0x0040219c:  4e64c28d  smull2   v13.4s, v20.8h, v4.8h

----------------
IN: dynopt_dct16_neon_candidate
0x004021a0:  0e6180cb  smlal    v11.4s, v6.4h, v1.4h

----------------
IN: dynopt_dct16_neon_candidate
0x004021a4:  4eaebdef  addp     v15.4s, v15.4s, v14.4s

----------------
IN: dynopt_dct16_neon_candidate
0x004021a8:  4e63c28e  smull2   v14.4s, v20.8h, v3.8h

----------------
IN: dynopt_dct16_neon_candidate
0x004021ac:  0e6480cd  smlal    v13.4s, v6.4h, v4.4h

----------------
IN: dynopt_dct16_neon_candidate
0x004021b0:  ad5107e4  ldp      q4, q1, [sp, #0x220]

----------------
IN: dynopt_dct16_neon_candidate
0x004021b4:  0f168def  rshrn    v15.4h, v15.4s, #0xa

----------------
IN: dynopt_dct16_neon_candidate
0x004021b8:  0e6380ce  smlal    v14.4s, v6.4h, v3.4h

----------------
IN: dynopt_dct16_neon_candidate
0x004021bc:  3dc013e3  ldr      q3, [sp, #0x40]

----------------
IN: dynopt_dct16_neon_candidate
0x004021c0:  fd00d42f  str      d15, [x1, #0x1a8]

----------------
IN: dynopt_dct16_neon_candidate
0x004021c4:  4e62c28f  smull2   v15.4s, v20.8h, v2.8h

----------------
IN: dynopt_dct16_neon_candidate
0x004021c8:  4eadbdce  addp     v14.4s, v14.4s, v13.4s

----------------
IN: dynopt_dct16_neon_candidate
0x004021cc:  4ea19f8d  mul      v13.4s, v28.4s, v1.4s

----------------
IN: dynopt_dct16_neon_candidate
0x004021d0:  0e6280cf  smlal    v15.4s, v6.4h, v2.4h

----------------
IN: dynopt_dct16_neon_candidate
0x004021d4:  4eafbd6f  addp     v15.4s, v11.4s, v15.4s

----------------
IN: dynopt_dct16_neon_candidate
0x004021d8:  ad4d8beb  ldp      q11, q2, [sp, #0x1b0]

----------------
IN: dynopt_dct16_neon_candidate
0x004021dc:  4eaebdef  addp     v15.4s, v15.4s, v14.4s

----------------
IN: dynopt_dct16_neon_candidate
0x004021e0:  4ea49f8e  mul      v14.4s, v28.4s, v4.4s

----------------
IN: dynopt_dct16_neon_candidate
0x004021e4:  0f168def  rshrn    v15.4h, v15.4s, #0xa

----------------
IN: dynopt_dct16_neon_candidate
0x004021e8:  fd00f42f  str      d15, [x1, #0x1e8]

----------------
IN: dynopt_dct16_neon_candidate
0x004021ec:  4eab9f8f  mul      v15.4s, v28.4s, v11.4s

----------------
IN: dynopt_dct16_neon_candidate
0x004021f0:  4eaebdef  addp     v15.4s, v15.4s, v14.4s

----------------
IN: dynopt_dct16_neon_candidate
0x004021f4:  4ea29f8e  mul      v14.4s, v28.4s, v2.4s

----------------
IN: dynopt_dct16_neon_candidate
0x004021f8:  4eadbdce  addp     v14.4s, v14.4s, v13.4s

----------------
IN: dynopt_dct16_neon_candidate
0x004021fc:  4ea19fad  mul      v13.4s, v29.4s, v1.4s

----------------
IN: dynopt_dct16_neon_candidate
0x00402200:  4eaebdef  addp     v15.4s, v15.4s, v14.4s

----------------
IN: dynopt_dct16_neon_candidate
0x00402204:  4ea49fae  mul      v14.4s, v29.4s, v4.4s

----------------
IN: dynopt_dct16_neon_candidate
0x00402208:  0f168def  rshrn    v15.4h, v15.4s, #0xa

----------------
IN: dynopt_dct16_neon_candidate
0x0040220c:  fd00242f  str      d15, [x1, #0x48]

----------------
IN: dynopt_dct16_neon_candidate
0x00402210:  4eab9faf  mul      v15.4s, v29.4s, v11.4s

----------------
IN: dynopt_dct16_neon_candidate
0x00402214:  4eaebdef  addp     v15.4s, v15.4s, v14.4s

----------------
IN: dynopt_dct16_neon_candidate
0x00402218:  4ea29fae  mul      v14.4s, v29.4s, v2.4s

----------------
IN: dynopt_dct16_neon_candidate
0x0040221c:  4eadbdce  addp     v14.4s, v14.4s, v13.4s

----------------
IN: dynopt_dct16_neon_candidate
0x00402220:  4ea19fcd  mul      v13.4s, v30.4s, v1.4s

----------------
IN: dynopt_dct16_neon_candidate
0x00402224:  4eaebdef  addp     v15.4s, v15.4s, v14.4s

----------------
IN: dynopt_dct16_neon_candidate
0x00402228:  4ea49fce  mul      v14.4s, v30.4s, v4.4s

----------------
IN: dynopt_dct16_neon_candidate
0x0040222c:  0f168def  rshrn    v15.4h, v15.4s, #0xa

----------------
IN: dynopt_dct16_neon_candidate
0x00402230:  fd00642f  str      d15, [x1, #0xc8]

----------------
IN: dynopt_dct16_neon_candidate
0x00402234:  4eab9fcf  mul      v15.4s, v30.4s, v11.4s

----------------
IN: dynopt_dct16_neon_candidate
0x00402238:  4eaebdef  addp     v15.4s, v15.4s, v14.4s

----------------
IN: dynopt_dct16_neon_candidate
0x0040223c:  4ea29fce  mul      v14.4s, v30.4s, v2.4s

----------------
IN: dynopt_dct16_neon_candidate
0x00402240:  4eadbdce  addp     v14.4s, v14.4s, v13.4s

----------------
IN: dynopt_dct16_neon_candidate
0x00402244:  4ea19fed  mul      v13.4s, v31.4s, v1.4s

----------------
IN: dynopt_dct16_neon_candidate
0x00402248:  3dc03fe1  ldr      q1, [sp, #0xf0]

----------------
IN: dynopt_dct16_neon_candidate
0x0040224c:  4eaebdef  addp     v15.4s, v15.4s, v14.4s

----------------
IN: dynopt_dct16_neon_candidate
0x00402250:  4ea49fee  mul      v14.4s, v31.4s, v4.4s

----------------
IN: dynopt_dct16_neon_candidate
0x00402254:  4ea01c04  mov      v4.16b, v0.16b

----------------
IN: dynopt_dct16_neon_candidate
0x00402258:  3dc09fe0  ldr      q0, [sp, #0x270]

----------------
IN: dynopt_dct16_neon_candidate
0x0040225c:  0f168def  rshrn    v15.4h, v15.4s, #0xa

----------------
IN: dynopt_dct16_neon_candidate
0x00402260:  fd00a42f  str      d15, [x1, #0x148]

----------------
IN: dynopt_dct16_neon_candidate
0x00402264:  4eab9fef  mul      v15.4s, v31.4s, v11.4s

----------------
IN: dynopt_dct16_neon_candidate
0x00402268:  3dc037eb  ldr      q11, [sp, #0xd0]

----------------
IN: dynopt_dct16_neon_candidate
0x0040226c:  4eaebdee  addp     v14.4s, v15.4s, v14.4s

----------------
IN: dynopt_dct16_neon_candidate
0x00402270:  4ea29fef  mul      v15.4s, v31.4s, v2.4s

----------------
IN: dynopt_dct16_neon_candidate
0x00402274:  3dc097e2  ldr      q2, [sp, #0x250]

----------------
IN: dynopt_dct16_neon_candidate
0x00402278:  4eadbdef  addp     v15.4s, v15.4s, v13.4s

----------------
IN: dynopt_dct16_neon_candidate
0x0040227c:  4e70c2ad  smull2   v13.4s, v21.8h, v16.8h

----------------
IN: dynopt_dct16_neon_candidate
0x00402280:  4eafbdce  addp     v14.4s, v14.4s, v15.4s

----------------
IN: dynopt_dct16_neon_candidate
0x00402284:  4ea1bd6f  addp     v15.4s, v11.4s, v1.4s

----------------
IN: dynopt_dct16_neon_candidate
0x00402288:  0f168dce  rshrn    v14.4h, v14.4s, #0xa

----------------
IN: dynopt_dct16_neon_candidate
0x0040228c:  4f2655ef  shl      v15.4s, v15.4s, #6

----------------
IN: dynopt_dct16_neon_candidate
0x00402290:  fd00e42e  str      d14, [x1, #0x1c8]

----------------
IN: dynopt_dct16_neon_candidate
0x00402294:  0f168def  rshrn    v15.4h, v15.4s, #0xa

----------------
IN: dynopt_dct16_neon_candidate
0x00402298:  4ea49c0e  mul      v14.4s, v0.4s, v4.4s

----------------
IN: dynopt_dct16_neon_candidate
0x0040229c:  fd00042f  str      d15, [x1, #8]

----------------
IN: dynopt_dct16_neon_candidate
0x004022a0:  4ea49c4f  mul      v15.4s, v2.4s, v4.4s

----------------
IN: dynopt_dct16_neon_candidate
0x004022a4:  4eaebdef  addp     v15.4s, v15.4s, v14.4s

----------------
IN: dynopt_dct16_neon_candidate
0x004022a8:  4ea39c2e  mul      v14.4s, v1.4s, v3.4s

----------------
IN: dynopt_dct16_neon_candidate
0x004022ac:  0f168def  rshrn    v15.4h, v15.4s, #0xa

----------------
IN: dynopt_dct16_neon_candidate
0x004022b0:  fd00442f  str      d15, [x1, #0x88]

----------------
IN: dynopt_dct16_neon_candidate
0x004022b4:  4ea39d6f  mul      v15.4s, v11.4s, v3.4s

----------------
IN: dynopt_dct16_neon_candidate
0x004022b8:  3dc0680b  ldr      q11, [x0, #0x1a0]

----------------
IN: dynopt_dct16_neon_candidate
0x004022bc:  b00002a0  adrp     x0, #0x457000

----------------
IN: dynopt_dct16_neon_candidate
0x004022c0:  4eaebdef  addp     v15.4s, v15.4s, v14.4s

----------------
IN: dynopt_dct16_neon_candidate
0x004022c4:  fd403006  ldr      d6, [x0, #0x60]

----------------
IN: dynopt_dct16_neon_candidate
0x004022c8:  4eab9c0e  mul      v14.4s, v0.4s, v11.4s

----------------
IN: dynopt_dct16_neon_candidate
0x004022cc:  b00002a0  adrp     x0, #0x457000

----------------
IN: dynopt_dct16_neon_candidate
0x004022d0:  0e7080cd  smlal    v13.4s, v6.4h, v16.4h

----------------
IN: dynopt_dct16_neon_candidate
0x004022d4:  0f168def  rshrn    v15.4h, v15.4s, #0xa

----------------
IN: dynopt_dct16_neon_candidate
0x004022d8:  fd00842f  str      d15, [x1, #0x108]

----------------
IN: dynopt_dct16_neon_candidate
0x004022dc:  4eab9c4f  mul      v15.4s, v2.4s, v11.4s

----------------
IN: dynopt_dct16_neon_candidate
0x004022e0:  3dc07be2  ldr      q2, [sp, #0x1e0]

----------------
IN: dynopt_dct16_neon_candidate
0x004022e4:  4e65c2ab  smull2   v11.4s, v21.8h, v5.8h

----------------
IN: dynopt_dct16_neon_candidate
0x004022e8:  4eaebdef  addp     v15.4s, v15.4s, v14.4s

----------------
IN: dynopt_dct16_neon_candidate
0x004022ec:  4e67c2ae  smull2   v14.4s, v21.8h, v7.8h

----------------
IN: dynopt_dct16_neon_candidate
0x004022f0:  0e6580cb  smlal    v11.4s, v6.4h, v5.4h

----------------
IN: dynopt_dct16_neon_candidate
0x004022f4:  0f168def  rshrn    v15.4h, v15.4s, #0xa

----------------
IN: dynopt_dct16_neon_candidate
0x004022f8:  0e6780ce  smlal    v14.4s, v6.4h, v7.4h

----------------
IN: dynopt_dct16_neon_candidate
0x004022fc:  fd00c42f  str      d15, [x1, #0x188]

----------------
IN: dynopt_dct16_neon_candidate
0x00402300:  4e62c2af  smull2   v15.4s, v21.8h, v2.8h

----------------
IN: dynopt_dct16_neon_candidate
0x00402304:  4eadbdce  addp     v14.4s, v14.4s, v13.4s

----------------
IN: dynopt_dct16_neon_candidate
0x00402308:  4e70c2cd  smull2   v13.4s, v22.8h, v16.8h

----------------
IN: dynopt_dct16_neon_candidate
0x0040230c:  0e6280cf  smlal    v15.4s, v6.4h, v2.4h

----------------
IN: dynopt_dct16_neon_candidate
0x00402310:  fd404006  ldr      d6, [x0, #0x80]

----------------
IN: dynopt_dct16_neon_candidate
0x00402314:  b00002a0  adrp     x0, #0x457000

----------------
IN: dynopt_dct16_neon_candidate
0x00402318:  0e7080cd  smlal    v13.4s, v6.4h, v16.4h

----------------
IN: dynopt_dct16_neon_candidate
0x0040231c:  4eafbd6f  addp     v15.4s, v11.4s, v15.4s

----------------
IN: dynopt_dct16_neon_candidate
0x00402320:  4e65c2cb  smull2   v11.4s, v22.8h, v5.8h

----------------
IN: dynopt_dct16_neon_candidate
0x00402324:  4eaebdef  addp     v15.4s, v15.4s, v14.4s

----------------
IN: dynopt_dct16_neon_candidate
0x00402328:  4e67c2ce  smull2   v14.4s, v22.8h, v7.8h

----------------
IN: dynopt_dct16_neon_candidate
0x0040232c:  0e6580cb  smlal    v11.4s, v6.4h, v5.4h

----------------
IN: dynopt_dct16_neon_candidate
0x00402330:  0f168def  rshrn    v15.4h, v15.4s, #0xa

----------------
IN: dynopt_dct16_neon_candidate
0x00402334:  0e6780ce  smlal    v14.4s, v6.4h, v7.4h

----------------
IN: dynopt_dct16_neon_candidate
0x00402338:  fd00182f  str      d15, [x1, #0x30]

----------------
IN: dynopt_dct16_neon_candidate
0x0040233c:  4e62c2cf  smull2   v15.4s, v22.8h, v2.8h

----------------
IN: dynopt_dct16_neon_candidate
0x00402340:  4eadbdce  addp     v14.4s, v14.4s, v13.4s

----------------
IN: dynopt_dct16_neon_candidate
0x00402344:  4e70c2ed  smull2   v13.4s, v23.8h, v16.8h

----------------
IN: dynopt_dct16_neon_candidate
0x00402348:  0e6280cf  smlal    v15.4s, v6.4h, v2.4h

----------------
IN: dynopt_dct16_neon_candidate
0x0040234c:  fd405006  ldr      d6, [x0, #0xa0]

----------------
IN: dynopt_dct16_neon_candidate
0x00402350:  b00002a0  adrp     x0, #0x457000

----------------
IN: dynopt_dct16_neon_candidate
0x00402354:  0e7080cd  smlal    v13.4s, v6.4h, v16.4h

----------------
IN: dynopt_dct16_neon_candidate
0x00402358:  4eafbd6f  addp     v15.4s, v11.4s, v15.4s

----------------
IN: dynopt_dct16_neon_candidate
0x0040235c:  4e65c2eb  smull2   v11.4s, v23.8h, v5.8h

----------------
IN: dynopt_dct16_neon_candidate
0x00402360:  4eaebdef  addp     v15.4s, v15.4s, v14.4s

----------------
IN: dynopt_dct16_neon_candidate
0x00402364:  4e67c2ee  smull2   v14.4s, v23.8h, v7.8h

----------------
IN: dynopt_dct16_neon_candidate
0x00402368:  0e6580cb  smlal    v11.4s, v6.4h, v5.4h

----------------
IN: dynopt_dct16_neon_candidate
0x0040236c:  0f168def  rshrn    v15.4h, v15.4s, #0xa

----------------
IN: dynopt_dct16_neon_candidate
0x00402370:  0e6780ce  smlal    v14.4s, v6.4h, v7.4h

----------------
IN: dynopt_dct16_neon_candidate
0x00402374:  fd00382f  str      d15, [x1, #0x70]

----------------
IN: dynopt_dct16_neon_candidate
0x00402378:  4e62c2ef  smull2   v15.4s, v23.8h, v2.8h

----------------
IN: dynopt_dct16_neon_candidate
0x0040237c:  4eadbdce  addp     v14.4s, v14.4s, v13.4s

----------------
IN: dynopt_dct16_neon_candidate
0x00402380:  4e70c30d  smull2   v13.4s, v24.8h, v16.8h

----------------
IN: dynopt_dct16_neon_candidate
0x00402384:  0e6280cf  smlal    v15.4s, v6.4h, v2.4h

----------------
IN: dynopt_dct16_neon_candidate
0x00402388:  0e70812d  smlal    v13.4s, v9.4h, v16.4h

----------------
IN: dynopt_dct16_neon_candidate
0x0040238c:  4eafbd6f  addp     v15.4s, v11.4s, v15.4s

----------------
IN: dynopt_dct16_neon_candidate
0x00402390:  4e65c30b  smull2   v11.4s, v24.8h, v5.8h

----------------
IN: dynopt_dct16_neon_candidate
0x00402394:  4eaebdef  addp     v15.4s, v15.4s, v14.4s

----------------
IN: dynopt_dct16_neon_candidate
0x00402398:  4e67c30e  smull2   v14.4s, v24.8h, v7.8h

----------------
IN: dynopt_dct16_neon_candidate
0x0040239c:  0e65812b  smlal    v11.4s, v9.4h, v5.4h

----------------
IN: dynopt_dct16_neon_candidate
0x004023a0:  0f168def  rshrn    v15.4h, v15.4s, #0xa

----------------
IN: dynopt_dct16_neon_candidate
0x004023a4:  0e67812e  smlal    v14.4s, v9.4h, v7.4h

----------------
IN: dynopt_dct16_neon_candidate
0x004023a8:  fd00582f  str      d15, [x1, #0xb0]

----------------
IN: dynopt_dct16_neon_candidate
0x004023ac:  4e62c30f  smull2   v15.4s, v24.8h, v2.8h

----------------
IN: dynopt_dct16_neon_candidate
0x004023b0:  4eadbdce  addp     v14.4s, v14.4s, v13.4s

----------------
IN: dynopt_dct16_neon_candidate
0x004023b4:  4e70c32d  smull2   v13.4s, v25.8h, v16.8h

----------------
IN: dynopt_dct16_neon_candidate
0x004023b8:  0e62812f  smlal    v15.4s, v9.4h, v2.4h

----------------
IN: dynopt_dct16_neon_candidate
0x004023bc:  0e70810d  smlal    v13.4s, v8.4h, v16.4h

----------------
IN: dynopt_dct16_neon_candidate
0x004023c0:  4eafbd6f  addp     v15.4s, v11.4s, v15.4s

----------------
IN: dynopt_dct16_neon_candidate
0x004023c4:  4e65c32b  smull2   v11.4s, v25.8h, v5.8h

----------------
IN: dynopt_dct16_neon_candidate
0x004023c8:  4eaebdef  addp     v15.4s, v15.4s, v14.4s

----------------
IN: dynopt_dct16_neon_candidate
0x004023cc:  4e67c32e  smull2   v14.4s, v25.8h, v7.8h

----------------
IN: dynopt_dct16_neon_candidate
0x004023d0:  0e65810b  smlal    v11.4s, v8.4h, v5.4h

----------------
IN: dynopt_dct16_neon_candidate
0x004023d4:  0f168def  rshrn    v15.4h, v15.4s, #0xa

----------------
IN: dynopt_dct16_neon_candidate
0x004023d8:  0e67810e  smlal    v14.4s, v8.4h, v7.4h

----------------
IN: dynopt_dct16_neon_candidate
0x004023dc:  fd00782f  str      d15, [x1, #0xf0]

----------------
IN: dynopt_dct16_neon_candidate
0x004023e0:  4e62c32f  smull2   v15.4s, v25.8h, v2.8h

----------------
IN: dynopt_dct16_neon_candidate
0x004023e4:  4eadbdce  addp     v14.4s, v14.4s, v13.4s

----------------
IN: dynopt_dct16_neon_candidate
0x004023e8:  4e65c18d  smull2   v13.4s, v12.8h, v5.8h

----------------
IN: dynopt_dct16_neon_candidate
0x004023ec:  0e62810f  smlal    v15.4s, v8.4h, v2.4h

----------------
IN: dynopt_dct16_neon_candidate
0x004023f0:  4eafbd6f  addp     v15.4s, v11.4s, v15.4s

----------------
IN: dynopt_dct16_neon_candidate
0x004023f4:  fd40804b  ldr      d11, [x2, #0x100]

----------------
IN: dynopt_dct16_neon_candidate
0x004023f8:  0e65816d  smlal    v13.4s, v11.4h, v5.4h

----------------
IN: dynopt_dct16_neon_candidate
0x004023fc:  4eaebdef  addp     v15.4s, v15.4s, v14.4s

----------------
IN: dynopt_dct16_neon_candidate
0x00402400:  4e67c18e  smull2   v14.4s, v12.8h, v7.8h

----------------
IN: dynopt_dct16_neon_candidate
0x00402404:  0f168def  rshrn    v15.4h, v15.4s, #0xa

----------------
IN: dynopt_dct16_neon_candidate
0x00402408:  0e67816e  smlal    v14.4s, v11.4h, v7.4h

----------------
IN: dynopt_dct16_neon_candidate
0x0040240c:  fd00982f  str      d15, [x1, #0x130]

----------------
IN: dynopt_dct16_neon_candidate
0x00402410:  4e62c18f  smull2   v15.4s, v12.8h, v2.8h

----------------
IN: dynopt_dct16_neon_candidate
0x00402414:  4e70c18c  smull2   v12.4s, v12.8h, v16.8h

----------------
IN: dynopt_dct16_neon_candidate
0x00402418:  0e62816f  smlal    v15.4s, v11.4h, v2.4h

----------------
IN: dynopt_dct16_neon_candidate
0x0040241c:  0e70816c  smlal    v12.4s, v11.4h, v16.4h

----------------
IN: dynopt_dct16_neon_candidate
0x00402420:  fd40a00b  ldr      d11, [x0, #0x140]

----------------
IN: dynopt_dct16_neon_candidate
0x00402424:  b00002a0  adrp     x0, #0x457000

----------------
IN: dynopt_dct16_neon_candidate
0x00402428:  4eafbdaf  addp     v15.4s, v13.4s, v15.4s

----------------
IN: dynopt_dct16_neon_candidate
0x0040242c:  4eacbdce  addp     v14.4s, v14.4s, v12.4s

----------------
IN: dynopt_dct16_neon_candidate
0x00402430:  4e65c36d  smull2   v13.4s, v27.8h, v5.8h

----------------
IN: dynopt_dct16_neon_candidate
0x00402434:  3dc093ec  ldr      q12, [sp, #0x240]

----------------
IN: dynopt_dct16_neon_candidate
0x00402438:  4eaebdef  addp     v15.4s, v15.4s, v14.4s

----------------
IN: dynopt_dct16_neon_candidate
0x0040243c:  4e67c36e  smull2   v14.4s, v27.8h, v7.8h

----------------
IN: dynopt_dct16_neon_candidate
0x00402440:  0e65814d  smlal    v13.4s, v10.4h, v5.4h

----------------
IN: dynopt_dct16_neon_candidate
0x00402444:  0f168def  rshrn    v15.4h, v15.4s, #0xa

----------------
IN: dynopt_dct16_neon_candidate
0x00402448:  0e67814e  smlal    v14.4s, v10.4h, v7.4h

----------------
IN: dynopt_dct16_neon_candidate
0x0040244c:  fd00b82f  str      d15, [x1, #0x170]

----------------
IN: dynopt_dct16_neon_candidate
0x00402450:  4e62c36f  smull2   v15.4s, v27.8h, v2.8h

----------------
IN: dynopt_dct16_neon_candidate
0x00402454:  4e70c37b  smull2   v27.4s, v27.8h, v16.8h

----------------
IN: dynopt_dct16_neon_candidate
0x00402458:  0e62814f  smlal    v15.4s, v10.4h, v2.4h

----------------
IN: dynopt_dct16_neon_candidate
0x0040245c:  0e70815b  smlal    v27.4s, v10.4h, v16.4h

----------------
IN: dynopt_dct16_neon_candidate
0x00402460:  4eafbdaf  addp     v15.4s, v13.4s, v15.4s

----------------
IN: dynopt_dct16_neon_candidate
0x00402464:  4ebbbdce  addp     v14.4s, v14.4s, v27.4s

----------------
IN: dynopt_dct16_neon_candidate
0x00402468:  4e62c29b  smull2   v27.4s, v20.8h, v2.8h

----------------
IN: dynopt_dct16_neon_candidate
0x0040246c:  3dc077ed  ldr      q13, [sp, #0x1d0]

----------------
IN: dynopt_dct16_neon_candidate
0x00402470:  4eaebdef  addp     v15.4s, v15.4s, v14.4s

----------------
IN: dynopt_dct16_neon_candidate
0x00402474:  4e65c28e  smull2   v14.4s, v20.8h, v5.8h

----------------
IN: dynopt_dct16_neon_candidate
0x00402478:  0e62817b  smlal    v27.4s, v11.4h, v2.4h

----------------
IN: dynopt_dct16_neon_candidate
0x0040247c:  0f168def  rshrn    v15.4h, v15.4s, #0xa

----------------
IN: dynopt_dct16_neon_candidate
0x00402480:  0e65816e  smlal    v14.4s, v11.4h, v5.4h

----------------
IN: dynopt_dct16_neon_candidate
0x00402484:  fd00d82f  str      d15, [x1, #0x1b0]

----------------
IN: dynopt_dct16_neon_candidate
0x00402488:  4e67c28f  smull2   v15.4s, v20.8h, v7.8h

----------------
IN: dynopt_dct16_neon_candidate
0x0040248c:  4e70c294  smull2   v20.4s, v20.8h, v16.8h

----------------
IN: dynopt_dct16_neon_candidate
0x00402490:  4ebbbddb  addp     v27.4s, v14.4s, v27.4s

----------------
IN: dynopt_dct16_neon_candidate
0x00402494:  3dc0bbee  ldr      q14, [sp, #0x2e0]

----------------
IN: dynopt_dct16_neon_candidate
0x00402498:  0e708174  smlal    v20.4s, v11.4h, v16.4h

----------------
IN: dynopt_dct16_neon_candidate
0x0040249c:  0e67816f  smlal    v15.4s, v11.4h, v7.4h

----------------
IN: dynopt_dct16_neon_candidate
0x004024a0:  4eac9f90  mul      v16.4s, v28.4s, v12.4s

----------------
IN: dynopt_dct16_neon_candidate
0x004024a4:  4eb4bdef  addp     v15.4s, v15.4s, v20.4s

----------------
IN: dynopt_dct16_neon_candidate
0x004024a8:  4eae9f94  mul      v20.4s, v28.4s, v14.4s

----------------
IN: dynopt_dct16_neon_candidate
0x004024ac:  4eafbf7b  addp     v27.4s, v27.4s, v15.4s

----------------
IN: dynopt_dct16_neon_candidate
0x004024b0:  3dc09bef  ldr      q15, [sp, #0x260]

----------------
IN: dynopt_dct16_neon_candidate
0x004024b4:  0f168f7b  rshrn    v27.4h, v27.4s, #0xa

----------------
IN: dynopt_dct16_neon_candidate
0x004024b8:  fd00f83b  str      d27, [x1, #0x1f0]

----------------
IN: dynopt_dct16_neon_candidate
0x004024bc:  4eaf9f9b  mul      v27.4s, v28.4s, v15.4s

----------------
IN: dynopt_dct16_neon_candidate
0x004024c0:  4eb4bf7b  addp     v27.4s, v27.4s, v20.4s

----------------
IN: dynopt_dct16_neon_candidate
0x004024c4:  4ead9f94  mul      v20.4s, v28.4s, v13.4s

----------------
IN: dynopt_dct16_neon_candidate
0x004024c8:  4eb0be94  addp     v20.4s, v20.4s, v16.4s

----------------
IN: dynopt_dct16_neon_candidate
0x004024cc:  4eac9fb0  mul      v16.4s, v29.4s, v12.4s

----------------
IN: dynopt_dct16_neon_candidate
0x004024d0:  4eb4bf7b  addp     v27.4s, v27.4s, v20.4s

----------------
IN: dynopt_dct16_neon_candidate
0x004024d4:  4eae9fb4  mul      v20.4s, v29.4s, v14.4s

----------------
IN: dynopt_dct16_neon_candidate
0x004024d8:  0f168f7b  rshrn    v27.4h, v27.4s, #0xa

----------------
IN: dynopt_dct16_neon_candidate
0x004024dc:  fd00283b  str      d27, [x1, #0x50]

----------------
IN: dynopt_dct16_neon_candidate
0x004024e0:  4eaf9fbb  mul      v27.4s, v29.4s, v15.4s

----------------
IN: dynopt_dct16_neon_candidate
0x004024e4:  4eb4bf7b  addp     v27.4s, v27.4s, v20.4s

----------------
IN: dynopt_dct16_neon_candidate
0x004024e8:  4ead9fb4  mul      v20.4s, v29.4s, v13.4s

----------------
IN: dynopt_dct16_neon_candidate
0x004024ec:  4eb0be94  addp     v20.4s, v20.4s, v16.4s

----------------
IN: dynopt_dct16_neon_candidate
0x004024f0:  4eac9fd0  mul      v16.4s, v30.4s, v12.4s

----------------
IN: dynopt_dct16_neon_candidate
0x004024f4:  4eb4bf7b  addp     v27.4s, v27.4s, v20.4s

----------------
IN: dynopt_dct16_neon_candidate
0x004024f8:  4eae9fd4  mul      v20.4s, v30.4s, v14.4s

----------------
IN: dynopt_dct16_neon_candidate
0x004024fc:  0f168f7b  rshrn    v27.4h, v27.4s, #0xa

----------------
IN: dynopt_dct16_neon_candidate
0x00402500:  fd00683b  str      d27, [x1, #0xd0]

----------------
IN: dynopt_dct16_neon_candidate
0x00402504:  4eaf9fdb  mul      v27.4s, v30.4s, v15.4s

----------------
IN: dynopt_dct16_neon_candidate
0x00402508:  4eb4bf7b  addp     v27.4s, v27.4s, v20.4s

----------------
IN: dynopt_dct16_neon_candidate
0x0040250c:  4ead9fd4  mul      v20.4s, v30.4s, v13.4s

----------------
IN: dynopt_dct16_neon_candidate
0x00402510:  4eb0be94  addp     v20.4s, v20.4s, v16.4s

----------------
IN: dynopt_dct16_neon_candidate
0x00402514:  4eac9ff0  mul      v16.4s, v31.4s, v12.4s

----------------
IN: dynopt_dct16_neon_candidate
0x00402518:  4eb4bf7b  addp     v27.4s, v27.4s, v20.4s

----------------
IN: dynopt_dct16_neon_candidate
0x0040251c:  4eae9ff4  mul      v20.4s, v31.4s, v14.4s

----------------
IN: dynopt_dct16_neon_candidate
0x00402520:  3dc04fee  ldr      q14, [sp, #0x130]

----------------
IN: dynopt_dct16_neon_candidate
0x00402524:  0f168f7b  rshrn    v27.4h, v27.4s, #0xa

----------------
IN: dynopt_dct16_neon_candidate
0x00402528:  fd00a83b  str      d27, [x1, #0x150]

----------------
IN: dynopt_dct16_neon_candidate
0x0040252c:  4eaf9ffb  mul      v27.4s, v31.4s, v15.4s

----------------
IN: dynopt_dct16_neon_candidate
0x00402530:  3dc0bfef  ldr      q15, [sp, #0x2f0]

----------------
IN: dynopt_dct16_neon_candidate
0x00402534:  4eb4bf74  addp     v20.4s, v27.4s, v20.4s

----------------
IN: dynopt_dct16_neon_candidate
0x00402538:  4ead9ffb  mul      v27.4s, v31.4s, v13.4s

----------------
IN: dynopt_dct16_neon_candidate
0x0040253c:  3dc0abed  ldr      q13, [sp, #0x2a0]

----------------
IN: dynopt_dct16_neon_candidate
0x00402540:  4eb0bf7b  addp     v27.4s, v27.4s, v16.4s

----------------
IN: dynopt_dct16_neon_candidate
0x00402544:  3dc047f0  ldr      q16, [sp, #0x110]

----------------
IN: dynopt_dct16_neon_candidate
0x00402548:  4ebbbe94  addp     v20.4s, v20.4s, v27.4s

----------------
IN: dynopt_dct16_neon_candidate
0x0040254c:  4eaebe1b  addp     v27.4s, v16.4s, v14.4s

----------------
IN: dynopt_dct16_neon_candidate
0x00402550:  0f168e94  rshrn    v20.4h, v20.4s, #0xa

----------------
IN: dynopt_dct16_neon_candidate
0x00402554:  4f26577b  shl      v27.4s, v27.4s, #6

----------------
IN: dynopt_dct16_neon_candidate
0x00402558:  fd00e834  str      d20, [x1, #0x1d0]

----------------
IN: dynopt_dct16_neon_candidate
0x0040255c:  0f168f7b  rshrn    v27.4h, v27.4s, #0xa

----------------
IN: dynopt_dct16_neon_candidate
0x00402560:  4ea49db4  mul      v20.4s, v13.4s, v4.4s

----------------
IN: dynopt_dct16_neon_candidate
0x00402564:  fd00083b  str      d27, [x1, #0x10]

----------------
IN: dynopt_dct16_neon_candidate
0x00402568:  4ea49dfb  mul      v27.4s, v15.4s, v4.4s

----------------
IN: dynopt_dct16_neon_candidate
0x0040256c:  4eb4bf7b  addp     v27.4s, v27.4s, v20.4s

----------------
IN: dynopt_dct16_neon_candidate
0x00402570:  4ea39dd4  mul      v20.4s, v14.4s, v3.4s

----------------
IN: dynopt_dct16_neon_candidate
0x00402574:  0f168f7b  rshrn    v27.4h, v27.4s, #0xa

----------------
IN: dynopt_dct16_neon_candidate
0x00402578:  fd00483b  str      d27, [x1, #0x90]

----------------
IN: dynopt_dct16_neon_candidate
0x0040257c:  4ea39e1b  mul      v27.4s, v16.4s, v3.4s

----------------
IN: dynopt_dct16_neon_candidate
0x00402580:  4e72c2b0  smull2   v16.4s, v21.8h, v18.8h

----------------
IN: dynopt_dct16_neon_candidate
0x00402584:  4eb4bf7b  addp     v27.4s, v27.4s, v20.4s

----------------
IN: dynopt_dct16_neon_candidate
0x00402588:  3dc06814  ldr      q20, [x0, #0x1a0]

----------------
IN: dynopt_dct16_neon_candidate
0x0040258c:  b00002a0  adrp     x0, #0x457000

----------------
IN: dynopt_dct16_neon_candidate
0x00402590:  0f168f7b  rshrn    v27.4h, v27.4s, #0xa

----------------
IN: dynopt_dct16_neon_candidate
0x00402594:  fd00883b  str      d27, [x1, #0x110]

----------------
IN: dynopt_dct16_neon_candidate
0x00402598:  4eb49dfb  mul      v27.4s, v15.4s, v20.4s

----------------
IN: dynopt_dct16_neon_candidate
0x0040259c:  fd40300f  ldr      d15, [x0, #0x60]

----------------
IN: dynopt_dct16_neon_candidate
0x004025a0:  4eb49db4  mul      v20.4s, v13.4s, v20.4s

----------------
IN: dynopt_dct16_neon_candidate
0x004025a4:  b00002a0  adrp     x0, #0x457000

----------------
IN: dynopt_dct16_neon_candidate
0x004025a8:  0e7281f0  smlal    v16.4s, v15.4h, v18.4h

----------------
IN: dynopt_dct16_neon_candidate
0x004025ac:  4eb4bf7b  addp     v27.4s, v27.4s, v20.4s

----------------
IN: dynopt_dct16_neon_candidate
0x004025b0:  4e73c2b4  smull2   v20.4s, v21.8h, v19.8h

----------------
IN: dynopt_dct16_neon_candidate
0x004025b4:  0f168f7b  rshrn    v27.4h, v27.4s, #0xa

----------------
IN: dynopt_dct16_neon_candidate
0x004025b8:  0e7381f4  smlal    v20.4s, v15.4h, v19.4h

----------------
IN: dynopt_dct16_neon_candidate
0x004025bc:  fd00c83b  str      d27, [x1, #0x190]

----------------
IN: dynopt_dct16_neon_candidate
0x004025c0:  4e71c2bb  smull2   v27.4s, v21.8h, v17.8h

----------------
IN: dynopt_dct16_neon_candidate
0x004025c4:  4e7ac2b5  smull2   v21.4s, v21.8h, v26.8h

----------------
IN: dynopt_dct16_neon_candidate
0x004025c8:  0e7181fb  smlal    v27.4s, v15.4h, v17.4h

----------------
IN: dynopt_dct16_neon_candidate
0x004025cc:  0e7a81f5  smlal    v21.4s, v15.4h, v26.4h

----------------
IN: dynopt_dct16_neon_candidate
0x004025d0:  4eb0bf7b  addp     v27.4s, v27.4s, v16.4s

----------------
IN: dynopt_dct16_neon_candidate
0x004025d4:  fd404010  ldr      d16, [x0, #0x80]

----------------
IN: dynopt_dct16_neon_candidate
0x004025d8:  4eb5be95  addp     v21.4s, v20.4s, v21.4s

----------------
IN: dynopt_dct16_neon_candidate
0x004025dc:  b00002a0  adrp     x0, #0x457000

----------------
IN: dynopt_dct16_neon_candidate
0x004025e0:  4e72c2d4  smull2   v20.4s, v22.8h, v18.8h

----------------
IN: dynopt_dct16_neon_candidate
0x004025e4:  4eb5bf7b  addp     v27.4s, v27.4s, v21.4s

----------------
IN: dynopt_dct16_neon_candidate
0x004025e8:  4e73c2d5  smull2   v21.4s, v22.8h, v19.8h

----------------
IN: dynopt_dct16_neon_candidate
0x004025ec:  0e728214  smlal    v20.4s, v16.4h, v18.4h

----------------
IN: dynopt_dct16_neon_candidate
0x004025f0:  0f168f7b  rshrn    v27.4h, v27.4s, #0xa

----------------
IN: dynopt_dct16_neon_candidate
0x004025f4:  0e738215  smlal    v21.4s, v16.4h, v19.4h

----------------
IN: dynopt_dct16_neon_candidate
0x004025f8:  fd001c3b  str      d27, [x1, #0x38]

----------------
IN: dynopt_dct16_neon_candidate
0x004025fc:  4e71c2db  smull2   v27.4s, v22.8h, v17.8h

----------------
IN: dynopt_dct16_neon_candidate
0x00402600:  4e7ac2d6  smull2   v22.4s, v22.8h, v26.8h

----------------
IN: dynopt_dct16_neon_candidate
0x00402604:  0e71821b  smlal    v27.4s, v16.4h, v17.4h

----------------
IN: dynopt_dct16_neon_candidate
0x00402608:  0e7a8216  smlal    v22.4s, v16.4h, v26.4h

----------------
IN: dynopt_dct16_neon_candidate
0x0040260c:  4eb4bf7b  addp     v27.4s, v27.4s, v20.4s

----------------
IN: dynopt_dct16_neon_candidate
0x00402610:  fd405014  ldr      d20, [x0, #0xa0]

----------------
IN: dynopt_dct16_neon_candidate
0x00402614:  4eb6beb6  addp     v22.4s, v21.4s, v22.4s

----------------
IN: dynopt_dct16_neon_candidate
0x00402618:  4e72c2f5  smull2   v21.4s, v23.8h, v18.8h

----------------
IN: dynopt_dct16_neon_candidate
0x0040261c:  4eb6bf7b  addp     v27.4s, v27.4s, v22.4s

----------------
IN: dynopt_dct16_neon_candidate
0x00402620:  4e73c2f6  smull2   v22.4s, v23.8h, v19.8h

----------------
IN: dynopt_dct16_neon_candidate
0x00402624:  0e728295  smlal    v21.4s, v20.4h, v18.4h

----------------
IN: dynopt_dct16_neon_candidate
0x00402628:  0f168f7b  rshrn    v27.4h, v27.4s, #0xa

----------------
IN: dynopt_dct16_neon_candidate
0x0040262c:  0e738296  smlal    v22.4s, v20.4h, v19.4h

----------------
IN: dynopt_dct16_neon_candidate
0x00402630:  fd003c3b  str      d27, [x1, #0x78]

----------------
IN: dynopt_dct16_neon_candidate
0x00402634:  4e71c2fb  smull2   v27.4s, v23.8h, v17.8h

----------------
IN: dynopt_dct16_neon_candidate
0x00402638:  4e7ac2f7  smull2   v23.4s, v23.8h, v26.8h

----------------
IN: dynopt_dct16_neon_candidate
0x0040263c:  0e71829b  smlal    v27.4s, v20.4h, v17.4h

----------------
IN: dynopt_dct16_neon_candidate
0x00402640:  0e7a8297  smlal    v23.4s, v20.4h, v26.4h

----------------
IN: dynopt_dct16_neon_candidate
0x00402644:  fd408054  ldr      d20, [x2, #0x100]

----------------
IN: dynopt_dct16_neon_candidate
0x00402648:  4eb5bf7b  addp     v27.4s, v27.4s, v21.4s

----------------
IN: dynopt_dct16_neon_candidate
0x0040264c:  4eb7bed7  addp     v23.4s, v22.4s, v23.4s

----------------
IN: dynopt_dct16_neon_candidate
0x00402650:  4e72c316  smull2   v22.4s, v24.8h, v18.8h

----------------
IN: dynopt_dct16_neon_candidate
0x00402654:  4eb7bf7b  addp     v27.4s, v27.4s, v23.4s

----------------
IN: dynopt_dct16_neon_candidate
0x00402658:  4e73c317  smull2   v23.4s, v24.8h, v19.8h

----------------
IN: dynopt_dct16_neon_candidate
0x0040265c:  0e728136  smlal    v22.4s, v9.4h, v18.4h

----------------
IN: dynopt_dct16_neon_candidate
0x00402660:  0f168f7b  rshrn    v27.4h, v27.4s, #0xa

----------------
IN: dynopt_dct16_neon_candidate
0x00402664:  0e738137  smlal    v23.4s, v9.4h, v19.4h

----------------
IN: dynopt_dct16_neon_candidate
0x00402668:  fd005c3b  str      d27, [x1, #0xb8]

----------------
IN: dynopt_dct16_neon_candidate
0x0040266c:  4e71c31b  smull2   v27.4s, v24.8h, v17.8h

----------------
IN: dynopt_dct16_neon_candidate
0x00402670:  4e7ac318  smull2   v24.4s, v24.8h, v26.8h

----------------
IN: dynopt_dct16_neon_candidate
0x00402674:  0e71813b  smlal    v27.4s, v9.4h, v17.4h

----------------
IN: dynopt_dct16_neon_candidate
0x00402678:  0e7a8138  smlal    v24.4s, v9.4h, v26.4h

----------------
IN: dynopt_dct16_neon_candidate
0x0040267c:  4eb6bf7b  addp     v27.4s, v27.4s, v22.4s

----------------
IN: dynopt_dct16_neon_candidate
0x00402680:  fd406876  ldr      d22, [x3, #0xd0]

----------------
IN: dynopt_dct16_neon_candidate
0x00402684:  4eb8bef8  addp     v24.4s, v23.4s, v24.4s

----------------
IN: dynopt_dct16_neon_candidate
0x00402688:  4e72c337  smull2   v23.4s, v25.8h, v18.8h

----------------
IN: dynopt_dct16_neon_candidate
0x0040268c:  4eb8bf7b  addp     v27.4s, v27.4s, v24.4s

----------------
IN: dynopt_dct16_neon_candidate
0x00402690:  4e73c338  smull2   v24.4s, v25.8h, v19.8h

----------------
IN: dynopt_dct16_neon_candidate
0x00402694:  0e728117  smlal    v23.4s, v8.4h, v18.4h

----------------
IN: dynopt_dct16_neon_candidate
0x00402698:  0f168f7b  rshrn    v27.4h, v27.4s, #0xa

----------------
IN: dynopt_dct16_neon_candidate
0x0040269c:  0e738118  smlal    v24.4s, v8.4h, v19.4h

----------------
IN: dynopt_dct16_neon_candidate
0x004026a0:  fd007c3b  str      d27, [x1, #0xf8]

----------------
IN: dynopt_dct16_neon_candidate
0x004026a4:  4e71c33b  smull2   v27.4s, v25.8h, v17.8h

----------------
IN: dynopt_dct16_neon_candidate
0x004026a8:  4e7ac339  smull2   v25.4s, v25.8h, v26.8h

----------------
IN: dynopt_dct16_neon_candidate
0x004026ac:  0e71811b  smlal    v27.4s, v8.4h, v17.4h

----------------
IN: dynopt_dct16_neon_candidate
0x004026b0:  0e7a8119  smlal    v25.4s, v8.4h, v26.4h

----------------
IN: dynopt_dct16_neon_candidate
0x004026b4:  4eb7bf7b  addp     v27.4s, v27.4s, v23.4s

----------------
IN: dynopt_dct16_neon_candidate
0x004026b8:  4eb9bf19  addp     v25.4s, v24.4s, v25.4s

----------------
IN: dynopt_dct16_neon_candidate
0x004026bc:  4eb9bf7b  addp     v27.4s, v27.4s, v25.4s

----------------
IN: dynopt_dct16_neon_candidate
0x004026c0:  3dc03879  ldr      q25, [x3, #0xe0]

----------------
IN: dynopt_dct16_neon_candidate
0x004026c4:  0f168f7b  rshrn    v27.4h, v27.4s, #0xa

----------------
IN: dynopt_dct16_neon_candidate
0x004026c8:  4e72c337  smull2   v23.4s, v25.8h, v18.8h

----------------
IN: dynopt_dct16_neon_candidate
0x004026cc:  4e73c338  smull2   v24.4s, v25.8h, v19.8h

----------------
IN: dynopt_dct16_neon_candidate
0x004026d0:  fd009c3b  str      d27, [x1, #0x138]

----------------
IN: dynopt_dct16_neon_candidate
0x004026d4:  4e71c33b  smull2   v27.4s, v25.8h, v17.8h

----------------
IN: dynopt_dct16_neon_candidate
0x004026d8:  4e7ac339  smull2   v25.4s, v25.8h, v26.8h

----------------
IN: dynopt_dct16_neon_candidate
0x004026dc:  0e7282d7  smlal    v23.4s, v22.4h, v18.4h

----------------
IN: dynopt_dct16_neon_candidate
0x004026e0:  0e7382d8  smlal    v24.4s, v22.4h, v19.4h

----------------
IN: dynopt_dct16_neon_candidate
0x004026e4:  0e71829b  smlal    v27.4s, v20.4h, v17.4h

----------------
IN: dynopt_dct16_neon_candidate
0x004026e8:  0e7a82d9  smlal    v25.4s, v22.4h, v26.4h

----------------
IN: dynopt_dct16_neon_candidate
0x004026ec:  4eb7bf7b  addp     v27.4s, v27.4s, v23.4s

----------------
IN: dynopt_dct16_neon_candidate
0x004026f0:  4eb9bf19  addp     v25.4s, v24.4s, v25.4s

----------------
IN: dynopt_dct16_neon_candidate
0x004026f4:  4eb9bf7b  addp     v27.4s, v27.4s, v25.4s

----------------
IN: dynopt_dct16_neon_candidate
0x004026f8:  3dc04079  ldr      q25, [x3, #0x100]

----------------
IN: dynopt_dct16_neon_candidate
0x004026fc:  fd408877  ldr      d23, [x3, #0x110]

----------------
IN: dynopt_dct16_neon_candidate
0x00402700:  0f168f7b  rshrn    v27.4h, v27.4s, #0xa

----------------
IN: dynopt_dct16_neon_candidate
0x00402704:  4e72c336  smull2   v22.4s, v25.8h, v18.8h

----------------
IN: dynopt_dct16_neon_candidate
0x00402708:  4e73c338  smull2   v24.4s, v25.8h, v19.8h

----------------
IN: dynopt_dct16_neon_candidate
0x0040270c:  6d4027e8  ldp      d8, d9, [sp]

----------------
IN: dynopt_dct16_neon_candidate
0x00402710:  fd00bc3b  str      d27, [x1, #0x178]

----------------
IN: dynopt_dct16_neon_candidate
0x00402714:  4e71c33b  smull2   v27.4s, v25.8h, v17.8h

----------------
IN: dynopt_dct16_neon_candidate
0x00402718:  4e7ac339  smull2   v25.4s, v25.8h, v26.8h

----------------
IN: dynopt_dct16_neon_candidate
0x0040271c:  0e728156  smlal    v22.4s, v10.4h, v18.4h

----------------
IN: dynopt_dct16_neon_candidate
0x00402720:  0e738158  smlal    v24.4s, v10.4h, v19.4h

----------------
IN: dynopt_dct16_neon_candidate
0x00402724:  0e71815b  smlal    v27.4s, v10.4h, v17.4h

----------------
IN: dynopt_dct16_neon_candidate
0x00402728:  0e7a8159  smlal    v25.4s, v10.4h, v26.4h

----------------
IN: dynopt_dct16_neon_candidate
0x0040272c:  6d4237ec  ldp      d12, d13, [sp, #0x20]

----------------
IN: dynopt_dct16_neon_candidate
0x00402730:  4eb6bf7b  addp     v27.4s, v27.4s, v22.4s

----------------
IN: dynopt_dct16_neon_candidate
0x00402734:  4eb9bf19  addp     v25.4s, v24.4s, v25.4s

----------------
IN: dynopt_dct16_neon_candidate
0x00402738:  6d412fea  ldp      d10, d11, [sp, #0x10]

----------------
IN: dynopt_dct16_neon_candidate
0x0040273c:  6d433fee  ldp      d14, d15, [sp, #0x30]

----------------
IN: dynopt_dct16_neon_candidate
0x00402740:  4eb9bf7b  addp     v27.4s, v27.4s, v25.4s

----------------
IN: dynopt_dct16_neon_candidate
0x00402744:  3dc04879  ldr      q25, [x3, #0x120]

----------------
IN: dynopt_dct16_neon_candidate
0x00402748:  0f168f7b  rshrn    v27.4h, v27.4s, #0xa

----------------
IN: dynopt_dct16_neon_candidate
0x0040274c:  4e72c336  smull2   v22.4s, v25.8h, v18.8h

----------------
IN: dynopt_dct16_neon_candidate
0x00402750:  4e73c338  smull2   v24.4s, v25.8h, v19.8h

----------------
IN: dynopt_dct16_neon_candidate
0x00402754:  fd00dc3b  str      d27, [x1, #0x1b8]

----------------
IN: dynopt_dct16_neon_candidate
0x00402758:  4e71c33b  smull2   v27.4s, v25.8h, v17.8h

----------------
IN: dynopt_dct16_neon_candidate
0x0040275c:  4e7ac339  smull2   v25.4s, v25.8h, v26.8h

----------------
IN: dynopt_dct16_neon_candidate
0x00402760:  0e7282f6  smlal    v22.4s, v23.4h, v18.4h

----------------
IN: dynopt_dct16_neon_candidate
0x00402764:  0e7382f8  smlal    v24.4s, v23.4h, v19.4h

----------------
IN: dynopt_dct16_neon_candidate
0x00402768:  0e7182fb  smlal    v27.4s, v23.4h, v17.4h

----------------
IN: dynopt_dct16_neon_candidate
0x0040276c:  0e7a82f9  smlal    v25.4s, v23.4h, v26.4h

----------------
IN: dynopt_dct16_neon_candidate
0x00402770:  3dc017f7  ldr      q23, [sp, #0x50]

----------------
IN: dynopt_dct16_neon_candidate
0x00402774:  4eb6bf7b  addp     v27.4s, v27.4s, v22.4s

----------------
IN: dynopt_dct16_neon_candidate
0x00402778:  4eb9bf1a  addp     v26.4s, v24.4s, v25.4s

----------------
IN: dynopt_dct16_neon_candidate
0x0040277c:  3dc07ff9  ldr      q25, [sp, #0x1f0]

----------------
IN: dynopt_dct16_neon_candidate
0x00402780:  ad5463f6  ldp      q22, q24, [sp, #0x280]

----------------
IN: dynopt_dct16_neon_candidate
0x00402784:  4ebabf7b  addp     v27.4s, v27.4s, v26.4s

----------------
IN: dynopt_dct16_neon_candidate
0x00402788:  4eb89f9a  mul      v26.4s, v28.4s, v24.4s

----------------
IN: dynopt_dct16_neon_candidate
0x0040278c:  0f168f7b  rshrn    v27.4h, v27.4s, #0xa

----------------
IN: dynopt_dct16_neon_candidate
0x00402790:  fd00fc3b  str      d27, [x1, #0x1f8]

----------------
IN: dynopt_dct16_neon_candidate
0x00402794:  4eb99f9b  mul      v27.4s, v28.4s, v25.4s

----------------
IN: dynopt_dct16_neon_candidate
0x00402798:  4ebabf7b  addp     v27.4s, v27.4s, v26.4s

----------------
IN: dynopt_dct16_neon_candidate
0x0040279c:  4eb79f9a  mul      v26.4s, v28.4s, v23.4s

----------------
IN: dynopt_dct16_neon_candidate
0x004027a0:  4eb69f9c  mul      v28.4s, v28.4s, v22.4s

----------------
IN: dynopt_dct16_neon_candidate
0x004027a4:  4ebcbf5c  addp     v28.4s, v26.4s, v28.4s

----------------
IN: dynopt_dct16_neon_candidate
0x004027a8:  3dc05ffa  ldr      q26, [sp, #0x170]

----------------
IN: dynopt_dct16_neon_candidate
0x004027ac:  4ebcbf7b  addp     v27.4s, v27.4s, v28.4s

----------------
IN: dynopt_dct16_neon_candidate
0x004027b0:  4eb99fbc  mul      v28.4s, v29.4s, v25.4s

----------------
IN: dynopt_dct16_neon_candidate
0x004027b4:  0f168f7b  rshrn    v27.4h, v27.4s, #0xa

----------------
IN: dynopt_dct16_neon_candidate
0x004027b8:  fd002c3b  str      d27, [x1, #0x58]

----------------
IN: dynopt_dct16_neon_candidate
0x004027bc:  4eb89fbb  mul      v27.4s, v29.4s, v24.4s

----------------
IN: dynopt_dct16_neon_candidate
0x004027c0:  4ebbbf9c  addp     v28.4s, v28.4s, v27.4s

----------------
IN: dynopt_dct16_neon_candidate
0x004027c4:  4eb79fbb  mul      v27.4s, v29.4s, v23.4s

----------------
IN: dynopt_dct16_neon_candidate
0x004027c8:  4eb69fbd  mul      v29.4s, v29.4s, v22.4s

----------------
IN: dynopt_dct16_neon_candidate
0x004027cc:  4ebdbf7d  addp     v29.4s, v27.4s, v29.4s

----------------
IN: dynopt_dct16_neon_candidate
0x004027d0:  4ebdbf9c  addp     v28.4s, v28.4s, v29.4s

----------------
IN: dynopt_dct16_neon_candidate
0x004027d4:  4eb99fdd  mul      v29.4s, v30.4s, v25.4s

----------------
IN: dynopt_dct16_neon_candidate
0x004027d8:  0f168f9c  rshrn    v28.4h, v28.4s, #0xa

----------------
IN: dynopt_dct16_neon_candidate
0x004027dc:  fd006c3c  str      d28, [x1, #0xd8]

----------------
IN: dynopt_dct16_neon_candidate
0x004027e0:  4eb89fdc  mul      v28.4s, v30.4s, v24.4s

----------------
IN: dynopt_dct16_neon_candidate
0x004027e4:  4ebcbfbd  addp     v29.4s, v29.4s, v28.4s

----------------
IN: dynopt_dct16_neon_candidate
0x004027e8:  4eb79fdc  mul      v28.4s, v30.4s, v23.4s

----------------
IN: dynopt_dct16_neon_candidate
0x004027ec:  4eb69fde  mul      v30.4s, v30.4s, v22.4s

----------------
IN: dynopt_dct16_neon_candidate
0x004027f0:  4ebebf9e  addp     v30.4s, v28.4s, v30.4s

----------------
IN: dynopt_dct16_neon_candidate
0x004027f4:  3dc057fc  ldr      q28, [sp, #0x150]

----------------
IN: dynopt_dct16_neon_candidate
0x004027f8:  4ebebfbd  addp     v29.4s, v29.4s, v30.4s

----------------
IN: dynopt_dct16_neon_candidate
0x004027fc:  4eb99ffe  mul      v30.4s, v31.4s, v25.4s

----------------
IN: dynopt_dct16_neon_candidate
0x00402800:  ad55e7fb  ldp      q27, q25, [sp, #0x2b0]

----------------
IN: dynopt_dct16_neon_candidate
0x00402804:  0f168fbd  rshrn    v29.4h, v29.4s, #0xa

----------------
IN: dynopt_dct16_neon_candidate
0x00402808:  fd00ac3d  str      d29, [x1, #0x158]

----------------
IN: dynopt_dct16_neon_candidate
0x0040280c:  4eb89ffd  mul      v29.4s, v31.4s, v24.4s

----------------
IN: dynopt_dct16_neon_candidate
0x00402810:  4ebdbfde  addp     v30.4s, v30.4s, v29.4s

----------------
IN: dynopt_dct16_neon_candidate
0x00402814:  4eb79ffd  mul      v29.4s, v31.4s, v23.4s

----------------
IN: dynopt_dct16_neon_candidate
0x00402818:  4eb69fff  mul      v31.4s, v31.4s, v22.4s

----------------
IN: dynopt_dct16_neon_candidate
0x0040281c:  4ebfbfbf  addp     v31.4s, v29.4s, v31.4s

----------------
IN: dynopt_dct16_neon_candidate
0x00402820:  4ebfbfde  addp     v30.4s, v30.4s, v31.4s

----------------
IN: dynopt_dct16_neon_candidate
0x00402824:  4ebabf9f  addp     v31.4s, v28.4s, v26.4s

----------------
IN: dynopt_dct16_neon_candidate
0x00402828:  0f168fde  rshrn    v30.4h, v30.4s, #0xa

----------------
IN: dynopt_dct16_neon_candidate
0x0040282c:  4f2657ff  shl      v31.4s, v31.4s, #6

----------------
IN: dynopt_dct16_neon_candidate
0x00402830:  fd00ec3e  str      d30, [x1, #0x1d8]

----------------
IN: dynopt_dct16_neon_candidate
0x00402834:  0f168fff  rshrn    v31.4h, v31.4s, #0xa

----------------
IN: dynopt_dct16_neon_candidate
0x00402838:  ad4af47e  ldp      q30, q29, [x3, #0x150]

----------------
IN: dynopt_dct16_neon_candidate
0x0040283c:  fd000c3f  str      d31, [x1, #0x18]

----------------
IN: dynopt_dct16_neon_candidate
0x00402840:  4ebe9f7f  mul      v31.4s, v27.4s, v30.4s

----------------
IN: dynopt_dct16_neon_candidate
0x00402844:  4ebe9f3e  mul      v30.4s, v25.4s, v30.4s

----------------
IN: dynopt_dct16_neon_candidate
0x00402848:  4ebebfff  addp     v31.4s, v31.4s, v30.4s

----------------
IN: dynopt_dct16_neon_candidate
0x0040284c:  4ebd9f5e  mul      v30.4s, v26.4s, v29.4s

----------------
IN: dynopt_dct16_neon_candidate
0x00402850:  0f168fff  rshrn    v31.4h, v31.4s, #0xa

----------------
IN: dynopt_dct16_neon_candidate
0x00402854:  fd004c3f  str      d31, [x1, #0x98]

----------------
IN: dynopt_dct16_neon_candidate
0x00402858:  4ebd9f9f  mul      v31.4s, v28.4s, v29.4s

----------------
IN: dynopt_dct16_neon_candidate
0x0040285c:  4ebebfff  addp     v31.4s, v31.4s, v30.4s

----------------
IN: dynopt_dct16_neon_candidate
0x00402860:  3dc05c7e  ldr      q30, [x3, #0x170]

----------------
IN: dynopt_dct16_neon_candidate
0x00402864:  0f168fff  rshrn    v31.4h, v31.4s, #0xa

----------------
IN: dynopt_dct16_neon_candidate
0x00402868:  fd008c3f  str      d31, [x1, #0x118]

----------------
IN: dynopt_dct16_neon_candidate
0x0040286c:  4ebe9f7f  mul      v31.4s, v27.4s, v30.4s

----------------
IN: dynopt_dct16_neon_candidate
0x00402870:  4ebe9f3e  mul      v30.4s, v25.4s, v30.4s

----------------
IN: dynopt_dct16_neon_candidate
0x00402874:  4ebebfff  addp     v31.4s, v31.4s, v30.4s

----------------
IN: dynopt_dct16_neon_candidate
0x00402878:  0f168fff  rshrn    v31.4h, v31.4s, #0xa

----------------
IN: dynopt_dct16_neon_candidate
0x0040287c:  fd00cc3f  str      d31, [x1, #0x198]

----------------
IN: dynopt_dct16_neon_candidate
0x00402880:  911043ff  add      sp, sp, #0x410

----------------
IN: dynopt_dct16_neon_candidate
0x00402884:  d65f03c0  ret      

----------------
IN: call_fini
0x004028a0:  a9be7bfd  stp      x29, x30, [sp, #-0x20]!

